2025-11-06 15:04:38.228 +05:30 [INF] User profile is available. Using 'C:\Users\abdul\AppData\Local\ASP.NET\DataProtection-Keys' as key repository and Windows DPAPI to encrypt keys at rest.
2025-11-06 15:04:39.522 +05:30 [INF] Now listening on: https://localhost:7186
2025-11-06 15:04:39.530 +05:30 [INF] Now listening on: http://localhost:5216
2025-11-06 15:04:40.199 +05:30 [INF] Application started. Press Ctrl+C to shut down.
2025-11-06 15:04:40.213 +05:30 [INF] Hosting environment: Development
2025-11-06 15:04:40.269 +05:30 [INF] Content root path: C:\Users\abdul\Source\Repos\SkillAssesmentPortal
2025-11-06 15:04:41.428 +05:30 [INF] Request starting HTTP/2 GET https://localhost:7186/swagger/index.html - null null
2025-11-06 15:04:42.302 +05:30 [INF] Request finished HTTP/2 GET https://localhost:7186/swagger/index.html - 200 null text/html;charset=utf-8 916.926ms
2025-11-06 15:04:42.351 +05:30 [INF] Request starting HTTP/2 GET https://localhost:7186/_framework/aspnetcore-browser-refresh.js - null null
2025-11-06 15:04:42.351 +05:30 [INF] Request starting HTTP/2 GET https://localhost:7186/_vs/browserLink - null null
2025-11-06 15:04:42.372 +05:30 [INF] Request finished HTTP/2 GET https://localhost:7186/_framework/aspnetcore-browser-refresh.js - 200 16525 application/javascript; charset=utf-8 21.5182ms
2025-11-06 15:04:42.488 +05:30 [INF] Request finished HTTP/2 GET https://localhost:7186/_vs/browserLink - 200 null text/javascript; charset=UTF-8 137.461ms
2025-11-06 15:04:42.594 +05:30 [INF] Request starting HTTP/2 GET https://localhost:7186/swagger/v1/swagger.json - null null
2025-11-06 15:04:42.696 +05:30 [INF] Request finished HTTP/2 GET https://localhost:7186/swagger/v1/swagger.json - 200 null application/json;charset=utf-8 104.0985ms
2025-11-06 15:05:12.467 +05:30 [INF] Request starting HTTP/2 POST https://localhost:7186/api/Auth/login - application/json 58
2025-11-06 15:05:12.495 +05:30 [INF] CORS policy execution successful.
2025-11-06 15:05:12.755 +05:30 [INF] Executing endpoint 'SkillAssessmentPortal.Controllers.AuthController.Login (SkillAssesmentPortal)'
2025-11-06 15:05:12.884 +05:30 [INF] Route matched with {action = "Login", controller = "Auth"}. Executing controller action with signature System.Threading.Tasks.Task`1[Microsoft.AspNetCore.Mvc.IActionResult] Login(SkillAssessmentPortal.DTOs.Auth.LoginDto) on controller SkillAssessmentPortal.Controllers.AuthController (SkillAssesmentPortal).
2025-11-06 15:05:14.067 +05:30 [INF] Login attempt for email: abd***
2025-11-06 15:05:19.874 +05:30 [INF] Executed DbCommand (392ms) [Parameters=[@__email_0='?' (Size = 150)], CommandType='"Text"', CommandTimeout='30']
SELECT TOP(1) [u].[UserId], [u].[CreatedAt], [u].[Email], [u].[Name], [u].[PasswordHash], [u].[Role]
FROM [Users] AS [u]
WHERE [u].[Email] = @__email_0
2025-11-06 15:05:21.201 +05:30 [INF] Login successful for UserId: 8, Role: "User"
2025-11-06 15:05:21.239 +05:30 [INF] Executing OkObjectResult, writing value of type 'SkillAssessmentPortal.DTOs.Auth.LoginResponseDto'.
2025-11-06 15:05:21.273 +05:30 [INF] Executed action SkillAssessmentPortal.Controllers.AuthController.Login (SkillAssesmentPortal) in 8371.0484ms
2025-11-06 15:05:21.282 +05:30 [INF] Executed endpoint 'SkillAssessmentPortal.Controllers.AuthController.Login (SkillAssesmentPortal)'
2025-11-06 15:05:21.319 +05:30 [INF] Request finished HTTP/2 POST https://localhost:7186/api/Auth/login - 200 null application/json; charset=utf-8 8852.803ms
2025-11-06 15:05:54.379 +05:30 [INF] Request starting HTTP/2 GET https://localhost:7186/api/User - null null
2025-11-06 15:05:54.651 +05:30 [INF] Executing endpoint 'SkillAssessmentPortal.Controllers.UserController.GetAll (SkillAssesmentPortal)'
2025-11-06 15:05:54.676 +05:30 [INF] Route matched with {action = "GetAll", controller = "User"}. Executing controller action with signature System.Threading.Tasks.Task`1[Microsoft.AspNetCore.Mvc.IActionResult] GetAll() on controller SkillAssessmentPortal.Controllers.UserController (SkillAssesmentPortal).
2025-11-06 15:05:54.693 +05:30 [INF] GET /api/User - Fetching all users
2025-11-06 15:05:54.823 +05:30 [INF] Executed DbCommand (18ms) [Parameters=[], CommandType='"Text"', CommandTimeout='30']
SELECT [u].[UserId], [u].[CreatedAt], [u].[Email], [u].[Name], [u].[PasswordHash], [u].[Role]
FROM [Users] AS [u]
2025-11-06 15:05:54.839 +05:30 [INF] Successfully retrieved 4 users
2025-11-06 15:05:54.843 +05:30 [INF] Executing OkObjectResult, writing value of type 'System.Linq.Enumerable+SelectListIterator`2[[SkillAssessmentPortal.Models.User, SkillAssesmentPortal, Version=1.0.0.0, Culture=neutral, PublicKeyToken=null],[SkillAssessmentPortal.DTOs.User.UserResponseDto, SkillAssesmentPortal, Version=1.0.0.0, Culture=neutral, PublicKeyToken=null]]'.
2025-11-06 15:05:54.874 +05:30 [INF] Executed action SkillAssessmentPortal.Controllers.UserController.GetAll (SkillAssesmentPortal) in 191.7309ms
2025-11-06 15:05:54.877 +05:30 [INF] Executed endpoint 'SkillAssessmentPortal.Controllers.UserController.GetAll (SkillAssesmentPortal)'
2025-11-06 15:05:54.883 +05:30 [INF] Request finished HTTP/2 GET https://localhost:7186/api/User - 200 null application/json; charset=utf-8 505.2731ms
2025-11-06 15:39:05.710 +05:30 [INF] User profile is available. Using 'C:\Users\abdul\AppData\Local\ASP.NET\DataProtection-Keys' as key repository and Windows DPAPI to encrypt keys at rest.
2025-11-06 15:39:06.936 +05:30 [INF] Now listening on: https://localhost:7186
2025-11-06 15:39:06.941 +05:30 [INF] Now listening on: http://localhost:5216
2025-11-06 15:39:07.446 +05:30 [INF] Application started. Press Ctrl+C to shut down.
2025-11-06 15:39:07.452 +05:30 [INF] Hosting environment: Development
2025-11-06 15:39:07.457 +05:30 [INF] Content root path: C:\Users\abdul\Source\Repos\SkillAssesmentPortal
2025-11-06 15:39:09.041 +05:30 [INF] Request starting HTTP/2 GET https://localhost:7186/swagger/index.html - null null
2025-11-06 15:39:10.862 +05:30 [INF] Request starting HTTP/2 GET https://localhost:7186/_framework/aspnetcore-browser-refresh.js - null null
2025-11-06 15:39:10.864 +05:30 [INF] Request starting HTTP/2 GET https://localhost:7186/_vs/browserLink - null null
2025-11-06 15:39:10.900 +05:30 [INF] Request finished HTTP/2 GET https://localhost:7186/swagger/index.html - 200 null text/html;charset=utf-8 1906.8615ms
2025-11-06 15:39:11.104 +05:30 [INF] Request finished HTTP/2 GET https://localhost:7186/_framework/aspnetcore-browser-refresh.js - 200 16525 application/javascript; charset=utf-8 243.4363ms
2025-11-06 15:39:11.542 +05:30 [INF] Request finished HTTP/2 GET https://localhost:7186/_vs/browserLink - 200 null text/javascript; charset=UTF-8 678.4521ms
2025-11-06 15:39:11.798 +05:30 [INF] Request starting HTTP/2 GET https://localhost:7186/swagger/v1/swagger.json - null null
2025-11-06 15:39:12.262 +05:30 [INF] Request finished HTTP/2 GET https://localhost:7186/swagger/v1/swagger.json - 200 null application/json;charset=utf-8 467.6521ms
2025-11-06 15:39:48.024 +05:30 [INF] Request starting HTTP/2 POST https://localhost:7186/api/Auth/login - application/json 58
2025-11-06 15:39:48.058 +05:30 [INF] CORS policy execution successful.
2025-11-06 15:39:48.390 +05:30 [INF] Executing endpoint 'SkillAssessmentPortal.Controllers.AuthController.Login (SkillAssesmentPortal)'
2025-11-06 15:39:48.499 +05:30 [INF] Route matched with {action = "Login", controller = "Auth"}. Executing controller action with signature System.Threading.Tasks.Task`1[Microsoft.AspNetCore.Mvc.IActionResult] Login(SkillAssessmentPortal.DTOs.Auth.LoginDto) on controller SkillAssessmentPortal.Controllers.AuthController (SkillAssesmentPortal).
2025-11-06 15:39:49.547 +05:30 [INF] Login attempt for email: abd***
2025-11-06 15:39:55.751 +05:30 [INF] Executed DbCommand (466ms) [Parameters=[@__email_0='?' (Size = 150)], CommandType='"Text"', CommandTimeout='30']
SELECT TOP(1) [u].[UserId], [u].[CreatedAt], [u].[Email], [u].[Name], [u].[PasswordHash], [u].[Role]
FROM [Users] AS [u]
WHERE [u].[Email] = @__email_0
2025-11-06 15:39:57.066 +05:30 [INF] Generating JWT token for UserId: 8, Role: "User"
2025-11-06 15:39:57.190 +05:30 [INF] JWT token generated successfully for UserId: 8, expires: "2025-11-08T15:39:57.0741259+05:30"
2025-11-06 15:39:57.200 +05:30 [INF] Login successful for UserId: 8, Role: "User"
2025-11-06 15:39:57.243 +05:30 [INF] Executing OkObjectResult, writing value of type 'SkillAssessmentPortal.DTOs.Auth.LoginResponseDto'.
2025-11-06 15:39:57.279 +05:30 [INF] Executed action SkillAssessmentPortal.Controllers.AuthController.Login (SkillAssesmentPortal) in 8761.0757ms
2025-11-06 15:39:57.288 +05:30 [INF] Executed endpoint 'SkillAssessmentPortal.Controllers.AuthController.Login (SkillAssesmentPortal)'
2025-11-06 15:39:57.323 +05:30 [INF] Request finished HTTP/2 POST https://localhost:7186/api/Auth/login - 200 null application/json; charset=utf-8 9301.6735ms
2025-11-06 15:40:34.421 +05:30 [INF] Request starting HTTP/2 GET https://localhost:7186/api/Category - null null
2025-11-06 15:40:34.670 +05:30 [INF] Executing endpoint 'SkillAssessmentPortal.Controllers.CategoryController.GetAll (SkillAssesmentPortal)'
2025-11-06 15:40:34.695 +05:30 [INF] Route matched with {action = "GetAll", controller = "Category"}. Executing controller action with signature System.Threading.Tasks.Task`1[Microsoft.AspNetCore.Mvc.IActionResult] GetAll() on controller SkillAssessmentPortal.Controllers.CategoryController (SkillAssesmentPortal).
2025-11-06 15:40:34.713 +05:30 [INF] GET /api/Category - Fetching all categories
2025-11-06 15:40:34.725 +05:30 [INF] Fetching all categories from database
2025-11-06 15:40:34.880 +05:30 [INF] Executed DbCommand (45ms) [Parameters=[], CommandType='"Text"', CommandTimeout='30']
SELECT [c].[CategoryId], [c].[CategoryName], [c].[Description]
FROM [Categories] AS [c]
2025-11-06 15:40:34.893 +05:30 [INF] Successfully retrieved 3 categories
2025-11-06 15:40:34.899 +05:30 [INF] Successfully retrieved 3 categories
2025-11-06 15:40:34.904 +05:30 [INF] Executing OkObjectResult, writing value of type 'System.Linq.Enumerable+SelectListIterator`2[[SkillAssessmentPortal.Models.Category, SkillAssesmentPortal, Version=1.0.0.0, Culture=neutral, PublicKeyToken=null],[SkillAssessmentPortal.DTOs.Category.CategoryResponseDto, SkillAssesmentPortal, Version=1.0.0.0, Culture=neutral, PublicKeyToken=null]]'.
2025-11-06 15:40:34.913 +05:30 [INF] Executed action SkillAssessmentPortal.Controllers.CategoryController.GetAll (SkillAssesmentPortal) in 210.5289ms
2025-11-06 15:40:34.915 +05:30 [INF] Executed endpoint 'SkillAssessmentPortal.Controllers.CategoryController.GetAll (SkillAssesmentPortal)'
2025-11-06 15:40:34.917 +05:30 [INF] Request finished HTTP/2 GET https://localhost:7186/api/Category - 200 null application/json; charset=utf-8 499.2938ms
2025-11-06 15:41:06.127 +05:30 [INF] Request starting HTTP/2 GET https://localhost:7186/api/Test - null null
2025-11-06 15:41:06.160 +05:30 [INF] Executing endpoint 'SkillAssessmentPortal.Controllers.TestController.GetAll (SkillAssesmentPortal)'
2025-11-06 15:41:06.182 +05:30 [INF] Route matched with {action = "GetAll", controller = "Test"}. Executing controller action with signature System.Threading.Tasks.Task`1[Microsoft.AspNetCore.Mvc.IActionResult] GetAll() on controller SkillAssessmentPortal.Controllers.TestController (SkillAssesmentPortal).
2025-11-06 15:41:06.217 +05:30 [INF] Fetching all tests from database
2025-11-06 15:41:06.820 +05:30 [INF] Executed DbCommand (44ms) [Parameters=[], CommandType='"Text"', CommandTimeout='30']
SELECT [t].[TestId], [t].[CategoryId], [t].[CreatedAt], [t].[CreatedBy], [t].[DurationMins], [t].[TestName], [t].[TotalMarks], [t].[TotalQuestions], [c].[CategoryId], [c].[CategoryName], [c].[Description], [u].[UserId], [u].[CreatedAt], [u].[Email], [u].[Name], [u].[PasswordHash], [u].[Role]
FROM [Tests] AS [t]
INNER JOIN [Categories] AS [c] ON [t].[CategoryId] = [c].[CategoryId]
INNER JOIN [Users] AS [u] ON [t].[CreatedBy] = [u].[UserId]
2025-11-06 15:41:06.847 +05:30 [INF] Successfully retrieved 3 tests
2025-11-06 15:41:06.855 +05:30 [INF] Executing OkObjectResult, writing value of type 'System.Linq.Enumerable+SelectListIterator`2[[SkillAssessmentPortal.Models.Test, SkillAssesmentPortal, Version=1.0.0.0, Culture=neutral, PublicKeyToken=null],[SkillAssessmentPortal.DTOs.Test.TestResponseDto, SkillAssesmentPortal, Version=1.0.0.0, Culture=neutral, PublicKeyToken=null]]'.
2025-11-06 15:41:06.928 +05:30 [INF] Executed action SkillAssessmentPortal.Controllers.TestController.GetAll (SkillAssesmentPortal) in 736.9898ms
2025-11-06 15:41:06.932 +05:30 [INF] Executed endpoint 'SkillAssessmentPortal.Controllers.TestController.GetAll (SkillAssesmentPortal)'
2025-11-06 15:41:06.938 +05:30 [INF] Request finished HTTP/2 GET https://localhost:7186/api/Test - 200 null application/json; charset=utf-8 820.6252ms
2025-11-06 15:41:59.930 +05:30 [INF] Request starting HTTP/2 GET https://localhost:7186/api/Test/available - null null
2025-11-06 15:41:59.971 +05:30 [INF] Executing endpoint 'SkillAssessmentPortal.Controllers.TestController.GetAvailableTests (SkillAssesmentPortal)'
2025-11-06 15:41:59.989 +05:30 [INF] Route matched with {action = "GetAvailableTests", controller = "Test"}. Executing controller action with signature System.Threading.Tasks.Task`1[Microsoft.AspNetCore.Mvc.IActionResult] GetAvailableTests() on controller SkillAssessmentPortal.Controllers.TestController (SkillAssesmentPortal).
2025-11-06 15:42:00.006 +05:30 [INF] GET /api/Test/available - Fetching available tests for users
2025-11-06 15:42:00.019 +05:30 [INF] Filtering available tests for users
2025-11-06 15:42:00.025 +05:30 [INF] Fetching all tests from database
2025-11-06 15:42:00.074 +05:30 [INF] Executed DbCommand (29ms) [Parameters=[], CommandType='"Text"', CommandTimeout='30']
SELECT [t].[TestId], [t].[CategoryId], [t].[CreatedAt], [t].[CreatedBy], [t].[DurationMins], [t].[TestName], [t].[TotalMarks], [t].[TotalQuestions], [c].[CategoryId], [c].[CategoryName], [c].[Description], [u].[UserId], [u].[CreatedAt], [u].[Email], [u].[Name], [u].[PasswordHash], [u].[Role]
FROM [Tests] AS [t]
INNER JOIN [Categories] AS [c] ON [t].[CategoryId] = [c].[CategoryId]
INNER JOIN [Users] AS [u] ON [t].[CreatedBy] = [u].[UserId]
2025-11-06 15:42:00.090 +05:30 [INF] Successfully retrieved 3 tests
2025-11-06 15:42:00.100 +05:30 [INF] Fetching test levels for TestId: 1
2025-11-06 15:42:00.335 +05:30 [INF] Executed DbCommand (52ms) [Parameters=[@__testId_0='?' (DbType = Int32)], CommandType='"Text"', CommandTimeout='30']
SELECT [t].[TestLevelId], [t].[LevelName], [t].[PassingScore], [t].[TestId], [t].[VideoLink], [q].[QuestionId], [q].[CorrectOption], [q].[OptionA], [q].[OptionB], [q].[OptionC], [q].[OptionD], [q].[QuestionText], [q].[TestLevelId]
FROM [TestLevels] AS [t]
LEFT JOIN [Questions] AS [q] ON [t].[TestLevelId] = [q].[TestLevelId]
WHERE [t].[TestId] = @__testId_0
ORDER BY [t].[TestLevelId]
2025-11-06 15:42:00.658 +05:30 [INF] Retrieved 3 test levels for TestId: 1
2025-11-06 15:42:00.778 +05:30 [INF] Executed DbCommand (15ms) [Parameters=[@__testLevelId_0='?' (DbType = Int32)], CommandType='"Text"', CommandTimeout='30']
SELECT COUNT(*)
FROM [Questions] AS [q]
WHERE [q].[TestLevelId] = @__testLevelId_0
2025-11-06 15:42:00.803 +05:30 [INF] Executed DbCommand (3ms) [Parameters=[@__testLevelId_0='?' (DbType = Int32)], CommandType='"Text"', CommandTimeout='30']
SELECT COUNT(*)
FROM [Questions] AS [q]
WHERE [q].[TestLevelId] = @__testLevelId_0
2025-11-06 15:42:00.814 +05:30 [INF] Executed DbCommand (3ms) [Parameters=[@__testLevelId_0='?' (DbType = Int32)], CommandType='"Text"', CommandTimeout='30']
SELECT COUNT(*)
FROM [Questions] AS [q]
WHERE [q].[TestLevelId] = @__testLevelId_0
2025-11-06 15:42:00.820 +05:30 [INF] Fetching test levels for TestId: 2
2025-11-06 15:42:00.827 +05:30 [INF] Executed DbCommand (3ms) [Parameters=[@__testId_0='?' (DbType = Int32)], CommandType='"Text"', CommandTimeout='30']
SELECT [t].[TestLevelId], [t].[LevelName], [t].[PassingScore], [t].[TestId], [t].[VideoLink], [q].[QuestionId], [q].[CorrectOption], [q].[OptionA], [q].[OptionB], [q].[OptionC], [q].[OptionD], [q].[QuestionText], [q].[TestLevelId]
FROM [TestLevels] AS [t]
LEFT JOIN [Questions] AS [q] ON [t].[TestLevelId] = [q].[TestLevelId]
WHERE [t].[TestId] = @__testId_0
ORDER BY [t].[TestLevelId]
2025-11-06 15:42:00.837 +05:30 [INF] Retrieved 3 test levels for TestId: 2
2025-11-06 15:42:00.846 +05:30 [INF] Executed DbCommand (2ms) [Parameters=[@__testLevelId_0='?' (DbType = Int32)], CommandType='"Text"', CommandTimeout='30']
SELECT COUNT(*)
FROM [Questions] AS [q]
WHERE [q].[TestLevelId] = @__testLevelId_0
2025-11-06 15:42:00.855 +05:30 [INF] Fetching test levels for TestId: 4
2025-11-06 15:42:00.861 +05:30 [INF] Executed DbCommand (3ms) [Parameters=[@__testId_0='?' (DbType = Int32)], CommandType='"Text"', CommandTimeout='30']
SELECT [t].[TestLevelId], [t].[LevelName], [t].[PassingScore], [t].[TestId], [t].[VideoLink], [q].[QuestionId], [q].[CorrectOption], [q].[OptionA], [q].[OptionB], [q].[OptionC], [q].[OptionD], [q].[QuestionText], [q].[TestLevelId]
FROM [TestLevels] AS [t]
LEFT JOIN [Questions] AS [q] ON [t].[TestLevelId] = [q].[TestLevelId]
WHERE [t].[TestId] = @__testId_0
ORDER BY [t].[TestLevelId]
2025-11-06 15:42:00.866 +05:30 [INF] Retrieved 3 test levels for TestId: 4
2025-11-06 15:42:00.875 +05:30 [INF] Executed DbCommand (2ms) [Parameters=[@__testLevelId_0='?' (DbType = Int32)], CommandType='"Text"', CommandTimeout='30']
SELECT COUNT(*)
FROM [Questions] AS [q]
WHERE [q].[TestLevelId] = @__testLevelId_0
2025-11-06 15:42:00.883 +05:30 [INF] Found 1 available tests for users out of 3 total tests
2025-11-06 15:42:00.893 +05:30 [INF] Retrieved 1 available tests for users
2025-11-06 15:42:00.895 +05:30 [INF] Executing OkObjectResult, writing value of type 'System.Collections.Generic.List`1[[SkillAssessmentPortal.DTOs.Test.TestResponseDto, SkillAssesmentPortal, Version=1.0.0.0, Culture=neutral, PublicKeyToken=null]]'.
2025-11-06 15:42:00.902 +05:30 [INF] Executed action SkillAssessmentPortal.Controllers.TestController.GetAvailableTests (SkillAssesmentPortal) in 902.7541ms
2025-11-06 15:42:00.908 +05:30 [INF] Executed endpoint 'SkillAssessmentPortal.Controllers.TestController.GetAvailableTests (SkillAssesmentPortal)'
2025-11-06 15:42:00.911 +05:30 [INF] Request finished HTTP/2 GET https://localhost:7186/api/Test/available - 200 null application/json; charset=utf-8 980.931ms
2025-11-06 15:42:16.555 +05:30 [INF] Request starting HTTP/2 GET https://localhost:7186/api/TestLevel - null null
2025-11-06 15:42:16.561 +05:30 [INF] Executing endpoint 'SkillAssessmentPortal.Controllers.TestLevelController.GetAll (SkillAssesmentPortal)'
2025-11-06 15:42:16.574 +05:30 [INF] Route matched with {action = "GetAll", controller = "TestLevel"}. Executing controller action with signature System.Threading.Tasks.Task`1[Microsoft.AspNetCore.Mvc.IActionResult] GetAll() on controller SkillAssessmentPortal.Controllers.TestLevelController (SkillAssesmentPortal).
2025-11-06 15:42:16.591 +05:30 [INF] GET /api/TestLevel - Fetching all test levels
2025-11-06 15:42:16.598 +05:30 [INF] Fetching all test levels from repository
2025-11-06 15:42:16.605 +05:30 [INF] Fetching all test levels from database
2025-11-06 15:42:16.656 +05:30 [INF] Executed DbCommand (13ms) [Parameters=[], CommandType='"Text"', CommandTimeout='30']
SELECT [t].[TestLevelId], [t].[LevelName], [t].[PassingScore], [t].[TestId], [t].[VideoLink], [t0].[TestId], [t0].[CategoryId], [t0].[CreatedAt], [t0].[CreatedBy], [t0].[DurationMins], [t0].[TestName], [t0].[TotalMarks], [t0].[TotalQuestions]
FROM [TestLevels] AS [t]
INNER JOIN [Tests] AS [t0] ON [t].[TestId] = [t0].[TestId]
2025-11-06 15:42:16.727 +05:30 [INF] Successfully retrieved 9 test levels from database
2025-11-06 15:42:16.734 +05:30 [INF] Successfully retrieved 9 test levels
2025-11-06 15:42:16.745 +05:30 [INF] Successfully retrieved 9 test levels
2025-11-06 15:42:16.751 +05:30 [INF] Executing OkObjectResult, writing value of type 'System.Linq.Enumerable+SelectListIterator`2[[SkillAssessmentPortal.Models.TestLevel, SkillAssesmentPortal, Version=1.0.0.0, Culture=neutral, PublicKeyToken=null],[SkillAssessmentPortal.DTOs.TestLevel.TestLevelResponseDto, SkillAssesmentPortal, Version=1.0.0.0, Culture=neutral, PublicKeyToken=null]]'.
2025-11-06 15:42:16.765 +05:30 [INF] Executed action SkillAssessmentPortal.Controllers.TestLevelController.GetAll (SkillAssesmentPortal) in 179.1243ms
2025-11-06 15:42:16.772 +05:30 [INF] Executed endpoint 'SkillAssessmentPortal.Controllers.TestLevelController.GetAll (SkillAssesmentPortal)'
2025-11-06 15:42:16.776 +05:30 [INF] Request finished HTTP/2 GET https://localhost:7186/api/TestLevel - 200 null application/json; charset=utf-8 220.9746ms
2025-11-06 15:42:41.127 +05:30 [INF] Request starting HTTP/2 GET https://localhost:7186/api/TestLevel/available-tests - null null
2025-11-06 15:42:41.145 +05:30 [INF] Executing endpoint 'SkillAssessmentPortal.Controllers.TestLevelController.GetAvailableTestsForUser (SkillAssesmentPortal)'
2025-11-06 15:42:41.159 +05:30 [INF] Route matched with {action = "GetAvailableTestsForUser", controller = "TestLevel"}. Executing controller action with signature System.Threading.Tasks.Task`1[Microsoft.AspNetCore.Mvc.IActionResult] GetAvailableTestsForUser() on controller SkillAssessmentPortal.Controllers.TestLevelController (SkillAssesmentPortal).
2025-11-06 15:42:41.170 +05:30 [INF] GET /api/TestLevel/available-tests - Fetching available tests for user
2025-11-06 15:42:41.176 +05:30 [INF] Filtering available tests for user based on levels and questions
2025-11-06 15:42:41.179 +05:30 [INF] Fetching all tests from database
2025-11-06 15:42:41.192 +05:30 [INF] Executed DbCommand (6ms) [Parameters=[], CommandType='"Text"', CommandTimeout='30']
SELECT [t].[TestId], [t].[CategoryId], [t].[CreatedAt], [t].[CreatedBy], [t].[DurationMins], [t].[TestName], [t].[TotalMarks], [t].[TotalQuestions], [c].[CategoryId], [c].[CategoryName], [c].[Description], [u].[UserId], [u].[CreatedAt], [u].[Email], [u].[Name], [u].[PasswordHash], [u].[Role]
FROM [Tests] AS [t]
INNER JOIN [Categories] AS [c] ON [t].[CategoryId] = [c].[CategoryId]
INNER JOIN [Users] AS [u] ON [t].[CreatedBy] = [u].[UserId]
2025-11-06 15:42:41.227 +05:30 [INF] Successfully retrieved 3 tests
2025-11-06 15:42:41.234 +05:30 [INF] Found 0 tests available for user out of 3 total tests
2025-11-06 15:42:41.239 +05:30 [INF] Successfully retrieved 0 available tests for user
2025-11-06 15:42:41.245 +05:30 [INF] Executing OkObjectResult, writing value of type 'System.Collections.Generic.List`1[[SkillAssessmentPortal.Models.Test, SkillAssesmentPortal, Version=1.0.0.0, Culture=neutral, PublicKeyToken=null]]'.
2025-11-06 15:42:41.317 +05:30 [INF] Executed action SkillAssessmentPortal.Controllers.TestLevelController.GetAvailableTestsForUser (SkillAssesmentPortal) in 152.0839ms
2025-11-06 15:42:41.323 +05:30 [INF] Executed endpoint 'SkillAssessmentPortal.Controllers.TestLevelController.GetAvailableTestsForUser (SkillAssesmentPortal)'
2025-11-06 15:42:41.327 +05:30 [INF] Request finished HTTP/2 GET https://localhost:7186/api/TestLevel/available-tests - 200 null application/json; charset=utf-8 205.1391ms
2025-11-06 15:43:27.102 +05:30 [INF] Request starting HTTP/2 GET https://localhost:7186/api/Result/user/2/test/1 - null null
2025-11-06 15:43:27.128 +05:30 [INF] Executing endpoint 'SkillAssessmentPortal.Controllers.ResultController.GetUserResults (SkillAssesmentPortal)'
2025-11-06 15:43:27.149 +05:30 [INF] Route matched with {action = "GetUserResults", controller = "Result"}. Executing controller action with signature System.Threading.Tasks.Task`1[Microsoft.AspNetCore.Mvc.IActionResult] GetUserResults(Int32, Int32) on controller SkillAssessmentPortal.Controllers.ResultController (SkillAssesmentPortal).
2025-11-06 15:43:27.178 +05:30 [INF] Fetching results for UserId: 2, TestId: 1
2025-11-06 15:43:27.265 +05:30 [INF] Executed DbCommand (48ms) [Parameters=[@__userId_0='?' (DbType = Int32), @__testId_1='?' (DbType = Int32)], CommandType='"Text"', CommandTimeout='30']
SELECT [r].[ResultId], [r].[AttemptNumber], [r].[DateAttempted], [r].[Percentage], [r].[ResultStatus], [r].[Score], [r].[Suggestion], [r].[TestId], [r].[TestLevelId], [r].[TimeTakenSecs], [r].[UserId], [t].[TestLevelId], [t].[LevelName], [t].[PassingScore], [t].[TestId], [t].[VideoLink]
FROM [Results] AS [r]
INNER JOIN [TestLevels] AS [t] ON [r].[TestLevelId] = [t].[TestLevelId]
WHERE [r].[UserId] = @__userId_0 AND [r].[TestId] = @__testId_1
2025-11-06 15:43:27.324 +05:30 [INF] Retrieved 1 results for UserId: 2, TestId: 1
2025-11-06 15:43:27.334 +05:30 [INF] Executing OkObjectResult, writing value of type 'System.Linq.Enumerable+SelectListIterator`2[[SkillAssessmentPortal.Models.Result, SkillAssesmentPortal, Version=1.0.0.0, Culture=neutral, PublicKeyToken=null],[SkillAssessmentPortal.DTOs.Result.ResultResponseDto, SkillAssesmentPortal, Version=1.0.0.0, Culture=neutral, PublicKeyToken=null]]'.
2025-11-06 15:43:27.356 +05:30 [INF] Executed action SkillAssessmentPortal.Controllers.ResultController.GetUserResults (SkillAssesmentPortal) in 200.003ms
2025-11-06 15:43:27.387 +05:30 [INF] Executed endpoint 'SkillAssessmentPortal.Controllers.ResultController.GetUserResults (SkillAssesmentPortal)'
2025-11-06 15:43:27.393 +05:30 [INF] Request finished HTTP/2 GET https://localhost:7186/api/Result/user/2/test/1 - 200 null application/json; charset=utf-8 300.5765ms
2025-11-06 15:43:56.047 +05:30 [INF] Request starting HTTP/2 GET https://localhost:7186/api/Result/user/2/test/2 - null null
2025-11-06 15:43:56.065 +05:30 [INF] Executing endpoint 'SkillAssessmentPortal.Controllers.ResultController.GetUserResults (SkillAssesmentPortal)'
2025-11-06 15:43:56.073 +05:30 [INF] Route matched with {action = "GetUserResults", controller = "Result"}. Executing controller action with signature System.Threading.Tasks.Task`1[Microsoft.AspNetCore.Mvc.IActionResult] GetUserResults(Int32, Int32) on controller SkillAssessmentPortal.Controllers.ResultController (SkillAssesmentPortal).
2025-11-06 15:43:56.086 +05:30 [INF] Fetching results for UserId: 2, TestId: 2
2025-11-06 15:43:56.135 +05:30 [INF] Executed DbCommand (20ms) [Parameters=[@__userId_0='?' (DbType = Int32), @__testId_1='?' (DbType = Int32)], CommandType='"Text"', CommandTimeout='30']
SELECT [r].[ResultId], [r].[AttemptNumber], [r].[DateAttempted], [r].[Percentage], [r].[ResultStatus], [r].[Score], [r].[Suggestion], [r].[TestId], [r].[TestLevelId], [r].[TimeTakenSecs], [r].[UserId], [t].[TestLevelId], [t].[LevelName], [t].[PassingScore], [t].[TestId], [t].[VideoLink]
FROM [Results] AS [r]
INNER JOIN [TestLevels] AS [t] ON [r].[TestLevelId] = [t].[TestLevelId]
WHERE [r].[UserId] = @__userId_0 AND [r].[TestId] = @__testId_1
2025-11-06 15:43:56.146 +05:30 [INF] Retrieved 1 results for UserId: 2, TestId: 2
2025-11-06 15:43:56.153 +05:30 [INF] Executing OkObjectResult, writing value of type 'System.Linq.Enumerable+SelectListIterator`2[[SkillAssessmentPortal.Models.Result, SkillAssesmentPortal, Version=1.0.0.0, Culture=neutral, PublicKeyToken=null],[SkillAssessmentPortal.DTOs.Result.ResultResponseDto, SkillAssesmentPortal, Version=1.0.0.0, Culture=neutral, PublicKeyToken=null]]'.
2025-11-06 15:43:56.159 +05:30 [INF] Executed action SkillAssessmentPortal.Controllers.ResultController.GetUserResults (SkillAssesmentPortal) in 80.5973ms
2025-11-06 15:43:56.165 +05:30 [INF] Executed endpoint 'SkillAssessmentPortal.Controllers.ResultController.GetUserResults (SkillAssesmentPortal)'
2025-11-06 15:43:56.171 +05:30 [INF] Request finished HTTP/2 GET https://localhost:7186/api/Result/user/2/test/2 - 200 null application/json; charset=utf-8 124.9251ms
2025-11-06 15:44:12.266 +05:30 [INF] Request starting HTTP/2 GET https://localhost:7186/api/Result/user/2/test/3 - null null
2025-11-06 15:44:12.284 +05:30 [INF] Executing endpoint 'SkillAssessmentPortal.Controllers.ResultController.GetUserResults (SkillAssesmentPortal)'
2025-11-06 15:44:12.291 +05:30 [INF] Route matched with {action = "GetUserResults", controller = "Result"}. Executing controller action with signature System.Threading.Tasks.Task`1[Microsoft.AspNetCore.Mvc.IActionResult] GetUserResults(Int32, Int32) on controller SkillAssessmentPortal.Controllers.ResultController (SkillAssesmentPortal).
2025-11-06 15:44:12.317 +05:30 [INF] Fetching results for UserId: 2, TestId: 3
2025-11-06 15:44:12.329 +05:30 [INF] Executed DbCommand (5ms) [Parameters=[@__userId_0='?' (DbType = Int32), @__testId_1='?' (DbType = Int32)], CommandType='"Text"', CommandTimeout='30']
SELECT [r].[ResultId], [r].[AttemptNumber], [r].[DateAttempted], [r].[Percentage], [r].[ResultStatus], [r].[Score], [r].[Suggestion], [r].[TestId], [r].[TestLevelId], [r].[TimeTakenSecs], [r].[UserId], [t].[TestLevelId], [t].[LevelName], [t].[PassingScore], [t].[TestId], [t].[VideoLink]
FROM [Results] AS [r]
INNER JOIN [TestLevels] AS [t] ON [r].[TestLevelId] = [t].[TestLevelId]
WHERE [r].[UserId] = @__userId_0 AND [r].[TestId] = @__testId_1
2025-11-06 15:44:12.340 +05:30 [INF] Retrieved 0 results for UserId: 2, TestId: 3
2025-11-06 15:44:12.344 +05:30 [INF] Executing OkObjectResult, writing value of type 'System.Linq.Enumerable+SelectListIterator`2[[SkillAssessmentPortal.Models.Result, SkillAssesmentPortal, Version=1.0.0.0, Culture=neutral, PublicKeyToken=null],[SkillAssessmentPortal.DTOs.Result.ResultResponseDto, SkillAssesmentPortal, Version=1.0.0.0, Culture=neutral, PublicKeyToken=null]]'.
2025-11-06 15:44:12.348 +05:30 [INF] Executed action SkillAssessmentPortal.Controllers.ResultController.GetUserResults (SkillAssesmentPortal) in 52.5351ms
2025-11-06 15:44:12.383 +05:30 [INF] Executed endpoint 'SkillAssessmentPortal.Controllers.ResultController.GetUserResults (SkillAssesmentPortal)'
2025-11-06 15:44:12.387 +05:30 [INF] Request finished HTTP/2 GET https://localhost:7186/api/Result/user/2/test/3 - 200 null application/json; charset=utf-8 120.3347ms
2025-11-06 15:44:22.502 +05:30 [INF] Request starting HTTP/2 GET https://localhost:7186/api/Result/user/8/test/1 - null null
2025-11-06 15:44:22.509 +05:30 [INF] Executing endpoint 'SkillAssessmentPortal.Controllers.ResultController.GetUserResults (SkillAssesmentPortal)'
2025-11-06 15:44:22.512 +05:30 [INF] Route matched with {action = "GetUserResults", controller = "Result"}. Executing controller action with signature System.Threading.Tasks.Task`1[Microsoft.AspNetCore.Mvc.IActionResult] GetUserResults(Int32, Int32) on controller SkillAssessmentPortal.Controllers.ResultController (SkillAssesmentPortal).
2025-11-06 15:44:22.515 +05:30 [INF] Fetching results for UserId: 8, TestId: 1
2025-11-06 15:44:22.526 +05:30 [INF] Executed DbCommand (4ms) [Parameters=[@__userId_0='?' (DbType = Int32), @__testId_1='?' (DbType = Int32)], CommandType='"Text"', CommandTimeout='30']
SELECT [r].[ResultId], [r].[AttemptNumber], [r].[DateAttempted], [r].[Percentage], [r].[ResultStatus], [r].[Score], [r].[Suggestion], [r].[TestId], [r].[TestLevelId], [r].[TimeTakenSecs], [r].[UserId], [t].[TestLevelId], [t].[LevelName], [t].[PassingScore], [t].[TestId], [t].[VideoLink]
FROM [Results] AS [r]
INNER JOIN [TestLevels] AS [t] ON [r].[TestLevelId] = [t].[TestLevelId]
WHERE [r].[UserId] = @__userId_0 AND [r].[TestId] = @__testId_1
2025-11-06 15:44:22.536 +05:30 [INF] Retrieved 0 results for UserId: 8, TestId: 1
2025-11-06 15:44:22.539 +05:30 [INF] Executing OkObjectResult, writing value of type 'System.Linq.Enumerable+SelectListIterator`2[[SkillAssessmentPortal.Models.Result, SkillAssesmentPortal, Version=1.0.0.0, Culture=neutral, PublicKeyToken=null],[SkillAssessmentPortal.DTOs.Result.ResultResponseDto, SkillAssesmentPortal, Version=1.0.0.0, Culture=neutral, PublicKeyToken=null]]'.
2025-11-06 15:44:22.547 +05:30 [INF] Executed action SkillAssessmentPortal.Controllers.ResultController.GetUserResults (SkillAssesmentPortal) in 33.4055ms
2025-11-06 15:44:22.552 +05:30 [INF] Executed endpoint 'SkillAssessmentPortal.Controllers.ResultController.GetUserResults (SkillAssesmentPortal)'
2025-11-06 15:44:22.554 +05:30 [INF] Request finished HTTP/2 GET https://localhost:7186/api/Result/user/8/test/1 - 200 null application/json; charset=utf-8 52.2353ms
2025-11-06 15:44:28.725 +05:30 [INF] Request starting HTTP/2 GET https://localhost:7186/api/Result/user/2/test/1 - null null
2025-11-06 15:44:28.753 +05:30 [INF] Executing endpoint 'SkillAssessmentPortal.Controllers.ResultController.GetUserResults (SkillAssesmentPortal)'
2025-11-06 15:44:28.757 +05:30 [INF] Route matched with {action = "GetUserResults", controller = "Result"}. Executing controller action with signature System.Threading.Tasks.Task`1[Microsoft.AspNetCore.Mvc.IActionResult] GetUserResults(Int32, Int32) on controller SkillAssessmentPortal.Controllers.ResultController (SkillAssesmentPortal).
2025-11-06 15:44:28.766 +05:30 [INF] Fetching results for UserId: 2, TestId: 1
2025-11-06 15:44:28.780 +05:30 [INF] Executed DbCommand (4ms) [Parameters=[@__userId_0='?' (DbType = Int32), @__testId_1='?' (DbType = Int32)], CommandType='"Text"', CommandTimeout='30']
SELECT [r].[ResultId], [r].[AttemptNumber], [r].[DateAttempted], [r].[Percentage], [r].[ResultStatus], [r].[Score], [r].[Suggestion], [r].[TestId], [r].[TestLevelId], [r].[TimeTakenSecs], [r].[UserId], [t].[TestLevelId], [t].[LevelName], [t].[PassingScore], [t].[TestId], [t].[VideoLink]
FROM [Results] AS [r]
INNER JOIN [TestLevels] AS [t] ON [r].[TestLevelId] = [t].[TestLevelId]
WHERE [r].[UserId] = @__userId_0 AND [r].[TestId] = @__testId_1
2025-11-06 15:44:28.795 +05:30 [INF] Retrieved 1 results for UserId: 2, TestId: 1
2025-11-06 15:44:28.802 +05:30 [INF] Executing OkObjectResult, writing value of type 'System.Linq.Enumerable+SelectListIterator`2[[SkillAssessmentPortal.Models.Result, SkillAssesmentPortal, Version=1.0.0.0, Culture=neutral, PublicKeyToken=null],[SkillAssessmentPortal.DTOs.Result.ResultResponseDto, SkillAssesmentPortal, Version=1.0.0.0, Culture=neutral, PublicKeyToken=null]]'.
2025-11-06 15:44:28.805 +05:30 [INF] Executed action SkillAssessmentPortal.Controllers.ResultController.GetUserResults (SkillAssesmentPortal) in 41.5088ms
2025-11-06 15:44:28.811 +05:30 [INF] Executed endpoint 'SkillAssessmentPortal.Controllers.ResultController.GetUserResults (SkillAssesmentPortal)'
2025-11-06 15:44:28.816 +05:30 [INF] Request finished HTTP/2 GET https://localhost:7186/api/Result/user/2/test/1 - 200 null application/json; charset=utf-8 91.1372ms
2025-11-06 15:45:35.924 +05:30 [INF] Request starting HTTP/2 GET https://localhost:7186/api/Question/user/1/1/2 - null null
2025-11-06 15:45:35.934 +05:30 [INF] Executing endpoint 'SkillAssessmentPortal.Controllers.QuestionController.GetQuestionsForUser (SkillAssesmentPortal)'
2025-11-06 15:45:35.940 +05:30 [INF] Route matched with {action = "GetQuestionsForUser", controller = "Question"}. Executing controller action with signature System.Threading.Tasks.Task`1[Microsoft.AspNetCore.Mvc.IActionResult] GetQuestionsForUser(Int32, Int32, Int32) on controller SkillAssessmentPortal.Controllers.QuestionController (SkillAssesmentPortal).
2025-11-06 15:45:35.944 +05:30 [INF] GET Questions for UserId: 2, TestId: 1, TestLevelId: 1
2025-11-06 15:45:35.947 +05:30 [INF] Validating question access for UserId: 2, TestId: 1, TestLevelId: 1
2025-11-06 15:45:35.949 +05:30 [INF] Fetching test by ID: 1
2025-11-06 15:45:35.979 +05:30 [INF] Executed DbCommand (17ms) [Parameters=[@__id_0='?' (DbType = Int32)], CommandType='"Text"', CommandTimeout='30']
SELECT TOP(1) [t].[TestId], [t].[CategoryId], [t].[CreatedAt], [t].[CreatedBy], [t].[DurationMins], [t].[TestName], [t].[TotalMarks], [t].[TotalQuestions], [c].[CategoryId], [c].[CategoryName], [c].[Description], [u].[UserId], [u].[CreatedAt], [u].[Email], [u].[Name], [u].[PasswordHash], [u].[Role]
FROM [Tests] AS [t]
INNER JOIN [Categories] AS [c] ON [t].[CategoryId] = [c].[CategoryId]
INNER JOIN [Users] AS [u] ON [t].[CreatedBy] = [u].[UserId]
WHERE [t].[TestId] = @__id_0
2025-11-06 15:45:36.010 +05:30 [INF] Test found for ID: 1
2025-11-06 15:45:36.016 +05:30 [INF] Fetching test level by ID: 1
2025-11-06 15:45:36.039 +05:30 [INF] Executed DbCommand (7ms) [Parameters=[@__id_0='?' (DbType = Int32)], CommandType='"Text"', CommandTimeout='30']
SELECT TOP(1) [t].[TestLevelId], [t].[LevelName], [t].[PassingScore], [t].[TestId], [t].[VideoLink], [t0].[TestId], [t0].[CategoryId], [t0].[CreatedAt], [t0].[CreatedBy], [t0].[DurationMins], [t0].[TestName], [t0].[TotalMarks], [t0].[TotalQuestions]
FROM [TestLevels] AS [t]
INNER JOIN [Tests] AS [t0] ON [t].[TestId] = [t0].[TestId]
WHERE [t].[TestLevelId] = @__id_0
2025-11-06 15:45:36.044 +05:30 [INF] Test level found for ID: 1
2025-11-06 15:45:36.046 +05:30 [INF] Fetching test levels for TestId: 1
2025-11-06 15:45:36.053 +05:30 [INF] Executed DbCommand (5ms) [Parameters=[@__testId_0='?' (DbType = Int32)], CommandType='"Text"', CommandTimeout='30']
SELECT [t].[TestLevelId], [t].[LevelName], [t].[PassingScore], [t].[TestId], [t].[VideoLink], [q].[QuestionId], [q].[CorrectOption], [q].[OptionA], [q].[OptionB], [q].[OptionC], [q].[OptionD], [q].[QuestionText], [q].[TestLevelId]
FROM [TestLevels] AS [t]
LEFT JOIN [Questions] AS [q] ON [t].[TestLevelId] = [q].[TestLevelId]
WHERE [t].[TestId] = @__testId_0
ORDER BY [t].[TestLevelId]
2025-11-06 15:45:36.058 +05:30 [INF] Retrieved 3 test levels for TestId: 1
2025-11-06 15:45:36.071 +05:30 [INF] Executed DbCommand (4ms) [Parameters=[@__testLevelId_0='?' (DbType = Int32)], CommandType='"Text"', CommandTimeout='30']
SELECT [q].[QuestionId], [q].[CorrectOption], [q].[OptionA], [q].[OptionB], [q].[OptionC], [q].[OptionD], [q].[QuestionText], [q].[TestLevelId]
FROM [Questions] AS [q]
WHERE [q].[TestLevelId] = @__testLevelId_0
2025-11-06 15:45:36.077 +05:30 [INF] Questions retrieved successfully for UserId: 2, Count: 17
2025-11-06 15:45:36.079 +05:30 [INF] Executing OkObjectResult, writing value of type '<>f__AnonymousType1`2[[System.String, System.Private.CoreLib, Version=8.0.0.0, Culture=neutral, PublicKeyToken=7cec85d7bea7798e],[System.Collections.Generic.IEnumerable`1[[SkillAssessmentPortal.DTOs.Question.QuestionResponseDto, SkillAssesmentPortal, Version=1.0.0.0, Culture=neutral, PublicKeyToken=null]], System.Private.CoreLib, Version=8.0.0.0, Culture=neutral, PublicKeyToken=7cec85d7bea7798e]]'.
2025-11-06 15:45:36.091 +05:30 [INF] Executed action SkillAssessmentPortal.Controllers.QuestionController.GetQuestionsForUser (SkillAssesmentPortal) in 149.8343ms
2025-11-06 15:45:36.093 +05:30 [INF] Executed endpoint 'SkillAssessmentPortal.Controllers.QuestionController.GetQuestionsForUser (SkillAssesmentPortal)'
2025-11-06 15:45:36.094 +05:30 [INF] Request finished HTTP/2 GET https://localhost:7186/api/Question/user/1/1/2 - 200 null application/json; charset=utf-8 170.0195ms
2025-11-06 15:46:08.258 +05:30 [INF] Request starting HTTP/2 GET https://localhost:7186/api/Question/user/1/2/2 - null null
2025-11-06 15:46:08.273 +05:30 [INF] Executing endpoint 'SkillAssessmentPortal.Controllers.QuestionController.GetQuestionsForUser (SkillAssesmentPortal)'
2025-11-06 15:46:08.274 +05:30 [INF] Route matched with {action = "GetQuestionsForUser", controller = "Question"}. Executing controller action with signature System.Threading.Tasks.Task`1[Microsoft.AspNetCore.Mvc.IActionResult] GetQuestionsForUser(Int32, Int32, Int32) on controller SkillAssessmentPortal.Controllers.QuestionController (SkillAssesmentPortal).
2025-11-06 15:46:08.279 +05:30 [INF] GET Questions for UserId: 2, TestId: 1, TestLevelId: 2
2025-11-06 15:46:08.280 +05:30 [INF] Validating question access for UserId: 2, TestId: 1, TestLevelId: 2
2025-11-06 15:46:08.281 +05:30 [INF] Fetching test by ID: 1
2025-11-06 15:46:08.290 +05:30 [INF] Executed DbCommand (8ms) [Parameters=[@__id_0='?' (DbType = Int32)], CommandType='"Text"', CommandTimeout='30']
SELECT TOP(1) [t].[TestId], [t].[CategoryId], [t].[CreatedAt], [t].[CreatedBy], [t].[DurationMins], [t].[TestName], [t].[TotalMarks], [t].[TotalQuestions], [c].[CategoryId], [c].[CategoryName], [c].[Description], [u].[UserId], [u].[CreatedAt], [u].[Email], [u].[Name], [u].[PasswordHash], [u].[Role]
FROM [Tests] AS [t]
INNER JOIN [Categories] AS [c] ON [t].[CategoryId] = [c].[CategoryId]
INNER JOIN [Users] AS [u] ON [t].[CreatedBy] = [u].[UserId]
WHERE [t].[TestId] = @__id_0
2025-11-06 15:46:08.292 +05:30 [INF] Test found for ID: 1
2025-11-06 15:46:08.293 +05:30 [INF] Fetching test level by ID: 2
2025-11-06 15:46:08.298 +05:30 [INF] Executed DbCommand (3ms) [Parameters=[@__id_0='?' (DbType = Int32)], CommandType='"Text"', CommandTimeout='30']
SELECT TOP(1) [t].[TestLevelId], [t].[LevelName], [t].[PassingScore], [t].[TestId], [t].[VideoLink], [t0].[TestId], [t0].[CategoryId], [t0].[CreatedAt], [t0].[CreatedBy], [t0].[DurationMins], [t0].[TestName], [t0].[TotalMarks], [t0].[TotalQuestions]
FROM [TestLevels] AS [t]
INNER JOIN [Tests] AS [t0] ON [t].[TestId] = [t0].[TestId]
WHERE [t].[TestLevelId] = @__id_0
2025-11-06 15:46:08.300 +05:30 [INF] Test level found for ID: 2
2025-11-06 15:46:08.301 +05:30 [INF] Fetching test levels for TestId: 1
2025-11-06 15:46:08.307 +05:30 [INF] Executed DbCommand (3ms) [Parameters=[@__testId_0='?' (DbType = Int32)], CommandType='"Text"', CommandTimeout='30']
SELECT [t].[TestLevelId], [t].[LevelName], [t].[PassingScore], [t].[TestId], [t].[VideoLink], [q].[QuestionId], [q].[CorrectOption], [q].[OptionA], [q].[OptionB], [q].[OptionC], [q].[OptionD], [q].[QuestionText], [q].[TestLevelId]
FROM [TestLevels] AS [t]
LEFT JOIN [Questions] AS [q] ON [t].[TestLevelId] = [q].[TestLevelId]
WHERE [t].[TestId] = @__testId_0
ORDER BY [t].[TestLevelId]
2025-11-06 15:46:08.311 +05:30 [INF] Retrieved 3 test levels for TestId: 1
2025-11-06 15:46:08.315 +05:30 [INF] Executed DbCommand (2ms) [Parameters=[@__testLevelId_0='?' (DbType = Int32)], CommandType='"Text"', CommandTimeout='30']
SELECT [q].[QuestionId], [q].[CorrectOption], [q].[OptionA], [q].[OptionB], [q].[OptionC], [q].[OptionD], [q].[QuestionText], [q].[TestLevelId]
FROM [Questions] AS [q]
WHERE [q].[TestLevelId] = @__testLevelId_0
2025-11-06 15:46:08.320 +05:30 [INF] Checking if user passed level - UserId: 2, TestId: 1, Level: Easy
2025-11-06 15:46:08.399 +05:30 [INF] Executed DbCommand (44ms) [Parameters=[@__userId_0='?' (DbType = Int32), @__testId_1='?' (DbType = Int32), @__levelName_2='?' (Size = 20)], CommandType='"Text"', CommandTimeout='30']
SELECT CASE
    WHEN EXISTS (
        SELECT 1
        FROM [Results] AS [r]
        INNER JOIN [TestLevels] AS [t] ON [r].[TestLevelId] = [t].[TestLevelId]
        WHERE [r].[UserId] = @__userId_0 AND [r].[TestId] = @__testId_1 AND [t].[LevelName] = @__levelName_2 AND [r].[ResultStatus] = N'Pass') THEN CAST(1 AS bit)
    ELSE CAST(0 AS bit)
END
2025-11-06 15:46:08.405 +05:30 [INF] User 2 has passed level Easy for TestId: 1
2025-11-06 15:46:08.407 +05:30 [INF] Questions retrieved successfully for UserId: 2, Count: 22
2025-11-06 15:46:08.408 +05:30 [INF] Executing OkObjectResult, writing value of type '<>f__AnonymousType1`2[[System.String, System.Private.CoreLib, Version=8.0.0.0, Culture=neutral, PublicKeyToken=7cec85d7bea7798e],[System.Collections.Generic.IEnumerable`1[[SkillAssessmentPortal.DTOs.Question.QuestionResponseDto, SkillAssesmentPortal, Version=1.0.0.0, Culture=neutral, PublicKeyToken=null]], System.Private.CoreLib, Version=8.0.0.0, Culture=neutral, PublicKeyToken=7cec85d7bea7798e]]'.
2025-11-06 15:46:08.410 +05:30 [INF] Executed action SkillAssessmentPortal.Controllers.QuestionController.GetQuestionsForUser (SkillAssesmentPortal) in 133.5451ms
2025-11-06 15:46:08.412 +05:30 [INF] Executed endpoint 'SkillAssessmentPortal.Controllers.QuestionController.GetQuestionsForUser (SkillAssesmentPortal)'
2025-11-06 15:46:08.413 +05:30 [INF] Request finished HTTP/2 GET https://localhost:7186/api/Question/user/1/2/2 - 200 null application/json; charset=utf-8 155.8666ms
2025-11-06 15:46:29.373 +05:30 [INF] Request starting HTTP/2 GET https://localhost:7186/api/Question/user/1/3/2 - null null
2025-11-06 15:46:29.377 +05:30 [INF] Executing endpoint 'SkillAssessmentPortal.Controllers.QuestionController.GetQuestionsForUser (SkillAssesmentPortal)'
2025-11-06 15:46:29.390 +05:30 [INF] Route matched with {action = "GetQuestionsForUser", controller = "Question"}. Executing controller action with signature System.Threading.Tasks.Task`1[Microsoft.AspNetCore.Mvc.IActionResult] GetQuestionsForUser(Int32, Int32, Int32) on controller SkillAssessmentPortal.Controllers.QuestionController (SkillAssesmentPortal).
2025-11-06 15:46:29.401 +05:30 [INF] GET Questions for UserId: 2, TestId: 1, TestLevelId: 3
2025-11-06 15:46:29.404 +05:30 [INF] Validating question access for UserId: 2, TestId: 1, TestLevelId: 3
2025-11-06 15:46:29.406 +05:30 [INF] Fetching test by ID: 1
2025-11-06 15:46:29.414 +05:30 [INF] Executed DbCommand (6ms) [Parameters=[@__id_0='?' (DbType = Int32)], CommandType='"Text"', CommandTimeout='30']
SELECT TOP(1) [t].[TestId], [t].[CategoryId], [t].[CreatedAt], [t].[CreatedBy], [t].[DurationMins], [t].[TestName], [t].[TotalMarks], [t].[TotalQuestions], [c].[CategoryId], [c].[CategoryName], [c].[Description], [u].[UserId], [u].[CreatedAt], [u].[Email], [u].[Name], [u].[PasswordHash], [u].[Role]
FROM [Tests] AS [t]
INNER JOIN [Categories] AS [c] ON [t].[CategoryId] = [c].[CategoryId]
INNER JOIN [Users] AS [u] ON [t].[CreatedBy] = [u].[UserId]
WHERE [t].[TestId] = @__id_0
2025-11-06 15:46:29.416 +05:30 [INF] Test found for ID: 1
2025-11-06 15:46:29.417 +05:30 [INF] Fetching test level by ID: 3
2025-11-06 15:46:29.423 +05:30 [INF] Executed DbCommand (4ms) [Parameters=[@__id_0='?' (DbType = Int32)], CommandType='"Text"', CommandTimeout='30']
SELECT TOP(1) [t].[TestLevelId], [t].[LevelName], [t].[PassingScore], [t].[TestId], [t].[VideoLink], [t0].[TestId], [t0].[CategoryId], [t0].[CreatedAt], [t0].[CreatedBy], [t0].[DurationMins], [t0].[TestName], [t0].[TotalMarks], [t0].[TotalQuestions]
FROM [TestLevels] AS [t]
INNER JOIN [Tests] AS [t0] ON [t].[TestId] = [t0].[TestId]
WHERE [t].[TestLevelId] = @__id_0
2025-11-06 15:46:29.425 +05:30 [INF] Test level found for ID: 3
2025-11-06 15:46:29.426 +05:30 [INF] Fetching test levels for TestId: 1
2025-11-06 15:46:29.431 +05:30 [INF] Executed DbCommand (3ms) [Parameters=[@__testId_0='?' (DbType = Int32)], CommandType='"Text"', CommandTimeout='30']
SELECT [t].[TestLevelId], [t].[LevelName], [t].[PassingScore], [t].[TestId], [t].[VideoLink], [q].[QuestionId], [q].[CorrectOption], [q].[OptionA], [q].[OptionB], [q].[OptionC], [q].[OptionD], [q].[QuestionText], [q].[TestLevelId]
FROM [TestLevels] AS [t]
LEFT JOIN [Questions] AS [q] ON [t].[TestLevelId] = [q].[TestLevelId]
WHERE [t].[TestId] = @__testId_0
ORDER BY [t].[TestLevelId]
2025-11-06 15:46:29.435 +05:30 [INF] Retrieved 3 test levels for TestId: 1
2025-11-06 15:46:29.439 +05:30 [INF] Executed DbCommand (3ms) [Parameters=[@__testLevelId_0='?' (DbType = Int32)], CommandType='"Text"', CommandTimeout='30']
SELECT [q].[QuestionId], [q].[CorrectOption], [q].[OptionA], [q].[OptionB], [q].[OptionC], [q].[OptionD], [q].[QuestionText], [q].[TestLevelId]
FROM [Questions] AS [q]
WHERE [q].[TestLevelId] = @__testLevelId_0
2025-11-06 15:46:29.441 +05:30 [INF] Checking if user passed level - UserId: 2, TestId: 1, Level: Medium
2025-11-06 15:46:29.449 +05:30 [INF] Executed DbCommand (6ms) [Parameters=[@__userId_0='?' (DbType = Int32), @__testId_1='?' (DbType = Int32), @__levelName_2='?' (Size = 20)], CommandType='"Text"', CommandTimeout='30']
SELECT CASE
    WHEN EXISTS (
        SELECT 1
        FROM [Results] AS [r]
        INNER JOIN [TestLevels] AS [t] ON [r].[TestLevelId] = [t].[TestLevelId]
        WHERE [r].[UserId] = @__userId_0 AND [r].[TestId] = @__testId_1 AND [t].[LevelName] = @__levelName_2 AND [r].[ResultStatus] = N'Pass') THEN CAST(1 AS bit)
    ELSE CAST(0 AS bit)
END
2025-11-06 15:46:29.453 +05:30 [INF] User 2 has not passed level Medium for TestId: 1
2025-11-06 15:46:29.454 +05:30 [WRN] Hard level access denied - Medium level not passed for UserId: 2, TestId: 1
2025-11-06 15:46:29.455 +05:30 [WRN] Question access denied for UserId: 2, TestId: 1, TestLevelId: 3 - You must pass the Medium level before attempting Hard.
2025-11-06 15:46:29.457 +05:30 [INF] Executing BadRequestObjectResult, writing value of type '<>f__AnonymousType0`1[[System.String, System.Private.CoreLib, Version=8.0.0.0, Culture=neutral, PublicKeyToken=7cec85d7bea7798e]]'.
2025-11-06 15:46:29.459 +05:30 [INF] Executed action SkillAssessmentPortal.Controllers.QuestionController.GetQuestionsForUser (SkillAssesmentPortal) in 61.0814ms
2025-11-06 15:46:29.461 +05:30 [INF] Executed endpoint 'SkillAssessmentPortal.Controllers.QuestionController.GetQuestionsForUser (SkillAssesmentPortal)'
2025-11-06 15:46:29.462 +05:30 [INF] Request finished HTTP/2 GET https://localhost:7186/api/Question/user/1/3/2 - 400 null application/json; charset=utf-8 89.2862ms
2025-11-06 15:56:22.584 +05:30 [INF] Request starting HTTP/2 GET https://localhost:7186/api/TestLevel/available-tests - null null
2025-11-06 15:56:22.610 +05:30 [INF] Executing endpoint 'SkillAssessmentPortal.Controllers.TestLevelController.GetAvailableTestsForUser (SkillAssesmentPortal)'
2025-11-06 15:56:22.619 +05:30 [INF] Route matched with {action = "GetAvailableTestsForUser", controller = "TestLevel"}. Executing controller action with signature System.Threading.Tasks.Task`1[Microsoft.AspNetCore.Mvc.IActionResult] GetAvailableTestsForUser() on controller SkillAssessmentPortal.Controllers.TestLevelController (SkillAssesmentPortal).
2025-11-06 15:56:22.643 +05:30 [INF] GET /api/TestLevel/available-tests - Fetching available tests for user
2025-11-06 15:56:22.646 +05:30 [INF] Filtering available tests for user based on levels and questions
2025-11-06 15:56:22.650 +05:30 [INF] Fetching all tests from database
2025-11-06 15:56:22.861 +05:30 [INF] Executed DbCommand (85ms) [Parameters=[], CommandType='"Text"', CommandTimeout='30']
SELECT [t].[TestId], [t].[CategoryId], [t].[CreatedAt], [t].[CreatedBy], [t].[DurationMins], [t].[TestName], [t].[TotalMarks], [t].[TotalQuestions], [c].[CategoryId], [c].[CategoryName], [c].[Description], [u].[UserId], [u].[CreatedAt], [u].[Email], [u].[Name], [u].[PasswordHash], [u].[Role]
FROM [Tests] AS [t]
INNER JOIN [Categories] AS [c] ON [t].[CategoryId] = [c].[CategoryId]
INNER JOIN [Users] AS [u] ON [t].[CreatedBy] = [u].[UserId]
2025-11-06 15:56:22.873 +05:30 [INF] Successfully retrieved 3 tests
2025-11-06 15:56:22.878 +05:30 [INF] Found 0 tests available for user out of 3 total tests
2025-11-06 15:56:22.881 +05:30 [INF] Successfully retrieved 0 available tests for user
2025-11-06 15:56:22.886 +05:30 [INF] Executing OkObjectResult, writing value of type 'System.Collections.Generic.List`1[[SkillAssessmentPortal.Models.Test, SkillAssesmentPortal, Version=1.0.0.0, Culture=neutral, PublicKeyToken=null]]'.
2025-11-06 15:56:22.891 +05:30 [INF] Executed action SkillAssessmentPortal.Controllers.TestLevelController.GetAvailableTestsForUser (SkillAssesmentPortal) in 266.1848ms
2025-11-06 15:56:22.894 +05:30 [INF] Executed endpoint 'SkillAssessmentPortal.Controllers.TestLevelController.GetAvailableTestsForUser (SkillAssesmentPortal)'
2025-11-06 15:56:22.895 +05:30 [INF] Request finished HTTP/2 GET https://localhost:7186/api/TestLevel/available-tests - 200 null application/json; charset=utf-8 314.2243ms
2025-11-06 16:17:47.587 +05:30 [INF] Request starting HTTP/2 GET https://localhost:7186/api/Result/user/8/test/1 - null null
2025-11-06 16:17:47.750 +05:30 [INF] Executing endpoint 'SkillAssessmentPortal.Controllers.ResultController.GetUserResults (SkillAssesmentPortal)'
2025-11-06 16:17:47.770 +05:30 [INF] Route matched with {action = "GetUserResults", controller = "Result"}. Executing controller action with signature System.Threading.Tasks.Task`1[Microsoft.AspNetCore.Mvc.IActionResult] GetUserResults(Int32, Int32) on controller SkillAssessmentPortal.Controllers.ResultController (SkillAssesmentPortal).
2025-11-06 16:17:47.874 +05:30 [INF] Fetching results for UserId: 8, TestId: 1
2025-11-06 16:17:48.070 +05:30 [INF] Executed DbCommand (25ms) [Parameters=[@__userId_0='?' (DbType = Int32), @__testId_1='?' (DbType = Int32)], CommandType='"Text"', CommandTimeout='30']
SELECT [r].[ResultId], [r].[AttemptNumber], [r].[DateAttempted], [r].[Percentage], [r].[ResultStatus], [r].[Score], [r].[Suggestion], [r].[TestId], [r].[TestLevelId], [r].[TimeTakenSecs], [r].[UserId], [t].[TestLevelId], [t].[LevelName], [t].[PassingScore], [t].[TestId], [t].[VideoLink]
FROM [Results] AS [r]
INNER JOIN [TestLevels] AS [t] ON [r].[TestLevelId] = [t].[TestLevelId]
WHERE [r].[UserId] = @__userId_0 AND [r].[TestId] = @__testId_1
2025-11-06 16:17:48.114 +05:30 [INF] Retrieved 3 results for UserId: 8, TestId: 1
2025-11-06 16:17:48.123 +05:30 [INF] Executing OkObjectResult, writing value of type 'System.Linq.Enumerable+SelectListIterator`2[[SkillAssessmentPortal.Models.Result, SkillAssesmentPortal, Version=1.0.0.0, Culture=neutral, PublicKeyToken=null],[SkillAssessmentPortal.DTOs.Result.ResultResponseDto, SkillAssesmentPortal, Version=1.0.0.0, Culture=neutral, PublicKeyToken=null]]'.
2025-11-06 16:17:48.146 +05:30 [INF] Executed action SkillAssessmentPortal.Controllers.ResultController.GetUserResults (SkillAssesmentPortal) in 369.8169ms
2025-11-06 16:17:48.155 +05:30 [INF] Executed endpoint 'SkillAssessmentPortal.Controllers.ResultController.GetUserResults (SkillAssesmentPortal)'
2025-11-06 16:17:48.164 +05:30 [INF] Request finished HTTP/2 GET https://localhost:7186/api/Result/user/8/test/1 - 200 null application/json; charset=utf-8 591.3843ms
2025-11-06 16:18:07.241 +05:30 [INF] Request starting HTTP/2 GET https://localhost:7186/api/Result/certificate/download/8/1 - null null
2025-11-06 16:18:07.267 +05:30 [INF] Executing endpoint 'SkillAssessmentPortal.Controllers.ResultController.DownloadCertificate (SkillAssesmentPortal)'
2025-11-06 16:18:07.336 +05:30 [INF] Route matched with {action = "DownloadCertificate", controller = "Result"}. Executing controller action with signature System.Threading.Tasks.Task`1[Microsoft.AspNetCore.Mvc.IActionResult] DownloadCertificate(Int32, Int32) on controller SkillAssessmentPortal.Controllers.ResultController (SkillAssesmentPortal).
2025-11-06 16:18:07.369 +05:30 [INF] Certificate download requested for UserId: 8, TestId: 1
2025-11-06 16:18:07.400 +05:30 [INF] Fetching certificate for UserId: 8, TestId: 1
2025-11-06 16:18:07.547 +05:30 [INF] Executed DbCommand (15ms) [Parameters=[@__userId_0='?' (DbType = Int32), @__testId_1='?' (DbType = Int32)], CommandType='"Text"', CommandTimeout='30']
SELECT TOP(1) [c].[CertificateId], [c].[CertificateURL], [c].[IssueDate], [c].[TestId], [c].[UserId]
FROM [Certificates] AS [c]
WHERE [c].[UserId] = @__userId_0 AND [c].[TestId] = @__testId_1
2025-11-06 16:18:07.560 +05:30 [INF] No certificate found for UserId: 8, TestId: 1
2025-11-06 16:18:07.565 +05:30 [WRN] Certificate not found for UserId: 8, TestId: 1
2025-11-06 16:18:07.575 +05:30 [INF] Executing NotFoundObjectResult, writing value of type '<>f__AnonymousType0`1[[System.String, System.Private.CoreLib, Version=8.0.0.0, Culture=neutral, PublicKeyToken=7cec85d7bea7798e]]'.
2025-11-06 16:18:07.581 +05:30 [INF] Executed action SkillAssessmentPortal.Controllers.ResultController.DownloadCertificate (SkillAssesmentPortal) in 239.5716ms
2025-11-06 16:18:07.586 +05:30 [INF] Executed endpoint 'SkillAssessmentPortal.Controllers.ResultController.DownloadCertificate (SkillAssesmentPortal)'
2025-11-06 16:18:07.590 +05:30 [INF] Request finished HTTP/2 GET https://localhost:7186/api/Result/certificate/download/8/1 - 404 null application/json; charset=utf-8 349.0669ms
2025-11-06 16:28:23.529 +05:30 [INF] User profile is available. Using 'C:\Users\abdul\AppData\Local\ASP.NET\DataProtection-Keys' as key repository and Windows DPAPI to encrypt keys at rest.
2025-11-06 16:28:28.480 +05:30 [INF] Now listening on: https://localhost:7186
2025-11-06 16:28:28.748 +05:30 [INF] Now listening on: http://localhost:5216
2025-11-06 16:28:30.130 +05:30 [INF] Application started. Press Ctrl+C to shut down.
2025-11-06 16:28:31.177 +05:30 [INF] Hosting environment: Development
2025-11-06 16:28:32.222 +05:30 [INF] Content root path: C:\Users\abdul\Source\Repos\SkillAssesmentPortal
2025-11-06 16:28:32.258 +05:30 [INF] Request starting HTTP/2 GET https://localhost:7186/swagger/index.html - null null
2025-11-06 16:28:37.873 +05:30 [INF] Request starting HTTP/2 GET https://localhost:7186/_framework/aspnetcore-browser-refresh.js - null null
2025-11-06 16:28:37.874 +05:30 [INF] Request starting HTTP/2 GET https://localhost:7186/_vs/browserLink - null null
2025-11-06 16:28:37.939 +05:30 [INF] Request finished HTTP/2 GET https://localhost:7186/swagger/index.html - 200 null text/html;charset=utf-8 5870.1221ms
2025-11-06 16:28:38.108 +05:30 [INF] Request finished HTTP/2 GET https://localhost:7186/_framework/aspnetcore-browser-refresh.js - 200 16525 application/javascript; charset=utf-8 262.963ms
2025-11-06 16:28:38.736 +05:30 [INF] Request finished HTTP/2 GET https://localhost:7186/_vs/browserLink - 200 null text/javascript; charset=UTF-8 892.0113ms
2025-11-06 16:28:39.088 +05:30 [INF] Request starting HTTP/2 GET https://localhost:7186/swagger/v1/swagger.json - null null
2025-11-06 16:28:39.593 +05:30 [INF] Request finished HTTP/2 GET https://localhost:7186/swagger/v1/swagger.json - 200 null application/json;charset=utf-8 505.9109ms
2025-11-06 16:29:21.191 +05:30 [INF] Request starting HTTP/2 GET https://localhost:7186/api/Result/certificate/download/8/1 - null null
2025-11-06 16:29:21.476 +05:30 [INF] Authorization failed. These requirements were not met:
DenyAnonymousAuthorizationRequirement: Requires an authenticated user.
2025-11-06 16:29:21.492 +05:30 [INF] AuthenticationScheme: Bearer was challenged.
2025-11-06 16:29:21.497 +05:30 [INF] Request finished HTTP/2 GET https://localhost:7186/api/Result/certificate/download/8/1 - 401 0 null 308.8009ms
2025-11-06 16:29:56.985 +05:30 [INF] Request starting HTTP/2 POST https://localhost:7186/api/Auth/login - application/json 58
2025-11-06 16:29:57.025 +05:30 [INF] CORS policy execution successful.
2025-11-06 16:29:57.050 +05:30 [INF] Executing endpoint 'SkillAssessmentPortal.Controllers.AuthController.Login (SkillAssesmentPortal)'
2025-11-06 16:29:57.171 +05:30 [INF] Route matched with {action = "Login", controller = "Auth"}. Executing controller action with signature System.Threading.Tasks.Task`1[Microsoft.AspNetCore.Mvc.IActionResult] Login(SkillAssessmentPortal.DTOs.Auth.LoginDto) on controller SkillAssessmentPortal.Controllers.AuthController (SkillAssesmentPortal).
2025-11-06 16:29:57.933 +05:30 [INF] Login attempt for email: abd***
2025-11-06 16:30:03.129 +05:30 [INF] Executed DbCommand (275ms) [Parameters=[@__email_0='?' (Size = 150)], CommandType='"Text"', CommandTimeout='30']
SELECT TOP(1) [u].[UserId], [u].[CreatedAt], [u].[Email], [u].[Name], [u].[PasswordHash], [u].[Role]
FROM [Users] AS [u]
WHERE [u].[Email] = @__email_0
2025-11-06 16:30:04.295 +05:30 [INF] Generating JWT token for UserId: 8, Role: "User"
2025-11-06 16:30:04.401 +05:30 [INF] JWT token generated successfully for UserId: 8, expires: "2025-11-08T16:30:04.3018857+05:30"
2025-11-06 16:30:04.407 +05:30 [INF] Login successful for UserId: 8, Role: "User"
2025-11-06 16:30:04.447 +05:30 [INF] Executing OkObjectResult, writing value of type 'SkillAssessmentPortal.DTOs.Auth.LoginResponseDto'.
2025-11-06 16:30:04.483 +05:30 [INF] Executed action SkillAssessmentPortal.Controllers.AuthController.Login (SkillAssesmentPortal) in 7290.1136ms
2025-11-06 16:30:04.491 +05:30 [INF] Executed endpoint 'SkillAssessmentPortal.Controllers.AuthController.Login (SkillAssesmentPortal)'
2025-11-06 16:30:04.521 +05:30 [INF] Request finished HTTP/2 POST https://localhost:7186/api/Auth/login - 200 null application/json; charset=utf-8 7535.7878ms
2025-11-06 16:30:39.009 +05:30 [INF] Request starting HTTP/2 GET https://localhost:7186/api/Result/certificate/download/8/1 - null null
2025-11-06 16:30:39.233 +05:30 [INF] Executing endpoint 'SkillAssessmentPortal.Controllers.ResultController.DownloadCertificate (SkillAssesmentPortal)'
2025-11-06 16:30:39.254 +05:30 [INF] Route matched with {action = "DownloadCertificate", controller = "Result"}. Executing controller action with signature System.Threading.Tasks.Task`1[Microsoft.AspNetCore.Mvc.IActionResult] DownloadCertificate(Int32, Int32) on controller SkillAssessmentPortal.Controllers.ResultController (SkillAssesmentPortal).
2025-11-06 16:30:39.323 +05:30 [INF] Certificate download requested for UserId: 8, TestId: 1
2025-11-06 16:30:39.337 +05:30 [INF] Fetching certificate for UserId: 8, TestId: 1
2025-11-06 16:30:39.434 +05:30 [INF] Executed DbCommand (35ms) [Parameters=[@__userId_0='?' (DbType = Int32), @__testId_1='?' (DbType = Int32)], CommandType='"Text"', CommandTimeout='30']
SELECT TOP(1) [c].[CertificateId], [c].[CertificateURL], [c].[IssueDate], [c].[TestId], [c].[UserId]
FROM [Certificates] AS [c]
WHERE [c].[UserId] = @__userId_0 AND [c].[TestId] = @__testId_1
2025-11-06 16:30:39.570 +05:30 [INF] Certificate found for UserId: 8, TestId: 1
2025-11-06 16:30:39.574 +05:30 [WRN] Certificate not found for UserId: 8, TestId: 1
2025-11-06 16:30:39.580 +05:30 [INF] Executing NotFoundObjectResult, writing value of type '<>f__AnonymousType0`1[[System.String, System.Private.CoreLib, Version=8.0.0.0, Culture=neutral, PublicKeyToken=7cec85d7bea7798e]]'.
2025-11-06 16:30:39.594 +05:30 [INF] Executed action SkillAssessmentPortal.Controllers.ResultController.DownloadCertificate (SkillAssesmentPortal) in 329.4629ms
2025-11-06 16:30:39.601 +05:30 [INF] Executed endpoint 'SkillAssessmentPortal.Controllers.ResultController.DownloadCertificate (SkillAssesmentPortal)'
2025-11-06 16:30:39.606 +05:30 [INF] Request finished HTTP/2 GET https://localhost:7186/api/Result/certificate/download/8/1 - 404 null application/json; charset=utf-8 603.3341ms
2025-11-06 16:31:15.406 +05:30 [INF] Request starting HTTP/2 GET https://localhost:7186/api/Result/user/8/test/1 - null null
2025-11-06 16:31:15.450 +05:30 [INF] Executing endpoint 'SkillAssessmentPortal.Controllers.ResultController.GetUserResults (SkillAssesmentPortal)'
2025-11-06 16:31:15.471 +05:30 [INF] Route matched with {action = "GetUserResults", controller = "Result"}. Executing controller action with signature System.Threading.Tasks.Task`1[Microsoft.AspNetCore.Mvc.IActionResult] GetUserResults(Int32, Int32) on controller SkillAssessmentPortal.Controllers.ResultController (SkillAssesmentPortal).
2025-11-06 16:31:15.719 +05:30 [INF] Fetching results for UserId: 8, TestId: 1
2025-11-06 16:31:16.061 +05:30 [INF] Executed DbCommand (39ms) [Parameters=[@__userId_0='?' (DbType = Int32), @__testId_1='?' (DbType = Int32)], CommandType='"Text"', CommandTimeout='30']
SELECT [r].[ResultId], [r].[AttemptNumber], [r].[DateAttempted], [r].[Percentage], [r].[ResultStatus], [r].[Score], [r].[Suggestion], [r].[TestId], [r].[TestLevelId], [r].[TimeTakenSecs], [r].[UserId], [t].[TestLevelId], [t].[LevelName], [t].[PassingScore], [t].[TestId], [t].[VideoLink]
FROM [Results] AS [r]
INNER JOIN [TestLevels] AS [t] ON [r].[TestLevelId] = [t].[TestLevelId]
WHERE [r].[UserId] = @__userId_0 AND [r].[TestId] = @__testId_1
2025-11-06 16:31:16.245 +05:30 [INF] Retrieved 3 results for UserId: 8, TestId: 1
2025-11-06 16:31:16.252 +05:30 [INF] Executing OkObjectResult, writing value of type 'System.Linq.Enumerable+SelectListIterator`2[[SkillAssessmentPortal.Models.Result, SkillAssesmentPortal, Version=1.0.0.0, Culture=neutral, PublicKeyToken=null],[SkillAssessmentPortal.DTOs.Result.ResultResponseDto, SkillAssesmentPortal, Version=1.0.0.0, Culture=neutral, PublicKeyToken=null]]'.
2025-11-06 16:31:16.313 +05:30 [INF] Executed action SkillAssessmentPortal.Controllers.ResultController.GetUserResults (SkillAssesmentPortal) in 833.7556ms
2025-11-06 16:31:16.318 +05:30 [INF] Executed endpoint 'SkillAssessmentPortal.Controllers.ResultController.GetUserResults (SkillAssesmentPortal)'
2025-11-06 16:31:16.322 +05:30 [INF] Request finished HTTP/2 GET https://localhost:7186/api/Result/user/8/test/1 - 200 null application/json; charset=utf-8 917.553ms
2025-11-06 16:31:30.471 +05:30 [INF] Request starting HTTP/2 GET https://localhost:7186/api/Result/certificate/download/8/1 - null null
2025-11-06 16:31:30.508 +05:30 [INF] Executing endpoint 'SkillAssessmentPortal.Controllers.ResultController.DownloadCertificate (SkillAssesmentPortal)'
2025-11-06 16:31:30.514 +05:30 [INF] Route matched with {action = "DownloadCertificate", controller = "Result"}. Executing controller action with signature System.Threading.Tasks.Task`1[Microsoft.AspNetCore.Mvc.IActionResult] DownloadCertificate(Int32, Int32) on controller SkillAssessmentPortal.Controllers.ResultController (SkillAssesmentPortal).
2025-11-06 16:31:30.544 +05:30 [INF] Certificate download requested for UserId: 8, TestId: 1
2025-11-06 16:31:30.550 +05:30 [INF] Fetching certificate for UserId: 8, TestId: 1
2025-11-06 16:31:30.576 +05:30 [INF] Executed DbCommand (10ms) [Parameters=[@__userId_0='?' (DbType = Int32), @__testId_1='?' (DbType = Int32)], CommandType='"Text"', CommandTimeout='30']
SELECT TOP(1) [c].[CertificateId], [c].[CertificateURL], [c].[IssueDate], [c].[TestId], [c].[UserId]
FROM [Certificates] AS [c]
WHERE [c].[UserId] = @__userId_0 AND [c].[TestId] = @__testId_1
2025-11-06 16:31:30.585 +05:30 [INF] Certificate found for UserId: 8, TestId: 1
2025-11-06 16:31:30.589 +05:30 [WRN] Certificate not found for UserId: 8, TestId: 1
2025-11-06 16:31:30.592 +05:30 [INF] Executing NotFoundObjectResult, writing value of type '<>f__AnonymousType0`1[[System.String, System.Private.CoreLib, Version=8.0.0.0, Culture=neutral, PublicKeyToken=7cec85d7bea7798e]]'.
2025-11-06 16:31:30.596 +05:30 [INF] Executed action SkillAssessmentPortal.Controllers.ResultController.DownloadCertificate (SkillAssesmentPortal) in 76.7719ms
2025-11-06 16:31:30.601 +05:30 [INF] Executed endpoint 'SkillAssessmentPortal.Controllers.ResultController.DownloadCertificate (SkillAssesmentPortal)'
2025-11-06 16:31:30.605 +05:30 [INF] Request finished HTTP/2 GET https://localhost:7186/api/Result/certificate/download/8/1 - 404 null application/json; charset=utf-8 134.9504ms
2025-11-06 17:50:54.072 +05:30 [INF] Executed DbCommand (47ms) [Parameters=[], CommandType='"Text"', CommandTimeout='30']
SELECT 1
2025-11-06 17:50:54.257 +05:30 [INF] Acquiring an exclusive lock for migration application. See https://aka.ms/efcore-docs-migrations-lock for more information if this takes too long.
2025-11-06 17:50:54.503 +05:30 [INF] Executed DbCommand (235ms) [Parameters=[], CommandType='"Text"', CommandTimeout='30']
DECLARE @result int;
EXEC @result = sp_getapplock @Resource = '__EFMigrationsLock', @LockOwner = 'Session', @LockMode = 'Exclusive';
SELECT @result
2025-11-06 17:50:54.758 +05:30 [INF] Executed DbCommand (37ms) [Parameters=[], CommandType='"Text"', CommandTimeout='30']
IF OBJECT_ID(N'[__EFMigrationsHistory]') IS NULL
BEGIN
    CREATE TABLE [__EFMigrationsHistory] (
        [MigrationId] nvarchar(150) NOT NULL,
        [ProductVersion] nvarchar(32) NOT NULL,
        CONSTRAINT [PK___EFMigrationsHistory] PRIMARY KEY ([MigrationId])
    );
END;
2025-11-06 17:50:54.783 +05:30 [INF] Executed DbCommand (1ms) [Parameters=[], CommandType='"Text"', CommandTimeout='30']
SELECT 1
2025-11-06 17:50:54.786 +05:30 [INF] Executed DbCommand (2ms) [Parameters=[], CommandType='"Text"', CommandTimeout='30']
SELECT OBJECT_ID(N'[__EFMigrationsHistory]');
2025-11-06 17:50:54.857 +05:30 [INF] Executed DbCommand (65ms) [Parameters=[], CommandType='"Text"', CommandTimeout='30']
SELECT [MigrationId], [ProductVersion]
FROM [__EFMigrationsHistory]
ORDER BY [MigrationId];
2025-11-06 17:50:54.890 +05:30 [INF] Applying migration '20251106122013_AddDurationMinsToTestLevel'.
2025-11-06 17:50:55.122 +05:30 [INF] Executed DbCommand (134ms) [Parameters=[], CommandType='"Text"', CommandTimeout='30']
ALTER TABLE [TestLevels] ADD [DurationMins] int NOT NULL DEFAULT 0;
2025-11-06 17:50:55.167 +05:30 [INF] Executed DbCommand (38ms) [Parameters=[], CommandType='"Text"', CommandTimeout='30']
UPDATE [TestLevels] SET [DurationMins] = 0
WHERE [TestLevelId] = 1;
SELECT @@ROWCOUNT;
2025-11-06 17:50:55.205 +05:30 [INF] Executed DbCommand (38ms) [Parameters=[], CommandType='"Text"', CommandTimeout='30']
UPDATE [TestLevels] SET [DurationMins] = 0
WHERE [TestLevelId] = 2;
SELECT @@ROWCOUNT;
2025-11-06 17:50:55.247 +05:30 [INF] Executed DbCommand (42ms) [Parameters=[], CommandType='"Text"', CommandTimeout='30']
UPDATE [TestLevels] SET [DurationMins] = 0
WHERE [TestLevelId] = 3;
SELECT @@ROWCOUNT;
2025-11-06 17:50:55.254 +05:30 [INF] Executed DbCommand (5ms) [Parameters=[], CommandType='"Text"', CommandTimeout='30']
UPDATE [TestLevels] SET [DurationMins] = 0
WHERE [TestLevelId] = 4;
SELECT @@ROWCOUNT;
2025-11-06 17:50:55.259 +05:30 [INF] Executed DbCommand (5ms) [Parameters=[], CommandType='"Text"', CommandTimeout='30']
UPDATE [TestLevels] SET [DurationMins] = 0
WHERE [TestLevelId] = 5;
SELECT @@ROWCOUNT;
2025-11-06 17:50:55.267 +05:30 [INF] Executed DbCommand (6ms) [Parameters=[], CommandType='"Text"', CommandTimeout='30']
UPDATE [TestLevels] SET [DurationMins] = 0
WHERE [TestLevelId] = 6;
SELECT @@ROWCOUNT;
2025-11-06 17:50:55.276 +05:30 [INF] Executed DbCommand (9ms) [Parameters=[], CommandType='"Text"', CommandTimeout='30']
UPDATE [TestLevels] SET [DurationMins] = 0
WHERE [TestLevelId] = 7;
SELECT @@ROWCOUNT;
2025-11-06 17:50:55.310 +05:30 [INF] Executed DbCommand (33ms) [Parameters=[], CommandType='"Text"', CommandTimeout='30']
INSERT INTO [__EFMigrationsHistory] ([MigrationId], [ProductVersion])
VALUES (N'20251106122013_AddDurationMinsToTestLevel', N'9.0.10');
2025-11-06 17:50:55.344 +05:30 [INF] Executed DbCommand (23ms) [Parameters=[], CommandType='"Text"', CommandTimeout='30']
DECLARE @result int;
EXEC @result = sp_releaseapplock @Resource = '__EFMigrationsLock', @LockOwner = 'Session';
SELECT @result
2025-11-06 18:33:44.605 +05:30 [INF] User profile is available. Using 'C:\Users\abdul\AppData\Local\ASP.NET\DataProtection-Keys' as key repository and Windows DPAPI to encrypt keys at rest.
2025-11-06 18:33:45.235 +05:30 [INF] Now listening on: https://localhost:7186
2025-11-06 18:33:45.239 +05:30 [INF] Now listening on: http://localhost:5216
2025-11-06 18:33:45.401 +05:30 [INF] Application started. Press Ctrl+C to shut down.
2025-11-06 18:33:45.403 +05:30 [INF] Hosting environment: Development
2025-11-06 18:33:45.404 +05:30 [INF] Content root path: C:\Users\abdul\Source\Repos\SkillAssesmentPortal
2025-11-06 18:33:46.834 +05:30 [INF] Request starting HTTP/2 GET https://localhost:7186/swagger/index.html - null null
2025-11-06 18:33:47.559 +05:30 [INF] Request finished HTTP/2 GET https://localhost:7186/swagger/index.html - 200 null text/html;charset=utf-8 752.6951ms
2025-11-06 18:33:47.583 +05:30 [INF] Request starting HTTP/2 GET https://localhost:7186/_framework/aspnetcore-browser-refresh.js - null null
2025-11-06 18:33:47.584 +05:30 [INF] Request starting HTTP/2 GET https://localhost:7186/_vs/browserLink - null null
2025-11-06 18:33:47.658 +05:30 [INF] Request finished HTTP/2 GET https://localhost:7186/_framework/aspnetcore-browser-refresh.js - 200 16525 application/javascript; charset=utf-8 74.831ms
2025-11-06 18:33:47.802 +05:30 [INF] Request finished HTTP/2 GET https://localhost:7186/_vs/browserLink - 200 null text/javascript; charset=UTF-8 218.7216ms
2025-11-06 18:33:47.884 +05:30 [INF] Request starting HTTP/2 GET https://localhost:7186/swagger/v1/swagger.json - null null
2025-11-06 18:33:47.998 +05:30 [INF] Request finished HTTP/2 GET https://localhost:7186/swagger/v1/swagger.json - 200 null application/json;charset=utf-8 115.2257ms
2025-11-06 18:34:39.424 +05:30 [INF] Request starting HTTP/2 POST https://localhost:7186/api/Auth/login - application/json 58
2025-11-06 18:34:39.453 +05:30 [INF] CORS policy execution successful.
2025-11-06 18:34:39.719 +05:30 [INF] Executing endpoint 'SkillAssessmentPortal.Controllers.AuthController.Login (SkillAssesmentPortal)'
2025-11-06 18:34:39.830 +05:30 [INF] Route matched with {action = "Login", controller = "Auth"}. Executing controller action with signature System.Threading.Tasks.Task`1[Microsoft.AspNetCore.Mvc.IActionResult] Login(SkillAssessmentPortal.DTOs.Auth.LoginDto) on controller SkillAssessmentPortal.Controllers.AuthController (SkillAssesmentPortal).
2025-11-06 18:34:40.728 +05:30 [INF] Login attempt for email: abd***
2025-11-06 18:34:46.501 +05:30 [INF] Executed DbCommand (281ms) [Parameters=[@__email_0='?' (Size = 150)], CommandType='"Text"', CommandTimeout='30']
SELECT TOP(1) [u].[UserId], [u].[CreatedAt], [u].[Email], [u].[Name], [u].[PasswordHash], [u].[Role]
FROM [Users] AS [u]
WHERE [u].[Email] = @__email_0
2025-11-06 18:34:47.638 +05:30 [INF] Generating JWT token for UserId: 8, Role: "User"
2025-11-06 18:34:47.737 +05:30 [INF] JWT token generated successfully for UserId: 8, expires: "2025-11-08T18:34:47.6437842+05:30"
2025-11-06 18:34:47.748 +05:30 [INF] Login successful for UserId: 8, Role: "User"
2025-11-06 18:34:47.782 +05:30 [INF] Executing OkObjectResult, writing value of type 'SkillAssessmentPortal.DTOs.Auth.LoginResponseDto'.
2025-11-06 18:34:47.837 +05:30 [INF] Executed action SkillAssessmentPortal.Controllers.AuthController.Login (SkillAssesmentPortal) in 7965.3329ms
2025-11-06 18:34:47.845 +05:30 [INF] Executed endpoint 'SkillAssessmentPortal.Controllers.AuthController.Login (SkillAssesmentPortal)'
2025-11-06 18:34:47.869 +05:30 [INF] Request finished HTTP/2 POST https://localhost:7186/api/Auth/login - 200 null application/json; charset=utf-8 8445.1007ms
2025-11-06 18:36:39.479 +05:30 [INF] Request starting HTTP/2 GET https://localhost:7186/api/Category - null null
2025-11-06 18:36:39.710 +05:30 [INF] Executing endpoint 'SkillAssessmentPortal.Controllers.CategoryController.GetAll (SkillAssesmentPortal)'
2025-11-06 18:36:39.728 +05:30 [INF] Route matched with {action = "GetAll", controller = "Category"}. Executing controller action with signature System.Threading.Tasks.Task`1[Microsoft.AspNetCore.Mvc.IActionResult] GetAll() on controller SkillAssessmentPortal.Controllers.CategoryController (SkillAssesmentPortal).
2025-11-06 18:36:39.746 +05:30 [INF] GET /api/Category - Fetching all categories
2025-11-06 18:36:39.759 +05:30 [INF] Fetching all categories from database
2025-11-06 18:36:39.901 +05:30 [INF] Executed DbCommand (31ms) [Parameters=[], CommandType='"Text"', CommandTimeout='30']
SELECT [c].[CategoryId], [c].[CategoryName], [c].[Description]
FROM [Categories] AS [c]
2025-11-06 18:36:39.914 +05:30 [INF] Successfully retrieved 3 categories
2025-11-06 18:36:39.923 +05:30 [INF] Successfully retrieved 3 categories
2025-11-06 18:36:39.928 +05:30 [INF] Executing OkObjectResult, writing value of type 'System.Linq.Enumerable+SelectListIterator`2[[SkillAssessmentPortal.Models.Category, SkillAssesmentPortal, Version=1.0.0.0, Culture=neutral, PublicKeyToken=null],[SkillAssessmentPortal.DTOs.Category.CategoryResponseDto, SkillAssesmentPortal, Version=1.0.0.0, Culture=neutral, PublicKeyToken=null]]'.
2025-11-06 18:36:39.939 +05:30 [INF] Executed action SkillAssessmentPortal.Controllers.CategoryController.GetAll (SkillAssesmentPortal) in 200.3972ms
2025-11-06 18:36:39.944 +05:30 [INF] Executed endpoint 'SkillAssessmentPortal.Controllers.CategoryController.GetAll (SkillAssesmentPortal)'
2025-11-06 18:36:39.948 +05:30 [INF] Request finished HTTP/2 GET https://localhost:7186/api/Category - 200 null application/json; charset=utf-8 471.3478ms
2025-11-06 18:38:14.449 +05:30 [INF] Request starting HTTP/2 GET https://localhost:7186/api/TestLevel - null null
2025-11-06 18:38:14.483 +05:30 [INF] Executing endpoint 'SkillAssessmentPortal.Controllers.TestLevelController.GetAll (SkillAssesmentPortal)'
2025-11-06 18:38:14.501 +05:30 [INF] Route matched with {action = "GetAll", controller = "TestLevel"}. Executing controller action with signature System.Threading.Tasks.Task`1[Microsoft.AspNetCore.Mvc.IActionResult] GetAll() on controller SkillAssessmentPortal.Controllers.TestLevelController (SkillAssesmentPortal).
2025-11-06 18:38:14.518 +05:30 [INF] GET /api/TestLevel - Fetching all test levels
2025-11-06 18:38:14.526 +05:30 [INF] Fetching all test levels from repository
2025-11-06 18:38:14.535 +05:30 [INF] Fetching all test levels from database
2025-11-06 18:38:15.058 +05:30 [INF] Executed DbCommand (68ms) [Parameters=[], CommandType='"Text"', CommandTimeout='30']
SELECT [t].[TestLevelId], [t].[DurationMins], [t].[LevelName], [t].[PassingScore], [t].[TestId], [t].[VideoLink], [t0].[TestId], [t0].[CategoryId], [t0].[CreatedAt], [t0].[CreatedBy], [t0].[DurationMins], [t0].[TestName], [t0].[TotalMarks], [t0].[TotalQuestions]
FROM [TestLevels] AS [t]
INNER JOIN [Tests] AS [t0] ON [t].[TestId] = [t0].[TestId]
2025-11-06 18:38:15.322 +05:30 [INF] Successfully retrieved 9 test levels from database
2025-11-06 18:38:15.327 +05:30 [INF] Successfully retrieved 9 test levels
2025-11-06 18:38:15.336 +05:30 [INF] Successfully retrieved 9 test levels
2025-11-06 18:38:15.343 +05:30 [INF] Executing OkObjectResult, writing value of type 'System.Linq.Enumerable+SelectListIterator`2[[SkillAssessmentPortal.Models.TestLevel, SkillAssesmentPortal, Version=1.0.0.0, Culture=neutral, PublicKeyToken=null],[SkillAssessmentPortal.DTOs.TestLevel.TestLevelResponseDto, SkillAssesmentPortal, Version=1.0.0.0, Culture=neutral, PublicKeyToken=null]]'.
2025-11-06 18:38:15.378 +05:30 [INF] Executed action SkillAssessmentPortal.Controllers.TestLevelController.GetAll (SkillAssesmentPortal) in 870.1601ms
2025-11-06 18:38:15.381 +05:30 [INF] Executed endpoint 'SkillAssessmentPortal.Controllers.TestLevelController.GetAll (SkillAssesmentPortal)'
2025-11-06 18:38:15.388 +05:30 [INF] Request finished HTTP/2 GET https://localhost:7186/api/TestLevel - 200 null application/json; charset=utf-8 940.516ms
2025-11-06 18:42:04.398 +05:30 [INF] Request starting HTTP/2 POST https://localhost:7186/api/Test - application/json 128
2025-11-06 18:42:04.410 +05:30 [INF] CORS policy execution successful.
2025-11-06 18:42:04.421 +05:30 [INF] Executing endpoint 'SkillAssessmentPortal.Controllers.TestController.Create (SkillAssesmentPortal)'
2025-11-06 18:42:04.452 +05:30 [INF] Route matched with {action = "Create", controller = "Test"}. Executing controller action with signature System.Threading.Tasks.Task`1[Microsoft.AspNetCore.Mvc.IActionResult] Create(SkillAssessmentPortal.DTOs.Test.TestCreateDto) on controller SkillAssessmentPortal.Controllers.TestController (SkillAssesmentPortal).
2025-11-06 18:42:04.537 +05:30 [INF] Fetching category by ID: 3
2025-11-06 18:42:04.639 +05:30 [INF] Executed DbCommand (66ms) [Parameters=[@__id_0='?' (DbType = Int32)], CommandType='"Text"', CommandTimeout='30']
SELECT TOP(1) [c].[CategoryId], [c].[CategoryName], [c].[Description]
FROM [Categories] AS [c]
WHERE [c].[CategoryId] = @__id_0
2025-11-06 18:42:04.648 +05:30 [INF] Category found for ID: 3
2025-11-06 18:42:04.696 +05:30 [INF] Executed DbCommand (12ms) [Parameters=[@__id_0='?' (DbType = Int32)], CommandType='"Text"', CommandTimeout='30']
SELECT TOP(1) [u].[UserId], [u].[CreatedAt], [u].[Email], [u].[Name], [u].[PasswordHash], [u].[Role]
FROM [Users] AS [u]
WHERE [u].[UserId] = @__id_0
2025-11-06 18:42:04.712 +05:30 [INF] Fetching test by name: Soft Skills Mastery Test
2025-11-06 18:42:04.758 +05:30 [INF] Executed DbCommand (20ms) [Parameters=[@__testName_0='?' (Size = 150)], CommandType='"Text"', CommandTimeout='30']
SELECT TOP(1) [t].[TestId], [t].[CategoryId], [t].[CreatedAt], [t].[CreatedBy], [t].[DurationMins], [t].[TestName], [t].[TotalMarks], [t].[TotalQuestions]
FROM [Tests] AS [t]
WHERE [t].[TestName] = @__testName_0
2025-11-06 18:42:04.770 +05:30 [INF] Test not found for name: Soft Skills Mastery Test
2025-11-06 18:42:04.777 +05:30 [INF] Adding new test: Soft Skills Mastery Test
2025-11-06 18:42:05.286 +05:30 [INF] Executed DbCommand (75ms) [Parameters=[@p0='?' (DbType = Int32), @p1='?' (DbType = DateTime2), @p2='?' (DbType = Int32), @p3='?' (DbType = Int32), @p4='?' (Size = 150), @p5='?' (DbType = Int32), @p6='?' (DbType = Int32)], CommandType='"Text"', CommandTimeout='30']
SET IMPLICIT_TRANSACTIONS OFF;
SET NOCOUNT ON;
INSERT INTO [Tests] ([CategoryId], [CreatedAt], [CreatedBy], [DurationMins], [TestName], [TotalMarks], [TotalQuestions])
OUTPUT INSERTED.[TestId]
VALUES (@p0, @p1, @p2, @p3, @p4, @p5, @p6);
2025-11-06 18:42:05.392 +05:30 [INF] Test added successfully with ID: 5
2025-11-06 18:42:05.397 +05:30 [INF] Executing OkObjectResult, writing value of type '<>f__AnonymousType0`1[[System.String, System.Private.CoreLib, Version=8.0.0.0, Culture=neutral, PublicKeyToken=7cec85d7bea7798e]]'.
2025-11-06 18:42:05.417 +05:30 [INF] Executed action SkillAssessmentPortal.Controllers.TestController.Create (SkillAssesmentPortal) in 961.5804ms
2025-11-06 18:42:05.422 +05:30 [INF] Executed endpoint 'SkillAssessmentPortal.Controllers.TestController.Create (SkillAssesmentPortal)'
2025-11-06 18:42:05.427 +05:30 [INF] Request finished HTTP/2 POST https://localhost:7186/api/Test - 200 null application/json; charset=utf-8 1029.833ms
2025-11-06 18:42:49.766 +05:30 [INF] Request starting HTTP/2 POST https://localhost:7186/api/TestLevel - application/json 139
2025-11-06 18:42:49.780 +05:30 [INF] CORS policy execution successful.
2025-11-06 18:42:49.786 +05:30 [INF] Executing endpoint 'SkillAssessmentPortal.Controllers.TestLevelController.Create (SkillAssesmentPortal)'
2025-11-06 18:42:49.809 +05:30 [INF] Route matched with {action = "Create", controller = "TestLevel"}. Executing controller action with signature System.Threading.Tasks.Task`1[Microsoft.AspNetCore.Mvc.IActionResult] Create(SkillAssessmentPortal.DTOs.TestLevel.TestLevelCreateDto) on controller SkillAssessmentPortal.Controllers.TestLevelController (SkillAssesmentPortal).
2025-11-06 18:42:49.842 +05:30 [INF] POST /api/TestLevel - Creating test level for TestId: 5, Level: Easy
2025-11-06 18:42:49.850 +05:30 [INF] Creating test level for TestId: 5, Level: Easy, Duration: 30 mins
2025-11-06 18:42:49.861 +05:30 [INF] Fetching test by ID: 5
2025-11-06 18:42:49.956 +05:30 [INF] Executed DbCommand (20ms) [Parameters=[@__id_0='?' (DbType = Int32)], CommandType='"Text"', CommandTimeout='30']
SELECT TOP(1) [t].[TestId], [t].[CategoryId], [t].[CreatedAt], [t].[CreatedBy], [t].[DurationMins], [t].[TestName], [t].[TotalMarks], [t].[TotalQuestions], [c].[CategoryId], [c].[CategoryName], [c].[Description], [u].[UserId], [u].[CreatedAt], [u].[Email], [u].[Name], [u].[PasswordHash], [u].[Role]
FROM [Tests] AS [t]
INNER JOIN [Categories] AS [c] ON [t].[CategoryId] = [c].[CategoryId]
INNER JOIN [Users] AS [u] ON [t].[CreatedBy] = [u].[UserId]
WHERE [t].[TestId] = @__id_0
2025-11-06 18:42:50.054 +05:30 [INF] Test found for ID: 5
2025-11-06 18:42:50.060 +05:30 [WRN] Test level creation failed - Invalid YouTube link: https://youtube.com/easy-softskills
2025-11-06 18:42:50.063 +05:30 [WRN] Test level creation failed: Invalid video link. Must be a valid YouTube URL.
2025-11-06 18:42:50.070 +05:30 [INF] Executing BadRequestObjectResult, writing value of type '<>f__AnonymousType0`1[[System.String, System.Private.CoreLib, Version=8.0.0.0, Culture=neutral, PublicKeyToken=7cec85d7bea7798e]]'.
2025-11-06 18:42:50.074 +05:30 [INF] Executed action SkillAssessmentPortal.Controllers.TestLevelController.Create (SkillAssesmentPortal) in 255.4972ms
2025-11-06 18:42:50.082 +05:30 [INF] Executed endpoint 'SkillAssessmentPortal.Controllers.TestLevelController.Create (SkillAssesmentPortal)'
2025-11-06 18:42:50.101 +05:30 [INF] Request finished HTTP/2 POST https://localhost:7186/api/TestLevel - 400 null application/json; charset=utf-8 335.526ms
2025-11-06 18:43:04.684 +05:30 [INF] Request starting HTTP/2 POST https://localhost:7186/api/TestLevel - application/json 123
2025-11-06 18:43:04.711 +05:30 [INF] CORS policy execution successful.
2025-11-06 18:43:04.716 +05:30 [INF] Executing endpoint 'SkillAssessmentPortal.Controllers.TestLevelController.Create (SkillAssesmentPortal)'
2025-11-06 18:43:04.722 +05:30 [INF] Route matched with {action = "Create", controller = "TestLevel"}. Executing controller action with signature System.Threading.Tasks.Task`1[Microsoft.AspNetCore.Mvc.IActionResult] Create(SkillAssessmentPortal.DTOs.TestLevel.TestLevelCreateDto) on controller SkillAssessmentPortal.Controllers.TestLevelController (SkillAssesmentPortal).
2025-11-06 18:43:04.742 +05:30 [INF] POST /api/TestLevel - Creating test level for TestId: 5, Level: Easy
2025-11-06 18:43:04.748 +05:30 [INF] Creating test level for TestId: 5, Level: Easy, Duration: 30 mins
2025-11-06 18:43:04.756 +05:30 [INF] Fetching test by ID: 5
2025-11-06 18:43:04.782 +05:30 [INF] Executed DbCommand (6ms) [Parameters=[@__id_0='?' (DbType = Int32)], CommandType='"Text"', CommandTimeout='30']
SELECT TOP(1) [t].[TestId], [t].[CategoryId], [t].[CreatedAt], [t].[CreatedBy], [t].[DurationMins], [t].[TestName], [t].[TotalMarks], [t].[TotalQuestions], [c].[CategoryId], [c].[CategoryName], [c].[Description], [u].[UserId], [u].[CreatedAt], [u].[Email], [u].[Name], [u].[PasswordHash], [u].[Role]
FROM [Tests] AS [t]
INNER JOIN [Categories] AS [c] ON [t].[CategoryId] = [c].[CategoryId]
INNER JOIN [Users] AS [u] ON [t].[CreatedBy] = [u].[UserId]
WHERE [t].[TestId] = @__id_0
2025-11-06 18:43:04.798 +05:30 [INF] Test found for ID: 5
2025-11-06 18:43:04.803 +05:30 [WRN] Test level creation failed - Invalid YouTube link: https://youtube.com
2025-11-06 18:43:04.809 +05:30 [WRN] Test level creation failed: Invalid video link. Must be a valid YouTube URL.
2025-11-06 18:43:04.814 +05:30 [INF] Executing BadRequestObjectResult, writing value of type '<>f__AnonymousType0`1[[System.String, System.Private.CoreLib, Version=8.0.0.0, Culture=neutral, PublicKeyToken=7cec85d7bea7798e]]'.
2025-11-06 18:43:04.821 +05:30 [INF] Executed action SkillAssessmentPortal.Controllers.TestLevelController.Create (SkillAssesmentPortal) in 91.9775ms
2025-11-06 18:43:04.829 +05:30 [INF] Executed endpoint 'SkillAssessmentPortal.Controllers.TestLevelController.Create (SkillAssesmentPortal)'
2025-11-06 18:43:04.834 +05:30 [INF] Request finished HTTP/2 POST https://localhost:7186/api/TestLevel - 400 null application/json; charset=utf-8 150.8941ms
2025-11-06 18:43:44.439 +05:30 [INF] Request starting HTTP/2 POST https://localhost:7186/api/TestLevel - application/json 147
2025-11-06 18:43:44.474 +05:30 [INF] CORS policy execution successful.
2025-11-06 18:43:44.482 +05:30 [INF] Executing endpoint 'SkillAssessmentPortal.Controllers.TestLevelController.Create (SkillAssesmentPortal)'
2025-11-06 18:43:44.487 +05:30 [INF] Route matched with {action = "Create", controller = "TestLevel"}. Executing controller action with signature System.Threading.Tasks.Task`1[Microsoft.AspNetCore.Mvc.IActionResult] Create(SkillAssessmentPortal.DTOs.TestLevel.TestLevelCreateDto) on controller SkillAssessmentPortal.Controllers.TestLevelController (SkillAssesmentPortal).
2025-11-06 18:43:44.505 +05:30 [INF] POST /api/TestLevel - Creating test level for TestId: 5, Level: Easy
2025-11-06 18:43:44.511 +05:30 [INF] Creating test level for TestId: 5, Level: Easy, Duration: 30 mins
2025-11-06 18:43:44.520 +05:30 [INF] Fetching test by ID: 5
2025-11-06 18:43:44.534 +05:30 [INF] Executed DbCommand (4ms) [Parameters=[@__id_0='?' (DbType = Int32)], CommandType='"Text"', CommandTimeout='30']
SELECT TOP(1) [t].[TestId], [t].[CategoryId], [t].[CreatedAt], [t].[CreatedBy], [t].[DurationMins], [t].[TestName], [t].[TotalMarks], [t].[TotalQuestions], [c].[CategoryId], [c].[CategoryName], [c].[Description], [u].[UserId], [u].[CreatedAt], [u].[Email], [u].[Name], [u].[PasswordHash], [u].[Role]
FROM [Tests] AS [t]
INNER JOIN [Categories] AS [c] ON [t].[CategoryId] = [c].[CategoryId]
INNER JOIN [Users] AS [u] ON [t].[CreatedBy] = [u].[UserId]
WHERE [t].[TestId] = @__id_0
2025-11-06 18:43:44.548 +05:30 [INF] Test found for ID: 5
2025-11-06 18:43:44.556 +05:30 [INF] Fetching test by ID: 5
2025-11-06 18:43:44.565 +05:30 [INF] Executed DbCommand (3ms) [Parameters=[@__id_0='?' (DbType = Int32)], CommandType='"Text"', CommandTimeout='30']
SELECT TOP(1) [t].[TestId], [t].[CategoryId], [t].[CreatedAt], [t].[CreatedBy], [t].[DurationMins], [t].[TestName], [t].[TotalMarks], [t].[TotalQuestions], [c].[CategoryId], [c].[CategoryName], [c].[Description], [u].[UserId], [u].[CreatedAt], [u].[Email], [u].[Name], [u].[PasswordHash], [u].[Role]
FROM [Tests] AS [t]
INNER JOIN [Categories] AS [c] ON [t].[CategoryId] = [c].[CategoryId]
INNER JOIN [Users] AS [u] ON [t].[CreatedBy] = [u].[UserId]
WHERE [t].[TestId] = @__id_0
2025-11-06 18:43:44.578 +05:30 [INF] Test found for ID: 5
2025-11-06 18:43:44.589 +05:30 [INF] Calculating total duration for TestId: 5
2025-11-06 18:43:44.721 +05:30 [INF] Executed DbCommand (34ms) [Parameters=[@__testId_0='?' (DbType = Int32)], CommandType='"Text"', CommandTimeout='30']
SELECT COALESCE(SUM([t].[DurationMins]), 0)
FROM [TestLevels] AS [t]
WHERE [t].[TestId] = @__testId_0
2025-11-06 18:43:44.738 +05:30 [INF] Total duration for TestId: 5 is 0 minutes
2025-11-06 18:43:44.749 +05:30 [INF] Adding new test level for TestId: 5, Level: Easy
2025-11-06 18:43:44.884 +05:30 [INF] Executed DbCommand (25ms) [Parameters=[@p0='?' (DbType = Int32), @p1='?' (Size = 20), @p2='?' (Precision = 5) (Scale = 2) (DbType = Decimal), @p3='?' (DbType = Int32), @p4='?' (Size = 255)], CommandType='"Text"', CommandTimeout='30']
SET IMPLICIT_TRANSACTIONS OFF;
SET NOCOUNT ON;
INSERT INTO [TestLevels] ([DurationMins], [LevelName], [PassingScore], [TestId], [VideoLink])
OUTPUT INSERTED.[TestLevelId]
VALUES (@p0, @p1, @p2, @p3, @p4);
2025-11-06 18:43:44.908 +05:30 [INF] Test level added successfully with ID: 11
2025-11-06 18:43:44.913 +05:30 [INF] Test level created successfully for TestId: 5, Level: Easy
2025-11-06 18:43:44.918 +05:30 [INF] Test level created successfully for TestId: 5
2025-11-06 18:43:44.921 +05:30 [INF] Executing OkObjectResult, writing value of type '<>f__AnonymousType0`1[[System.String, System.Private.CoreLib, Version=8.0.0.0, Culture=neutral, PublicKeyToken=7cec85d7bea7798e]]'.
2025-11-06 18:43:44.929 +05:30 [INF] Executed action SkillAssessmentPortal.Controllers.TestLevelController.Create (SkillAssesmentPortal) in 428.8312ms
2025-11-06 18:43:44.934 +05:30 [INF] Executed endpoint 'SkillAssessmentPortal.Controllers.TestLevelController.Create (SkillAssesmentPortal)'
2025-11-06 18:43:44.941 +05:30 [INF] Request finished HTTP/2 POST https://localhost:7186/api/TestLevel - 200 null application/json; charset=utf-8 507.243ms
2025-11-06 18:44:27.901 +05:30 [INF] Request starting HTTP/2 POST https://localhost:7186/api/TestLevel - application/json 149
2025-11-06 18:44:28.233 +05:30 [INF] CORS policy execution successful.
2025-11-06 18:44:28.243 +05:30 [INF] Executing endpoint 'SkillAssessmentPortal.Controllers.TestLevelController.Create (SkillAssesmentPortal)'
2025-11-06 18:44:28.253 +05:30 [INF] Route matched with {action = "Create", controller = "TestLevel"}. Executing controller action with signature System.Threading.Tasks.Task`1[Microsoft.AspNetCore.Mvc.IActionResult] Create(SkillAssessmentPortal.DTOs.TestLevel.TestLevelCreateDto) on controller SkillAssessmentPortal.Controllers.TestLevelController (SkillAssesmentPortal).
2025-11-06 18:44:28.272 +05:30 [INF] POST /api/TestLevel - Creating test level for TestId: 5, Level: Medium
2025-11-06 18:44:28.300 +05:30 [INF] Creating test level for TestId: 5, Level: Medium, Duration: 30 mins
2025-11-06 18:44:28.367 +05:30 [INF] Fetching test by ID: 5
2025-11-06 18:44:28.448 +05:30 [INF] Executed DbCommand (30ms) [Parameters=[@__id_0='?' (DbType = Int32)], CommandType='"Text"', CommandTimeout='30']
SELECT TOP(1) [t].[TestId], [t].[CategoryId], [t].[CreatedAt], [t].[CreatedBy], [t].[DurationMins], [t].[TestName], [t].[TotalMarks], [t].[TotalQuestions], [c].[CategoryId], [c].[CategoryName], [c].[Description], [u].[UserId], [u].[CreatedAt], [u].[Email], [u].[Name], [u].[PasswordHash], [u].[Role]
FROM [Tests] AS [t]
INNER JOIN [Categories] AS [c] ON [t].[CategoryId] = [c].[CategoryId]
INNER JOIN [Users] AS [u] ON [t].[CreatedBy] = [u].[UserId]
WHERE [t].[TestId] = @__id_0
2025-11-06 18:44:28.482 +05:30 [INF] Test found for ID: 5
2025-11-06 18:44:28.489 +05:30 [INF] Fetching test by ID: 5
2025-11-06 18:44:28.505 +05:30 [INF] Executed DbCommand (5ms) [Parameters=[@__id_0='?' (DbType = Int32)], CommandType='"Text"', CommandTimeout='30']
SELECT TOP(1) [t].[TestId], [t].[CategoryId], [t].[CreatedAt], [t].[CreatedBy], [t].[DurationMins], [t].[TestName], [t].[TotalMarks], [t].[TotalQuestions], [c].[CategoryId], [c].[CategoryName], [c].[Description], [u].[UserId], [u].[CreatedAt], [u].[Email], [u].[Name], [u].[PasswordHash], [u].[Role]
FROM [Tests] AS [t]
INNER JOIN [Categories] AS [c] ON [t].[CategoryId] = [c].[CategoryId]
INNER JOIN [Users] AS [u] ON [t].[CreatedBy] = [u].[UserId]
WHERE [t].[TestId] = @__id_0
2025-11-06 18:44:28.519 +05:30 [INF] Test found for ID: 5
2025-11-06 18:44:28.542 +05:30 [INF] Calculating total duration for TestId: 5
2025-11-06 18:44:28.672 +05:30 [INF] Executed DbCommand (43ms) [Parameters=[@__testId_0='?' (DbType = Int32)], CommandType='"Text"', CommandTimeout='30']
SELECT COALESCE(SUM([t].[DurationMins]), 0)
FROM [TestLevels] AS [t]
WHERE [t].[TestId] = @__testId_0
2025-11-06 18:44:28.718 +05:30 [INF] Total duration for TestId: 5 is 30 minutes
2025-11-06 18:44:28.733 +05:30 [INF] Adding new test level for TestId: 5, Level: Medium
2025-11-06 18:44:28.785 +05:30 [INF] Executed DbCommand (25ms) [Parameters=[@p0='?' (DbType = Int32), @p1='?' (Size = 20), @p2='?' (Precision = 5) (Scale = 2) (DbType = Decimal), @p3='?' (DbType = Int32), @p4='?' (Size = 255)], CommandType='"Text"', CommandTimeout='30']
SET IMPLICIT_TRANSACTIONS OFF;
SET NOCOUNT ON;
INSERT INTO [TestLevels] ([DurationMins], [LevelName], [PassingScore], [TestId], [VideoLink])
OUTPUT INSERTED.[TestLevelId]
VALUES (@p0, @p1, @p2, @p3, @p4);
2025-11-06 18:44:28.815 +05:30 [INF] Test level added successfully with ID: 12
2025-11-06 18:44:28.834 +05:30 [INF] Test level created successfully for TestId: 5, Level: Medium
2025-11-06 18:44:28.856 +05:30 [INF] Test level created successfully for TestId: 5
2025-11-06 18:44:28.885 +05:30 [INF] Executing OkObjectResult, writing value of type '<>f__AnonymousType0`1[[System.String, System.Private.CoreLib, Version=8.0.0.0, Culture=neutral, PublicKeyToken=7cec85d7bea7798e]]'.
2025-11-06 18:44:28.938 +05:30 [INF] Executed action SkillAssessmentPortal.Controllers.TestLevelController.Create (SkillAssesmentPortal) in 670.2117ms
2025-11-06 18:44:28.971 +05:30 [INF] Executed endpoint 'SkillAssessmentPortal.Controllers.TestLevelController.Create (SkillAssesmentPortal)'
2025-11-06 18:44:28.988 +05:30 [INF] Request finished HTTP/2 POST https://localhost:7186/api/TestLevel - 200 null application/json; charset=utf-8 1093.5229ms
2025-11-06 18:45:02.902 +05:30 [INF] Request starting HTTP/2 POST https://localhost:7186/api/TestLevel - application/json 147
2025-11-06 18:45:02.969 +05:30 [INF] CORS policy execution successful.
2025-11-06 18:45:03.020 +05:30 [INF] Executing endpoint 'SkillAssessmentPortal.Controllers.TestLevelController.Create (SkillAssesmentPortal)'
2025-11-06 18:45:03.206 +05:30 [INF] Route matched with {action = "Create", controller = "TestLevel"}. Executing controller action with signature System.Threading.Tasks.Task`1[Microsoft.AspNetCore.Mvc.IActionResult] Create(SkillAssessmentPortal.DTOs.TestLevel.TestLevelCreateDto) on controller SkillAssessmentPortal.Controllers.TestLevelController (SkillAssesmentPortal).
2025-11-06 18:45:03.372 +05:30 [INF] POST /api/TestLevel - Creating test level for TestId: 5, Level: Hard
2025-11-06 18:45:03.396 +05:30 [INF] Creating test level for TestId: 5, Level: Hard, Duration: 30 mins
2025-11-06 18:45:03.423 +05:30 [INF] Fetching test by ID: 5
2025-11-06 18:45:03.459 +05:30 [INF] Executed DbCommand (9ms) [Parameters=[@__id_0='?' (DbType = Int32)], CommandType='"Text"', CommandTimeout='30']
SELECT TOP(1) [t].[TestId], [t].[CategoryId], [t].[CreatedAt], [t].[CreatedBy], [t].[DurationMins], [t].[TestName], [t].[TotalMarks], [t].[TotalQuestions], [c].[CategoryId], [c].[CategoryName], [c].[Description], [u].[UserId], [u].[CreatedAt], [u].[Email], [u].[Name], [u].[PasswordHash], [u].[Role]
FROM [Tests] AS [t]
INNER JOIN [Categories] AS [c] ON [t].[CategoryId] = [c].[CategoryId]
INNER JOIN [Users] AS [u] ON [t].[CreatedBy] = [u].[UserId]
WHERE [t].[TestId] = @__id_0
2025-11-06 18:45:03.485 +05:30 [INF] Test found for ID: 5
2025-11-06 18:45:03.504 +05:30 [INF] Fetching test by ID: 5
2025-11-06 18:45:03.699 +05:30 [INF] Executed DbCommand (61ms) [Parameters=[@__id_0='?' (DbType = Int32)], CommandType='"Text"', CommandTimeout='30']
SELECT TOP(1) [t].[TestId], [t].[CategoryId], [t].[CreatedAt], [t].[CreatedBy], [t].[DurationMins], [t].[TestName], [t].[TotalMarks], [t].[TotalQuestions], [c].[CategoryId], [c].[CategoryName], [c].[Description], [u].[UserId], [u].[CreatedAt], [u].[Email], [u].[Name], [u].[PasswordHash], [u].[Role]
FROM [Tests] AS [t]
INNER JOIN [Categories] AS [c] ON [t].[CategoryId] = [c].[CategoryId]
INNER JOIN [Users] AS [u] ON [t].[CreatedBy] = [u].[UserId]
WHERE [t].[TestId] = @__id_0
2025-11-06 18:45:03.771 +05:30 [INF] Test found for ID: 5
2025-11-06 18:45:03.792 +05:30 [INF] Calculating total duration for TestId: 5
2025-11-06 18:45:03.865 +05:30 [INF] Executed DbCommand (64ms) [Parameters=[@__testId_0='?' (DbType = Int32)], CommandType='"Text"', CommandTimeout='30']
SELECT COALESCE(SUM([t].[DurationMins]), 0)
FROM [TestLevels] AS [t]
WHERE [t].[TestId] = @__testId_0
2025-11-06 18:45:03.949 +05:30 [INF] Total duration for TestId: 5 is 60 minutes
2025-11-06 18:45:03.956 +05:30 [WRN] Test duration approaching capacity for TestId: 5 - 90/90 minutes
2025-11-06 18:45:03.967 +05:30 [INF] Adding new test level for TestId: 5, Level: Hard
2025-11-06 18:45:04.011 +05:30 [INF] Executed DbCommand (30ms) [Parameters=[@p0='?' (DbType = Int32), @p1='?' (Size = 20), @p2='?' (Precision = 5) (Scale = 2) (DbType = Decimal), @p3='?' (DbType = Int32), @p4='?' (Size = 255)], CommandType='"Text"', CommandTimeout='30']
SET IMPLICIT_TRANSACTIONS OFF;
SET NOCOUNT ON;
INSERT INTO [TestLevels] ([DurationMins], [LevelName], [PassingScore], [TestId], [VideoLink])
OUTPUT INSERTED.[TestLevelId]
VALUES (@p0, @p1, @p2, @p3, @p4);
2025-11-06 18:45:04.025 +05:30 [INF] Test level added successfully with ID: 13
2025-11-06 18:45:04.039 +05:30 [INF] Test level created successfully for TestId: 5, Level: Hard
2025-11-06 18:45:04.064 +05:30 [INF] Test level created successfully for TestId: 5
2025-11-06 18:45:04.085 +05:30 [INF] Executing OkObjectResult, writing value of type '<>f__AnonymousType0`1[[System.String, System.Private.CoreLib, Version=8.0.0.0, Culture=neutral, PublicKeyToken=7cec85d7bea7798e]]'.
2025-11-06 18:45:04.109 +05:30 [INF] Executed action SkillAssessmentPortal.Controllers.TestLevelController.Create (SkillAssesmentPortal) in 742.1335ms
2025-11-06 18:45:04.142 +05:30 [INF] Executed endpoint 'SkillAssessmentPortal.Controllers.TestLevelController.Create (SkillAssesmentPortal)'
2025-11-06 18:45:04.171 +05:30 [INF] Request finished HTTP/2 POST https://localhost:7186/api/TestLevel - 200 null application/json; charset=utf-8 1273.2531ms
2025-11-06 18:45:23.117 +05:30 [INF] Request starting HTTP/2 GET https://localhost:7186/api/Test/available - null null
2025-11-06 18:45:23.160 +05:30 [INF] Executing endpoint 'SkillAssessmentPortal.Controllers.TestController.GetAvailableTests (SkillAssesmentPortal)'
2025-11-06 18:45:23.207 +05:30 [INF] Route matched with {action = "GetAvailableTests", controller = "Test"}. Executing controller action with signature System.Threading.Tasks.Task`1[Microsoft.AspNetCore.Mvc.IActionResult] GetAvailableTests() on controller SkillAssessmentPortal.Controllers.TestController (SkillAssesmentPortal).
2025-11-06 18:45:23.227 +05:30 [INF] GET /api/Test/available - Fetching available tests for users
2025-11-06 18:45:23.242 +05:30 [INF] Filtering available tests for users
2025-11-06 18:45:23.253 +05:30 [INF] Fetching all tests from database
2025-11-06 18:45:23.400 +05:30 [INF] Executed DbCommand (56ms) [Parameters=[], CommandType='"Text"', CommandTimeout='30']
SELECT [t].[TestId], [t].[CategoryId], [t].[CreatedAt], [t].[CreatedBy], [t].[DurationMins], [t].[TestName], [t].[TotalMarks], [t].[TotalQuestions], [c].[CategoryId], [c].[CategoryName], [c].[Description], [u].[UserId], [u].[CreatedAt], [u].[Email], [u].[Name], [u].[PasswordHash], [u].[Role]
FROM [Tests] AS [t]
INNER JOIN [Categories] AS [c] ON [t].[CategoryId] = [c].[CategoryId]
INNER JOIN [Users] AS [u] ON [t].[CreatedBy] = [u].[UserId]
2025-11-06 18:45:23.420 +05:30 [INF] Successfully retrieved 4 tests
2025-11-06 18:45:23.431 +05:30 [INF] Fetching test levels for TestId: 1
2025-11-06 18:45:23.687 +05:30 [INF] Executed DbCommand (54ms) [Parameters=[@__testId_0='?' (DbType = Int32)], CommandType='"Text"', CommandTimeout='30']
SELECT [t].[TestLevelId], [t].[DurationMins], [t].[LevelName], [t].[PassingScore], [t].[TestId], [t].[VideoLink], [q].[QuestionId], [q].[CorrectOption], [q].[OptionA], [q].[OptionB], [q].[OptionC], [q].[OptionD], [q].[QuestionText], [q].[TestLevelId]
FROM [TestLevels] AS [t]
LEFT JOIN [Questions] AS [q] ON [t].[TestLevelId] = [q].[TestLevelId]
WHERE [t].[TestId] = @__testId_0
ORDER BY [t].[TestLevelId]
2025-11-06 18:45:23.829 +05:30 [INF] Retrieved 3 test levels for TestId: 1
2025-11-06 18:45:23.882 +05:30 [INF] Executed DbCommand (15ms) [Parameters=[@__testLevelId_0='?' (DbType = Int32)], CommandType='"Text"', CommandTimeout='30']
SELECT COUNT(*)
FROM [Questions] AS [q]
WHERE [q].[TestLevelId] = @__testLevelId_0
2025-11-06 18:45:23.893 +05:30 [INF] Executed DbCommand (4ms) [Parameters=[@__testLevelId_0='?' (DbType = Int32)], CommandType='"Text"', CommandTimeout='30']
SELECT COUNT(*)
FROM [Questions] AS [q]
WHERE [q].[TestLevelId] = @__testLevelId_0
2025-11-06 18:45:23.904 +05:30 [INF] Executed DbCommand (3ms) [Parameters=[@__testLevelId_0='?' (DbType = Int32)], CommandType='"Text"', CommandTimeout='30']
SELECT COUNT(*)
FROM [Questions] AS [q]
WHERE [q].[TestLevelId] = @__testLevelId_0
2025-11-06 18:45:23.919 +05:30 [INF] Fetching test levels for TestId: 2
2025-11-06 18:45:23.930 +05:30 [INF] Executed DbCommand (7ms) [Parameters=[@__testId_0='?' (DbType = Int32)], CommandType='"Text"', CommandTimeout='30']
SELECT [t].[TestLevelId], [t].[DurationMins], [t].[LevelName], [t].[PassingScore], [t].[TestId], [t].[VideoLink], [q].[QuestionId], [q].[CorrectOption], [q].[OptionA], [q].[OptionB], [q].[OptionC], [q].[OptionD], [q].[QuestionText], [q].[TestLevelId]
FROM [TestLevels] AS [t]
LEFT JOIN [Questions] AS [q] ON [t].[TestLevelId] = [q].[TestLevelId]
WHERE [t].[TestId] = @__testId_0
ORDER BY [t].[TestLevelId]
2025-11-06 18:45:23.943 +05:30 [INF] Retrieved 3 test levels for TestId: 2
2025-11-06 18:45:23.950 +05:30 [INF] Executed DbCommand (2ms) [Parameters=[@__testLevelId_0='?' (DbType = Int32)], CommandType='"Text"', CommandTimeout='30']
SELECT COUNT(*)
FROM [Questions] AS [q]
WHERE [q].[TestLevelId] = @__testLevelId_0
2025-11-06 18:45:23.960 +05:30 [INF] Fetching test levels for TestId: 4
2025-11-06 18:45:23.970 +05:30 [INF] Executed DbCommand (5ms) [Parameters=[@__testId_0='?' (DbType = Int32)], CommandType='"Text"', CommandTimeout='30']
SELECT [t].[TestLevelId], [t].[DurationMins], [t].[LevelName], [t].[PassingScore], [t].[TestId], [t].[VideoLink], [q].[QuestionId], [q].[CorrectOption], [q].[OptionA], [q].[OptionB], [q].[OptionC], [q].[OptionD], [q].[QuestionText], [q].[TestLevelId]
FROM [TestLevels] AS [t]
LEFT JOIN [Questions] AS [q] ON [t].[TestLevelId] = [q].[TestLevelId]
WHERE [t].[TestId] = @__testId_0
ORDER BY [t].[TestLevelId]
2025-11-06 18:45:23.981 +05:30 [INF] Retrieved 3 test levels for TestId: 4
2025-11-06 18:45:23.989 +05:30 [INF] Executed DbCommand (3ms) [Parameters=[@__testLevelId_0='?' (DbType = Int32)], CommandType='"Text"', CommandTimeout='30']
SELECT COUNT(*)
FROM [Questions] AS [q]
WHERE [q].[TestLevelId] = @__testLevelId_0
2025-11-06 18:45:23.997 +05:30 [INF] Fetching test levels for TestId: 5
2025-11-06 18:45:24.005 +05:30 [INF] Executed DbCommand (4ms) [Parameters=[@__testId_0='?' (DbType = Int32)], CommandType='"Text"', CommandTimeout='30']
SELECT [t].[TestLevelId], [t].[DurationMins], [t].[LevelName], [t].[PassingScore], [t].[TestId], [t].[VideoLink], [q].[QuestionId], [q].[CorrectOption], [q].[OptionA], [q].[OptionB], [q].[OptionC], [q].[OptionD], [q].[QuestionText], [q].[TestLevelId]
FROM [TestLevels] AS [t]
LEFT JOIN [Questions] AS [q] ON [t].[TestLevelId] = [q].[TestLevelId]
WHERE [t].[TestId] = @__testId_0
ORDER BY [t].[TestLevelId]
2025-11-06 18:45:24.013 +05:30 [INF] Retrieved 3 test levels for TestId: 5
2025-11-06 18:45:24.021 +05:30 [INF] Executed DbCommand (2ms) [Parameters=[@__testLevelId_0='?' (DbType = Int32)], CommandType='"Text"', CommandTimeout='30']
SELECT COUNT(*)
FROM [Questions] AS [q]
WHERE [q].[TestLevelId] = @__testLevelId_0
2025-11-06 18:45:24.028 +05:30 [INF] Found 1 available tests for users out of 4 total tests
2025-11-06 18:45:24.032 +05:30 [INF] Retrieved 1 available tests for users
2025-11-06 18:45:24.035 +05:30 [INF] Executing OkObjectResult, writing value of type 'System.Collections.Generic.List`1[[SkillAssessmentPortal.DTOs.Test.TestResponseDto, SkillAssesmentPortal, Version=1.0.0.0, Culture=neutral, PublicKeyToken=null]]'.
2025-11-06 18:45:24.096 +05:30 [INF] Executed action SkillAssessmentPortal.Controllers.TestController.GetAvailableTests (SkillAssesmentPortal) in 882.1077ms
2025-11-06 18:45:24.102 +05:30 [INF] Executed endpoint 'SkillAssessmentPortal.Controllers.TestController.GetAvailableTests (SkillAssesmentPortal)'
2025-11-06 18:45:24.106 +05:30 [INF] Request finished HTTP/2 GET https://localhost:7186/api/Test/available - 200 null application/json; charset=utf-8 988.9898ms
2025-11-06 18:46:12.917 +05:30 [INF] Request starting HTTP/2 POST https://localhost:7186/api/Question/bulk - application/json 1906
2025-11-06 18:46:12.936 +05:30 [INF] CORS policy execution successful.
2025-11-06 18:46:12.945 +05:30 [INF] Executing endpoint 'SkillAssessmentPortal.Controllers.QuestionController.AddBulkQuestions (SkillAssesmentPortal)'
2025-11-06 18:46:12.972 +05:30 [INF] Route matched with {action = "AddBulkQuestions", controller = "Question"}. Executing controller action with signature System.Threading.Tasks.Task`1[Microsoft.AspNetCore.Mvc.IActionResult] AddBulkQuestions(SkillAssessmentPortal.DTOs.Question.BulkQuestionCreateDto) on controller SkillAssessmentPortal.Controllers.QuestionController (SkillAssesmentPortal).
2025-11-06 18:46:13.068 +05:30 [INF] POST Bulk Questions - TestLevelId: 10, Count: 10
2025-11-06 18:46:13.082 +05:30 [INF] Adding 10 bulk questions to TestLevelId: 10
2025-11-06 18:46:13.092 +05:30 [INF] Fetching test level by ID: 10
2025-11-06 18:46:13.181 +05:30 [INF] Executed DbCommand (27ms) [Parameters=[@__id_0='?' (DbType = Int32)], CommandType='"Text"', CommandTimeout='30']
SELECT TOP(1) [t].[TestLevelId], [t].[DurationMins], [t].[LevelName], [t].[PassingScore], [t].[TestId], [t].[VideoLink], [t0].[TestId], [t0].[CategoryId], [t0].[CreatedAt], [t0].[CreatedBy], [t0].[DurationMins], [t0].[TestName], [t0].[TotalMarks], [t0].[TotalQuestions]
FROM [TestLevels] AS [t]
INNER JOIN [Tests] AS [t0] ON [t].[TestId] = [t0].[TestId]
WHERE [t].[TestLevelId] = @__id_0
2025-11-06 18:46:13.192 +05:30 [INF] Test level found for ID: 10
2025-11-06 18:46:13.205 +05:30 [INF] Fetching test level by ID: 10
2025-11-06 18:46:13.220 +05:30 [INF] Executed DbCommand (9ms) [Parameters=[@__id_0='?' (DbType = Int32)], CommandType='"Text"', CommandTimeout='30']
SELECT TOP(1) [t].[TestLevelId], [t].[DurationMins], [t].[LevelName], [t].[PassingScore], [t].[TestId], [t].[VideoLink], [t0].[TestId], [t0].[CategoryId], [t0].[CreatedAt], [t0].[CreatedBy], [t0].[DurationMins], [t0].[TestName], [t0].[TotalMarks], [t0].[TotalQuestions]
FROM [TestLevels] AS [t]
INNER JOIN [Tests] AS [t0] ON [t].[TestId] = [t0].[TestId]
WHERE [t].[TestLevelId] = @__id_0
2025-11-06 18:46:13.233 +05:30 [INF] Test level found for ID: 10
2025-11-06 18:46:13.237 +05:30 [INF] Fetching test by ID: 4
2025-11-06 18:46:13.245 +05:30 [INF] Executed DbCommand (3ms) [Parameters=[@__id_0='?' (DbType = Int32)], CommandType='"Text"', CommandTimeout='30']
SELECT TOP(1) [t].[TestId], [t].[CategoryId], [t].[CreatedAt], [t].[CreatedBy], [t].[DurationMins], [t].[TestName], [t].[TotalMarks], [t].[TotalQuestions], [c].[CategoryId], [c].[CategoryName], [c].[Description], [u].[UserId], [u].[CreatedAt], [u].[Email], [u].[Name], [u].[PasswordHash], [u].[Role]
FROM [Tests] AS [t]
INNER JOIN [Categories] AS [c] ON [t].[CategoryId] = [c].[CategoryId]
INNER JOIN [Users] AS [u] ON [t].[CreatedBy] = [u].[UserId]
WHERE [t].[TestId] = @__id_0
2025-11-06 18:46:13.252 +05:30 [INF] Test found for ID: 4
2025-11-06 18:46:13.267 +05:30 [INF] Executed DbCommand (12ms) [Parameters=[@__testLevelId_0='?' (DbType = Int32)], CommandType='"Text"', CommandTimeout='30']
SELECT COUNT(*)
FROM [Questions] AS [q]
WHERE [q].[TestLevelId] = @__testLevelId_0
2025-11-06 18:46:13.313 +05:30 [INF] Executed DbCommand (17ms) [Parameters=[@__testId_0='?' (DbType = Int32)], CommandType='"Text"', CommandTimeout='30']
SELECT COUNT(*)
FROM [Questions] AS [q]
INNER JOIN [TestLevels] AS [t] ON [q].[TestLevelId] = [t].[TestLevelId]
WHERE [t].[TestId] = @__testId_0
2025-11-06 18:46:13.320 +05:30 [ERR] Level question limit exceeded for TestLevelId: 10 - Current: 0, Adding: 10, Limit: 5
2025-11-06 18:46:13.331 +05:30 [ERR] Bulk question addition failed - Cannot add more than 5 questions for Hard level (Total test limit: 15)
2025-11-06 18:46:13.337 +05:30 [WRN] Bulk question creation failed: Cannot add more than 5 questions for Hard level (Total test limit: 15)
2025-11-06 18:46:13.345 +05:30 [INF] Executing BadRequestObjectResult, writing value of type '<>f__AnonymousType0`1[[System.String, System.Private.CoreLib, Version=8.0.0.0, Culture=neutral, PublicKeyToken=7cec85d7bea7798e]]'.
2025-11-06 18:46:13.356 +05:30 [INF] Executed action SkillAssessmentPortal.Controllers.QuestionController.AddBulkQuestions (SkillAssesmentPortal) in 374.1697ms
2025-11-06 18:46:13.387 +05:30 [INF] Executed endpoint 'SkillAssessmentPortal.Controllers.QuestionController.AddBulkQuestions (SkillAssesmentPortal)'
2025-11-06 18:46:13.402 +05:30 [INF] Request finished HTTP/2 POST https://localhost:7186/api/Question/bulk - 400 null application/json; charset=utf-8 486.1901ms
2025-11-06 18:47:40.007 +05:30 [INF] Request starting HTTP/2 POST https://localhost:7186/api/Question/bulk - application/json 817
2025-11-06 18:47:40.032 +05:30 [INF] CORS policy execution successful.
2025-11-06 18:47:40.037 +05:30 [INF] Executing endpoint 'SkillAssessmentPortal.Controllers.QuestionController.AddBulkQuestions (SkillAssesmentPortal)'
2025-11-06 18:47:40.041 +05:30 [INF] Route matched with {action = "AddBulkQuestions", controller = "Question"}. Executing controller action with signature System.Threading.Tasks.Task`1[Microsoft.AspNetCore.Mvc.IActionResult] AddBulkQuestions(SkillAssessmentPortal.DTOs.Question.BulkQuestionCreateDto) on controller SkillAssessmentPortal.Controllers.QuestionController (SkillAssesmentPortal).
2025-11-06 18:47:40.054 +05:30 [INF] POST Bulk Questions - TestLevelId: 10, Count: 4
2025-11-06 18:47:40.059 +05:30 [INF] Adding 4 bulk questions to TestLevelId: 10
2025-11-06 18:47:40.063 +05:30 [INF] Fetching test level by ID: 10
2025-11-06 18:47:40.083 +05:30 [INF] Executed DbCommand (14ms) [Parameters=[@__id_0='?' (DbType = Int32)], CommandType='"Text"', CommandTimeout='30']
SELECT TOP(1) [t].[TestLevelId], [t].[DurationMins], [t].[LevelName], [t].[PassingScore], [t].[TestId], [t].[VideoLink], [t0].[TestId], [t0].[CategoryId], [t0].[CreatedAt], [t0].[CreatedBy], [t0].[DurationMins], [t0].[TestName], [t0].[TotalMarks], [t0].[TotalQuestions]
FROM [TestLevels] AS [t]
INNER JOIN [Tests] AS [t0] ON [t].[TestId] = [t0].[TestId]
WHERE [t].[TestLevelId] = @__id_0
2025-11-06 18:47:40.092 +05:30 [INF] Test level found for ID: 10
2025-11-06 18:47:40.096 +05:30 [INF] Fetching test level by ID: 10
2025-11-06 18:47:40.103 +05:30 [INF] Executed DbCommand (3ms) [Parameters=[@__id_0='?' (DbType = Int32)], CommandType='"Text"', CommandTimeout='30']
SELECT TOP(1) [t].[TestLevelId], [t].[DurationMins], [t].[LevelName], [t].[PassingScore], [t].[TestId], [t].[VideoLink], [t0].[TestId], [t0].[CategoryId], [t0].[CreatedAt], [t0].[CreatedBy], [t0].[DurationMins], [t0].[TestName], [t0].[TotalMarks], [t0].[TotalQuestions]
FROM [TestLevels] AS [t]
INNER JOIN [Tests] AS [t0] ON [t].[TestId] = [t0].[TestId]
WHERE [t].[TestLevelId] = @__id_0
2025-11-06 18:47:40.109 +05:30 [INF] Test level found for ID: 10
2025-11-06 18:47:40.111 +05:30 [INF] Fetching test by ID: 4
2025-11-06 18:47:40.118 +05:30 [INF] Executed DbCommand (3ms) [Parameters=[@__id_0='?' (DbType = Int32)], CommandType='"Text"', CommandTimeout='30']
SELECT TOP(1) [t].[TestId], [t].[CategoryId], [t].[CreatedAt], [t].[CreatedBy], [t].[DurationMins], [t].[TestName], [t].[TotalMarks], [t].[TotalQuestions], [c].[CategoryId], [c].[CategoryName], [c].[Description], [u].[UserId], [u].[CreatedAt], [u].[Email], [u].[Name], [u].[PasswordHash], [u].[Role]
FROM [Tests] AS [t]
INNER JOIN [Categories] AS [c] ON [t].[CategoryId] = [c].[CategoryId]
INNER JOIN [Users] AS [u] ON [t].[CreatedBy] = [u].[UserId]
WHERE [t].[TestId] = @__id_0
2025-11-06 18:47:40.125 +05:30 [INF] Test found for ID: 4
2025-11-06 18:47:40.137 +05:30 [INF] Executed DbCommand (7ms) [Parameters=[@__testLevelId_0='?' (DbType = Int32)], CommandType='"Text"', CommandTimeout='30']
SELECT COUNT(*)
FROM [Questions] AS [q]
WHERE [q].[TestLevelId] = @__testLevelId_0
2025-11-06 18:47:40.159 +05:30 [INF] Executed DbCommand (13ms) [Parameters=[@__testId_0='?' (DbType = Int32)], CommandType='"Text"', CommandTimeout='30']
SELECT COUNT(*)
FROM [Questions] AS [q]
INNER JOIN [TestLevels] AS [t] ON [q].[TestLevelId] = [t].[TestLevelId]
WHERE [t].[TestId] = @__testId_0
2025-11-06 18:47:40.241 +05:30 [INF] Executed DbCommand (33ms) [Parameters=[@p0='?' (Size = 1), @p1='?' (Size = 4000), @p2='?' (Size = 4000), @p3='?' (Size = 4000), @p4='?' (Size = 4000), @p5='?' (Size = 4000), @p6='?' (DbType = Int32)], CommandType='"Text"', CommandTimeout='30']
SET IMPLICIT_TRANSACTIONS OFF;
SET NOCOUNT ON;
INSERT INTO [Questions] ([CorrectOption], [OptionA], [OptionB], [OptionC], [OptionD], [QuestionText], [TestLevelId])
OUTPUT INSERTED.[QuestionId]
VALUES (@p0, @p1, @p2, @p3, @p4, @p5, @p6);
2025-11-06 18:47:40.267 +05:30 [INF] Executed DbCommand (4ms) [Parameters=[@p0='?' (Size = 1), @p1='?' (Size = 4000), @p2='?' (Size = 4000), @p3='?' (Size = 4000), @p4='?' (Size = 4000), @p5='?' (Size = 4000), @p6='?' (DbType = Int32)], CommandType='"Text"', CommandTimeout='30']
SET IMPLICIT_TRANSACTIONS OFF;
SET NOCOUNT ON;
INSERT INTO [Questions] ([CorrectOption], [OptionA], [OptionB], [OptionC], [OptionD], [QuestionText], [TestLevelId])
OUTPUT INSERTED.[QuestionId]
VALUES (@p0, @p1, @p2, @p3, @p4, @p5, @p6);
2025-11-06 18:47:40.281 +05:30 [INF] Executed DbCommand (3ms) [Parameters=[@p0='?' (Size = 1), @p1='?' (Size = 4000), @p2='?' (Size = 4000), @p3='?' (Size = 4000), @p4='?' (Size = 4000), @p5='?' (Size = 4000), @p6='?' (DbType = Int32)], CommandType='"Text"', CommandTimeout='30']
SET IMPLICIT_TRANSACTIONS OFF;
SET NOCOUNT ON;
INSERT INTO [Questions] ([CorrectOption], [OptionA], [OptionB], [OptionC], [OptionD], [QuestionText], [TestLevelId])
OUTPUT INSERTED.[QuestionId]
VALUES (@p0, @p1, @p2, @p3, @p4, @p5, @p6);
2025-11-06 18:47:40.296 +05:30 [INF] Executed DbCommand (3ms) [Parameters=[@p0='?' (Size = 1), @p1='?' (Size = 4000), @p2='?' (Size = 4000), @p3='?' (Size = 4000), @p4='?' (Size = 4000), @p5='?' (Size = 4000), @p6='?' (DbType = Int32)], CommandType='"Text"', CommandTimeout='30']
SET IMPLICIT_TRANSACTIONS OFF;
SET NOCOUNT ON;
INSERT INTO [Questions] ([CorrectOption], [OptionA], [OptionB], [OptionC], [OptionD], [QuestionText], [TestLevelId])
OUTPUT INSERTED.[QuestionId]
VALUES (@p0, @p1, @p2, @p3, @p4, @p5, @p6);
2025-11-06 18:47:40.307 +05:30 [INF] 4 questions added successfully to Hard level
2025-11-06 18:47:40.311 +05:30 [INF] Bulk questions created successfully: 4 questions added successfully to Hard level.
2025-11-06 18:47:40.316 +05:30 [INF] Executing OkObjectResult, writing value of type '<>f__AnonymousType0`1[[System.String, System.Private.CoreLib, Version=8.0.0.0, Culture=neutral, PublicKeyToken=7cec85d7bea7798e]]'.
2025-11-06 18:47:40.322 +05:30 [INF] Executed action SkillAssessmentPortal.Controllers.QuestionController.AddBulkQuestions (SkillAssesmentPortal) in 275.7154ms
2025-11-06 18:47:40.329 +05:30 [INF] Executed endpoint 'SkillAssessmentPortal.Controllers.QuestionController.AddBulkQuestions (SkillAssesmentPortal)'
2025-11-06 18:47:40.334 +05:30 [INF] Request finished HTTP/2 POST https://localhost:7186/api/Question/bulk - 200 null application/json; charset=utf-8 329.8015ms
2025-11-06 18:47:45.966 +05:30 [INF] Request starting HTTP/2 POST https://localhost:7186/api/Question/bulk - application/json 817
2025-11-06 18:47:45.983 +05:30 [INF] CORS policy execution successful.
2025-11-06 18:47:45.988 +05:30 [INF] Executing endpoint 'SkillAssessmentPortal.Controllers.QuestionController.AddBulkQuestions (SkillAssesmentPortal)'
2025-11-06 18:47:45.990 +05:30 [INF] Route matched with {action = "AddBulkQuestions", controller = "Question"}. Executing controller action with signature System.Threading.Tasks.Task`1[Microsoft.AspNetCore.Mvc.IActionResult] AddBulkQuestions(SkillAssessmentPortal.DTOs.Question.BulkQuestionCreateDto) on controller SkillAssessmentPortal.Controllers.QuestionController (SkillAssesmentPortal).
2025-11-06 18:47:46.004 +05:30 [INF] POST Bulk Questions - TestLevelId: 10, Count: 4
2025-11-06 18:47:46.009 +05:30 [INF] Adding 4 bulk questions to TestLevelId: 10
2025-11-06 18:47:46.013 +05:30 [INF] Fetching test level by ID: 10
2025-11-06 18:47:46.021 +05:30 [INF] Executed DbCommand (3ms) [Parameters=[@__id_0='?' (DbType = Int32)], CommandType='"Text"', CommandTimeout='30']
SELECT TOP(1) [t].[TestLevelId], [t].[DurationMins], [t].[LevelName], [t].[PassingScore], [t].[TestId], [t].[VideoLink], [t0].[TestId], [t0].[CategoryId], [t0].[CreatedAt], [t0].[CreatedBy], [t0].[DurationMins], [t0].[TestName], [t0].[TotalMarks], [t0].[TotalQuestions]
FROM [TestLevels] AS [t]
INNER JOIN [Tests] AS [t0] ON [t].[TestId] = [t0].[TestId]
WHERE [t].[TestLevelId] = @__id_0
2025-11-06 18:47:46.034 +05:30 [INF] Test level found for ID: 10
2025-11-06 18:47:46.037 +05:30 [INF] Fetching test level by ID: 10
2025-11-06 18:47:46.043 +05:30 [INF] Executed DbCommand (2ms) [Parameters=[@__id_0='?' (DbType = Int32)], CommandType='"Text"', CommandTimeout='30']
SELECT TOP(1) [t].[TestLevelId], [t].[DurationMins], [t].[LevelName], [t].[PassingScore], [t].[TestId], [t].[VideoLink], [t0].[TestId], [t0].[CategoryId], [t0].[CreatedAt], [t0].[CreatedBy], [t0].[DurationMins], [t0].[TestName], [t0].[TotalMarks], [t0].[TotalQuestions]
FROM [TestLevels] AS [t]
INNER JOIN [Tests] AS [t0] ON [t].[TestId] = [t0].[TestId]
WHERE [t].[TestLevelId] = @__id_0
2025-11-06 18:47:46.053 +05:30 [INF] Test level found for ID: 10
2025-11-06 18:47:46.059 +05:30 [INF] Fetching test by ID: 4
2025-11-06 18:47:46.066 +05:30 [INF] Executed DbCommand (2ms) [Parameters=[@__id_0='?' (DbType = Int32)], CommandType='"Text"', CommandTimeout='30']
SELECT TOP(1) [t].[TestId], [t].[CategoryId], [t].[CreatedAt], [t].[CreatedBy], [t].[DurationMins], [t].[TestName], [t].[TotalMarks], [t].[TotalQuestions], [c].[CategoryId], [c].[CategoryName], [c].[Description], [u].[UserId], [u].[CreatedAt], [u].[Email], [u].[Name], [u].[PasswordHash], [u].[Role]
FROM [Tests] AS [t]
INNER JOIN [Categories] AS [c] ON [t].[CategoryId] = [c].[CategoryId]
INNER JOIN [Users] AS [u] ON [t].[CreatedBy] = [u].[UserId]
WHERE [t].[TestId] = @__id_0
2025-11-06 18:47:46.075 +05:30 [INF] Test found for ID: 4
2025-11-06 18:47:46.082 +05:30 [INF] Executed DbCommand (2ms) [Parameters=[@__testLevelId_0='?' (DbType = Int32)], CommandType='"Text"', CommandTimeout='30']
SELECT COUNT(*)
FROM [Questions] AS [q]
WHERE [q].[TestLevelId] = @__testLevelId_0
2025-11-06 18:47:46.095 +05:30 [INF] Executed DbCommand (2ms) [Parameters=[@__testId_0='?' (DbType = Int32)], CommandType='"Text"', CommandTimeout='30']
SELECT COUNT(*)
FROM [Questions] AS [q]
INNER JOIN [TestLevels] AS [t] ON [q].[TestLevelId] = [t].[TestLevelId]
WHERE [t].[TestId] = @__testId_0
2025-11-06 18:47:46.099 +05:30 [ERR] Level question limit exceeded for TestLevelId: 10 - Current: 4, Adding: 4, Limit: 5
2025-11-06 18:47:46.103 +05:30 [ERR] Bulk question addition failed - Cannot add more than 5 questions for Hard level (Total test limit: 15)
2025-11-06 18:47:46.105 +05:30 [WRN] Bulk question creation failed: Cannot add more than 5 questions for Hard level (Total test limit: 15)
2025-11-06 18:47:46.109 +05:30 [INF] Executing BadRequestObjectResult, writing value of type '<>f__AnonymousType0`1[[System.String, System.Private.CoreLib, Version=8.0.0.0, Culture=neutral, PublicKeyToken=7cec85d7bea7798e]]'.
2025-11-06 18:47:46.113 +05:30 [INF] Executed action SkillAssessmentPortal.Controllers.QuestionController.AddBulkQuestions (SkillAssesmentPortal) in 117.7916ms
2025-11-06 18:47:46.115 +05:30 [INF] Executed endpoint 'SkillAssessmentPortal.Controllers.QuestionController.AddBulkQuestions (SkillAssesmentPortal)'
2025-11-06 18:47:46.117 +05:30 [INF] Request finished HTTP/2 POST https://localhost:7186/api/Question/bulk - 400 null application/json; charset=utf-8 151.1635ms
2025-11-06 18:50:16.517 +05:30 [INF] Request starting HTTP/2 POST https://localhost:7186/api/Question/bulk - application/json 817
2025-11-06 18:50:16.567 +05:30 [INF] CORS policy execution successful.
2025-11-06 18:50:16.571 +05:30 [INF] Executing endpoint 'SkillAssessmentPortal.Controllers.QuestionController.AddBulkQuestions (SkillAssesmentPortal)'
2025-11-06 18:50:16.576 +05:30 [INF] Route matched with {action = "AddBulkQuestions", controller = "Question"}. Executing controller action with signature System.Threading.Tasks.Task`1[Microsoft.AspNetCore.Mvc.IActionResult] AddBulkQuestions(SkillAssessmentPortal.DTOs.Question.BulkQuestionCreateDto) on controller SkillAssessmentPortal.Controllers.QuestionController (SkillAssesmentPortal).
2025-11-06 18:50:16.588 +05:30 [INF] POST Bulk Questions - TestLevelId: 10, Count: 4
2025-11-06 18:50:16.591 +05:30 [INF] Adding 4 bulk questions to TestLevelId: 10
2025-11-06 18:50:16.594 +05:30 [INF] Fetching test level by ID: 10
2025-11-06 18:50:16.615 +05:30 [INF] Executed DbCommand (13ms) [Parameters=[@__id_0='?' (DbType = Int32)], CommandType='"Text"', CommandTimeout='30']
SELECT TOP(1) [t].[TestLevelId], [t].[DurationMins], [t].[LevelName], [t].[PassingScore], [t].[TestId], [t].[VideoLink], [t0].[TestId], [t0].[CategoryId], [t0].[CreatedAt], [t0].[CreatedBy], [t0].[DurationMins], [t0].[TestName], [t0].[TotalMarks], [t0].[TotalQuestions]
FROM [TestLevels] AS [t]
INNER JOIN [Tests] AS [t0] ON [t].[TestId] = [t0].[TestId]
WHERE [t].[TestLevelId] = @__id_0
2025-11-06 18:50:16.621 +05:30 [INF] Test level found for ID: 10
2025-11-06 18:50:16.624 +05:30 [INF] Fetching test level by ID: 10
2025-11-06 18:50:16.633 +05:30 [INF] Executed DbCommand (3ms) [Parameters=[@__id_0='?' (DbType = Int32)], CommandType='"Text"', CommandTimeout='30']
SELECT TOP(1) [t].[TestLevelId], [t].[DurationMins], [t].[LevelName], [t].[PassingScore], [t].[TestId], [t].[VideoLink], [t0].[TestId], [t0].[CategoryId], [t0].[CreatedAt], [t0].[CreatedBy], [t0].[DurationMins], [t0].[TestName], [t0].[TotalMarks], [t0].[TotalQuestions]
FROM [TestLevels] AS [t]
INNER JOIN [Tests] AS [t0] ON [t].[TestId] = [t0].[TestId]
WHERE [t].[TestLevelId] = @__id_0
2025-11-06 18:50:16.641 +05:30 [INF] Test level found for ID: 10
2025-11-06 18:50:16.645 +05:30 [INF] Fetching test by ID: 4
2025-11-06 18:50:16.653 +05:30 [INF] Executed DbCommand (2ms) [Parameters=[@__id_0='?' (DbType = Int32)], CommandType='"Text"', CommandTimeout='30']
SELECT TOP(1) [t].[TestId], [t].[CategoryId], [t].[CreatedAt], [t].[CreatedBy], [t].[DurationMins], [t].[TestName], [t].[TotalMarks], [t].[TotalQuestions], [c].[CategoryId], [c].[CategoryName], [c].[Description], [u].[UserId], [u].[CreatedAt], [u].[Email], [u].[Name], [u].[PasswordHash], [u].[Role]
FROM [Tests] AS [t]
INNER JOIN [Categories] AS [c] ON [t].[CategoryId] = [c].[CategoryId]
INNER JOIN [Users] AS [u] ON [t].[CreatedBy] = [u].[UserId]
WHERE [t].[TestId] = @__id_0
2025-11-06 18:50:16.661 +05:30 [INF] Test found for ID: 4
2025-11-06 18:50:16.670 +05:30 [INF] Executed DbCommand (5ms) [Parameters=[@__testLevelId_0='?' (DbType = Int32)], CommandType='"Text"', CommandTimeout='30']
SELECT COUNT(*)
FROM [Questions] AS [q]
WHERE [q].[TestLevelId] = @__testLevelId_0
2025-11-06 18:50:16.692 +05:30 [INF] Executed DbCommand (10ms) [Parameters=[@__testId_0='?' (DbType = Int32)], CommandType='"Text"', CommandTimeout='30']
SELECT COUNT(*)
FROM [Questions] AS [q]
INNER JOIN [TestLevels] AS [t] ON [q].[TestLevelId] = [t].[TestLevelId]
WHERE [t].[TestId] = @__testId_0
2025-11-06 18:50:16.702 +05:30 [ERR] Level question limit exceeded for TestLevelId: 10 - Current: 4, Adding: 4, Limit: 5
2025-11-06 18:50:16.708 +05:30 [ERR] Bulk question addition failed - Cannot add more than 5 questions for Hard level (Total test limit: 15)
2025-11-06 18:50:16.713 +05:30 [WRN] Bulk question creation failed: Cannot add more than 5 questions for Hard level (Total test limit: 15)
2025-11-06 18:50:16.718 +05:30 [INF] Executing BadRequestObjectResult, writing value of type '<>f__AnonymousType0`1[[System.String, System.Private.CoreLib, Version=8.0.0.0, Culture=neutral, PublicKeyToken=7cec85d7bea7798e]]'.
2025-11-06 18:50:16.725 +05:30 [INF] Executed action SkillAssessmentPortal.Controllers.QuestionController.AddBulkQuestions (SkillAssesmentPortal) in 141.6491ms
2025-11-06 18:50:16.730 +05:30 [INF] Executed endpoint 'SkillAssessmentPortal.Controllers.QuestionController.AddBulkQuestions (SkillAssesmentPortal)'
2025-11-06 18:50:16.736 +05:30 [INF] Request finished HTTP/2 POST https://localhost:7186/api/Question/bulk - 400 null application/json; charset=utf-8 219.9442ms
2025-11-06 18:56:02.630 +05:30 [INF] Request starting HTTP/2 GET https://localhost:7186/api/Test - null null
2025-11-06 18:56:02.718 +05:30 [INF] Executing endpoint 'SkillAssessmentPortal.Controllers.TestController.GetAll (SkillAssesmentPortal)'
2025-11-06 18:56:02.821 +05:30 [INF] Route matched with {action = "GetAll", controller = "Test"}. Executing controller action with signature System.Threading.Tasks.Task`1[Microsoft.AspNetCore.Mvc.IActionResult] GetAll() on controller SkillAssessmentPortal.Controllers.TestController (SkillAssesmentPortal).
2025-11-06 18:56:02.929 +05:30 [INF] Fetching all tests from database
2025-11-06 18:56:03.277 +05:30 [INF] Executed DbCommand (121ms) [Parameters=[], CommandType='"Text"', CommandTimeout='30']
SELECT [t].[TestId], [t].[CategoryId], [t].[CreatedAt], [t].[CreatedBy], [t].[DurationMins], [t].[TestName], [t].[TotalMarks], [t].[TotalQuestions], [c].[CategoryId], [c].[CategoryName], [c].[Description], [u].[UserId], [u].[CreatedAt], [u].[Email], [u].[Name], [u].[PasswordHash], [u].[Role]
FROM [Tests] AS [t]
INNER JOIN [Categories] AS [c] ON [t].[CategoryId] = [c].[CategoryId]
INNER JOIN [Users] AS [u] ON [t].[CreatedBy] = [u].[UserId]
2025-11-06 18:56:03.300 +05:30 [INF] Successfully retrieved 4 tests
2025-11-06 18:56:03.315 +05:30 [INF] Executing OkObjectResult, writing value of type 'System.Linq.Enumerable+SelectListIterator`2[[SkillAssessmentPortal.Models.Test, SkillAssesmentPortal, Version=1.0.0.0, Culture=neutral, PublicKeyToken=null],[SkillAssessmentPortal.DTOs.Test.TestResponseDto, SkillAssesmentPortal, Version=1.0.0.0, Culture=neutral, PublicKeyToken=null]]'.
2025-11-06 18:56:03.345 +05:30 [INF] Executed action SkillAssessmentPortal.Controllers.TestController.GetAll (SkillAssesmentPortal) in 498.4422ms
2025-11-06 18:56:03.349 +05:30 [INF] Executed endpoint 'SkillAssessmentPortal.Controllers.TestController.GetAll (SkillAssesmentPortal)'
2025-11-06 18:56:03.354 +05:30 [INF] Request finished HTTP/2 GET https://localhost:7186/api/Test - 200 null application/json; charset=utf-8 732.8778ms
2025-11-06 18:56:20.451 +05:30 [INF] Request starting HTTP/2 GET https://localhost:7186/api/TestLevel - null null
2025-11-06 18:56:20.464 +05:30 [INF] Executing endpoint 'SkillAssessmentPortal.Controllers.TestLevelController.GetAll (SkillAssesmentPortal)'
2025-11-06 18:56:20.467 +05:30 [INF] Route matched with {action = "GetAll", controller = "TestLevel"}. Executing controller action with signature System.Threading.Tasks.Task`1[Microsoft.AspNetCore.Mvc.IActionResult] GetAll() on controller SkillAssessmentPortal.Controllers.TestLevelController (SkillAssesmentPortal).
2025-11-06 18:56:20.470 +05:30 [INF] GET /api/TestLevel - Fetching all test levels
2025-11-06 18:56:20.473 +05:30 [INF] Fetching all test levels from repository
2025-11-06 18:56:20.475 +05:30 [INF] Fetching all test levels from database
2025-11-06 18:56:20.516 +05:30 [INF] Executed DbCommand (32ms) [Parameters=[], CommandType='"Text"', CommandTimeout='30']
SELECT [t].[TestLevelId], [t].[DurationMins], [t].[LevelName], [t].[PassingScore], [t].[TestId], [t].[VideoLink], [t0].[TestId], [t0].[CategoryId], [t0].[CreatedAt], [t0].[CreatedBy], [t0].[DurationMins], [t0].[TestName], [t0].[TotalMarks], [t0].[TotalQuestions]
FROM [TestLevels] AS [t]
INNER JOIN [Tests] AS [t0] ON [t].[TestId] = [t0].[TestId]
2025-11-06 18:56:20.531 +05:30 [INF] Successfully retrieved 12 test levels from database
2025-11-06 18:56:20.535 +05:30 [INF] Successfully retrieved 12 test levels
2025-11-06 18:56:20.540 +05:30 [INF] Successfully retrieved 12 test levels
2025-11-06 18:56:20.543 +05:30 [INF] Executing OkObjectResult, writing value of type 'System.Linq.Enumerable+SelectListIterator`2[[SkillAssessmentPortal.Models.TestLevel, SkillAssesmentPortal, Version=1.0.0.0, Culture=neutral, PublicKeyToken=null],[SkillAssessmentPortal.DTOs.TestLevel.TestLevelResponseDto, SkillAssesmentPortal, Version=1.0.0.0, Culture=neutral, PublicKeyToken=null]]'.
2025-11-06 18:56:20.550 +05:30 [INF] Executed action SkillAssessmentPortal.Controllers.TestLevelController.GetAll (SkillAssesmentPortal) in 80.1774ms
2025-11-06 18:56:20.554 +05:30 [INF] Executed endpoint 'SkillAssessmentPortal.Controllers.TestLevelController.GetAll (SkillAssesmentPortal)'
2025-11-06 18:56:20.560 +05:30 [INF] Request finished HTTP/2 GET https://localhost:7186/api/TestLevel - 200 null application/json; charset=utf-8 110.449ms
2025-11-06 19:02:40.207 +05:30 [INF] Request starting HTTP/2 POST https://localhost:7186/api/Question/bulk - application/json 1906
2025-11-06 19:02:40.269 +05:30 [INF] CORS policy execution successful.
2025-11-06 19:02:40.359 +05:30 [INF] Executing endpoint 'SkillAssessmentPortal.Controllers.QuestionController.AddBulkQuestions (SkillAssesmentPortal)'
2025-11-06 19:02:40.383 +05:30 [INF] Route matched with {action = "AddBulkQuestions", controller = "Question"}. Executing controller action with signature System.Threading.Tasks.Task`1[Microsoft.AspNetCore.Mvc.IActionResult] AddBulkQuestions(SkillAssessmentPortal.DTOs.Question.BulkQuestionCreateDto) on controller SkillAssessmentPortal.Controllers.QuestionController (SkillAssesmentPortal).
2025-11-06 19:02:40.495 +05:30 [INF] POST Bulk Questions - TestLevelId: 11, Count: 10
2025-11-06 19:02:40.498 +05:30 [INF] Adding 10 bulk questions to TestLevelId: 11
2025-11-06 19:02:40.503 +05:30 [INF] Fetching test level by ID: 11
2025-11-06 19:02:40.582 +05:30 [INF] Executed DbCommand (28ms) [Parameters=[@__id_0='?' (DbType = Int32)], CommandType='"Text"', CommandTimeout='30']
SELECT TOP(1) [t].[TestLevelId], [t].[DurationMins], [t].[LevelName], [t].[PassingScore], [t].[TestId], [t].[VideoLink], [t0].[TestId], [t0].[CategoryId], [t0].[CreatedAt], [t0].[CreatedBy], [t0].[DurationMins], [t0].[TestName], [t0].[TotalMarks], [t0].[TotalQuestions]
FROM [TestLevels] AS [t]
INNER JOIN [Tests] AS [t0] ON [t].[TestId] = [t0].[TestId]
WHERE [t].[TestLevelId] = @__id_0
2025-11-06 19:02:40.613 +05:30 [INF] Test level found for ID: 11
2025-11-06 19:02:40.617 +05:30 [INF] Fetching test level by ID: 11
2025-11-06 19:02:40.626 +05:30 [INF] Executed DbCommand (5ms) [Parameters=[@__id_0='?' (DbType = Int32)], CommandType='"Text"', CommandTimeout='30']
SELECT TOP(1) [t].[TestLevelId], [t].[DurationMins], [t].[LevelName], [t].[PassingScore], [t].[TestId], [t].[VideoLink], [t0].[TestId], [t0].[CategoryId], [t0].[CreatedAt], [t0].[CreatedBy], [t0].[DurationMins], [t0].[TestName], [t0].[TotalMarks], [t0].[TotalQuestions]
FROM [TestLevels] AS [t]
INNER JOIN [Tests] AS [t0] ON [t].[TestId] = [t0].[TestId]
WHERE [t].[TestLevelId] = @__id_0
2025-11-06 19:02:40.635 +05:30 [INF] Test level found for ID: 11
2025-11-06 19:02:40.638 +05:30 [INF] Fetching test by ID: 5
2025-11-06 19:02:40.651 +05:30 [INF] Executed DbCommand (8ms) [Parameters=[@__id_0='?' (DbType = Int32)], CommandType='"Text"', CommandTimeout='30']
SELECT TOP(1) [t].[TestId], [t].[CategoryId], [t].[CreatedAt], [t].[CreatedBy], [t].[DurationMins], [t].[TestName], [t].[TotalMarks], [t].[TotalQuestions], [c].[CategoryId], [c].[CategoryName], [c].[Description], [u].[UserId], [u].[CreatedAt], [u].[Email], [u].[Name], [u].[PasswordHash], [u].[Role]
FROM [Tests] AS [t]
INNER JOIN [Categories] AS [c] ON [t].[CategoryId] = [c].[CategoryId]
INNER JOIN [Users] AS [u] ON [t].[CreatedBy] = [u].[UserId]
WHERE [t].[TestId] = @__id_0
2025-11-06 19:02:40.664 +05:30 [INF] Test found for ID: 5
2025-11-06 19:02:40.689 +05:30 [INF] Executed DbCommand (13ms) [Parameters=[@__testLevelId_0='?' (DbType = Int32)], CommandType='"Text"', CommandTimeout='30']
SELECT COUNT(*)
FROM [Questions] AS [q]
WHERE [q].[TestLevelId] = @__testLevelId_0
2025-11-06 19:02:40.718 +05:30 [INF] Executed DbCommand (20ms) [Parameters=[@__testId_0='?' (DbType = Int32)], CommandType='"Text"', CommandTimeout='30']
SELECT COUNT(*)
FROM [Questions] AS [q]
INNER JOIN [TestLevels] AS [t] ON [q].[TestLevelId] = [t].[TestLevelId]
WHERE [t].[TestId] = @__testId_0
2025-11-06 19:02:40.731 +05:30 [WRN] Easy level approaching capacity for TestId: 5 - 10/10 questions
2025-11-06 19:02:40.824 +05:30 [INF] Executed DbCommand (47ms) [Parameters=[@p0='?' (Size = 1), @p1='?' (Size = 4000), @p2='?' (Size = 4000), @p3='?' (Size = 4000), @p4='?' (Size = 4000), @p5='?' (Size = 4000), @p6='?' (DbType = Int32)], CommandType='"Text"', CommandTimeout='30']
SET IMPLICIT_TRANSACTIONS OFF;
SET NOCOUNT ON;
INSERT INTO [Questions] ([CorrectOption], [OptionA], [OptionB], [OptionC], [OptionD], [QuestionText], [TestLevelId])
OUTPUT INSERTED.[QuestionId]
VALUES (@p0, @p1, @p2, @p3, @p4, @p5, @p6);
2025-11-06 19:02:40.850 +05:30 [INF] Executed DbCommand (12ms) [Parameters=[@p0='?' (Size = 1), @p1='?' (Size = 4000), @p2='?' (Size = 4000), @p3='?' (Size = 4000), @p4='?' (Size = 4000), @p5='?' (Size = 4000), @p6='?' (DbType = Int32)], CommandType='"Text"', CommandTimeout='30']
SET IMPLICIT_TRANSACTIONS OFF;
SET NOCOUNT ON;
INSERT INTO [Questions] ([CorrectOption], [OptionA], [OptionB], [OptionC], [OptionD], [QuestionText], [TestLevelId])
OUTPUT INSERTED.[QuestionId]
VALUES (@p0, @p1, @p2, @p3, @p4, @p5, @p6);
2025-11-06 19:02:40.898 +05:30 [INF] Executed DbCommand (6ms) [Parameters=[@p0='?' (Size = 1), @p1='?' (Size = 4000), @p2='?' (Size = 4000), @p3='?' (Size = 4000), @p4='?' (Size = 4000), @p5='?' (Size = 4000), @p6='?' (DbType = Int32)], CommandType='"Text"', CommandTimeout='30']
SET IMPLICIT_TRANSACTIONS OFF;
SET NOCOUNT ON;
INSERT INTO [Questions] ([CorrectOption], [OptionA], [OptionB], [OptionC], [OptionD], [QuestionText], [TestLevelId])
OUTPUT INSERTED.[QuestionId]
VALUES (@p0, @p1, @p2, @p3, @p4, @p5, @p6);
2025-11-06 19:02:40.936 +05:30 [INF] Executed DbCommand (3ms) [Parameters=[@p0='?' (Size = 1), @p1='?' (Size = 4000), @p2='?' (Size = 4000), @p3='?' (Size = 4000), @p4='?' (Size = 4000), @p5='?' (Size = 4000), @p6='?' (DbType = Int32)], CommandType='"Text"', CommandTimeout='30']
SET IMPLICIT_TRANSACTIONS OFF;
SET NOCOUNT ON;
INSERT INTO [Questions] ([CorrectOption], [OptionA], [OptionB], [OptionC], [OptionD], [QuestionText], [TestLevelId])
OUTPUT INSERTED.[QuestionId]
VALUES (@p0, @p1, @p2, @p3, @p4, @p5, @p6);
2025-11-06 19:02:40.953 +05:30 [INF] Executed DbCommand (4ms) [Parameters=[@p0='?' (Size = 1), @p1='?' (Size = 4000), @p2='?' (Size = 4000), @p3='?' (Size = 4000), @p4='?' (Size = 4000), @p5='?' (Size = 4000), @p6='?' (DbType = Int32)], CommandType='"Text"', CommandTimeout='30']
SET IMPLICIT_TRANSACTIONS OFF;
SET NOCOUNT ON;
INSERT INTO [Questions] ([CorrectOption], [OptionA], [OptionB], [OptionC], [OptionD], [QuestionText], [TestLevelId])
OUTPUT INSERTED.[QuestionId]
VALUES (@p0, @p1, @p2, @p3, @p4, @p5, @p6);
2025-11-06 19:02:40.981 +05:30 [INF] Executed DbCommand (10ms) [Parameters=[@p0='?' (Size = 1), @p1='?' (Size = 4000), @p2='?' (Size = 4000), @p3='?' (Size = 4000), @p4='?' (Size = 4000), @p5='?' (Size = 4000), @p6='?' (DbType = Int32)], CommandType='"Text"', CommandTimeout='30']
SET IMPLICIT_TRANSACTIONS OFF;
SET NOCOUNT ON;
INSERT INTO [Questions] ([CorrectOption], [OptionA], [OptionB], [OptionC], [OptionD], [QuestionText], [TestLevelId])
OUTPUT INSERTED.[QuestionId]
VALUES (@p0, @p1, @p2, @p3, @p4, @p5, @p6);
2025-11-06 19:02:41.014 +05:30 [INF] Executed DbCommand (9ms) [Parameters=[@p0='?' (Size = 1), @p1='?' (Size = 4000), @p2='?' (Size = 4000), @p3='?' (Size = 4000), @p4='?' (Size = 4000), @p5='?' (Size = 4000), @p6='?' (DbType = Int32)], CommandType='"Text"', CommandTimeout='30']
SET IMPLICIT_TRANSACTIONS OFF;
SET NOCOUNT ON;
INSERT INTO [Questions] ([CorrectOption], [OptionA], [OptionB], [OptionC], [OptionD], [QuestionText], [TestLevelId])
OUTPUT INSERTED.[QuestionId]
VALUES (@p0, @p1, @p2, @p3, @p4, @p5, @p6);
2025-11-06 19:02:41.032 +05:30 [INF] Executed DbCommand (4ms) [Parameters=[@p0='?' (Size = 1), @p1='?' (Size = 4000), @p2='?' (Size = 4000), @p3='?' (Size = 4000), @p4='?' (Size = 4000), @p5='?' (Size = 4000), @p6='?' (DbType = Int32)], CommandType='"Text"', CommandTimeout='30']
SET IMPLICIT_TRANSACTIONS OFF;
SET NOCOUNT ON;
INSERT INTO [Questions] ([CorrectOption], [OptionA], [OptionB], [OptionC], [OptionD], [QuestionText], [TestLevelId])
OUTPUT INSERTED.[QuestionId]
VALUES (@p0, @p1, @p2, @p3, @p4, @p5, @p6);
2025-11-06 19:02:41.060 +05:30 [INF] Executed DbCommand (7ms) [Parameters=[@p0='?' (Size = 1), @p1='?' (Size = 4000), @p2='?' (Size = 4000), @p3='?' (Size = 4000), @p4='?' (Size = 4000), @p5='?' (Size = 4000), @p6='?' (DbType = Int32)], CommandType='"Text"', CommandTimeout='30']
SET IMPLICIT_TRANSACTIONS OFF;
SET NOCOUNT ON;
INSERT INTO [Questions] ([CorrectOption], [OptionA], [OptionB], [OptionC], [OptionD], [QuestionText], [TestLevelId])
OUTPUT INSERTED.[QuestionId]
VALUES (@p0, @p1, @p2, @p3, @p4, @p5, @p6);
2025-11-06 19:02:41.076 +05:30 [INF] Executed DbCommand (4ms) [Parameters=[@p0='?' (Size = 1), @p1='?' (Size = 4000), @p2='?' (Size = 4000), @p3='?' (Size = 4000), @p4='?' (Size = 4000), @p5='?' (Size = 4000), @p6='?' (DbType = Int32)], CommandType='"Text"', CommandTimeout='30']
SET IMPLICIT_TRANSACTIONS OFF;
SET NOCOUNT ON;
INSERT INTO [Questions] ([CorrectOption], [OptionA], [OptionB], [OptionC], [OptionD], [QuestionText], [TestLevelId])
OUTPUT INSERTED.[QuestionId]
VALUES (@p0, @p1, @p2, @p3, @p4, @p5, @p6);
2025-11-06 19:02:41.095 +05:30 [INF] 10 questions added successfully to Easy level
2025-11-06 19:02:41.104 +05:30 [INF] Bulk questions created successfully: 10 questions added successfully to Easy level.
2025-11-06 19:02:41.122 +05:30 [INF] Executing OkObjectResult, writing value of type '<>f__AnonymousType0`1[[System.String, System.Private.CoreLib, Version=8.0.0.0, Culture=neutral, PublicKeyToken=7cec85d7bea7798e]]'.
2025-11-06 19:02:41.134 +05:30 [INF] Executed action SkillAssessmentPortal.Controllers.QuestionController.AddBulkQuestions (SkillAssesmentPortal) in 737.1641ms
2025-11-06 19:02:41.140 +05:30 [INF] Executed endpoint 'SkillAssessmentPortal.Controllers.QuestionController.AddBulkQuestions (SkillAssesmentPortal)'
2025-11-06 19:02:41.144 +05:30 [INF] Request finished HTTP/2 POST https://localhost:7186/api/Question/bulk - 200 null application/json; charset=utf-8 943.0364ms
2025-11-06 19:02:54.362 +05:30 [INF] Request starting HTTP/2 POST https://localhost:7186/api/Question/bulk - application/json 1906
2025-11-06 19:02:54.370 +05:30 [INF] CORS policy execution successful.
2025-11-06 19:02:54.376 +05:30 [INF] Executing endpoint 'SkillAssessmentPortal.Controllers.QuestionController.AddBulkQuestions (SkillAssesmentPortal)'
2025-11-06 19:02:54.379 +05:30 [INF] Route matched with {action = "AddBulkQuestions", controller = "Question"}. Executing controller action with signature System.Threading.Tasks.Task`1[Microsoft.AspNetCore.Mvc.IActionResult] AddBulkQuestions(SkillAssessmentPortal.DTOs.Question.BulkQuestionCreateDto) on controller SkillAssessmentPortal.Controllers.QuestionController (SkillAssesmentPortal).
2025-11-06 19:02:54.390 +05:30 [INF] POST Bulk Questions - TestLevelId: 12, Count: 10
2025-11-06 19:02:54.394 +05:30 [INF] Adding 10 bulk questions to TestLevelId: 12
2025-11-06 19:02:54.399 +05:30 [INF] Fetching test level by ID: 12
2025-11-06 19:02:54.425 +05:30 [INF] Executed DbCommand (15ms) [Parameters=[@__id_0='?' (DbType = Int32)], CommandType='"Text"', CommandTimeout='30']
SELECT TOP(1) [t].[TestLevelId], [t].[DurationMins], [t].[LevelName], [t].[PassingScore], [t].[TestId], [t].[VideoLink], [t0].[TestId], [t0].[CategoryId], [t0].[CreatedAt], [t0].[CreatedBy], [t0].[DurationMins], [t0].[TestName], [t0].[TotalMarks], [t0].[TotalQuestions]
FROM [TestLevels] AS [t]
INNER JOIN [Tests] AS [t0] ON [t].[TestId] = [t0].[TestId]
WHERE [t].[TestLevelId] = @__id_0
2025-11-06 19:02:54.436 +05:30 [INF] Test level found for ID: 12
2025-11-06 19:02:54.439 +05:30 [INF] Fetching test level by ID: 12
2025-11-06 19:02:54.447 +05:30 [INF] Executed DbCommand (3ms) [Parameters=[@__id_0='?' (DbType = Int32)], CommandType='"Text"', CommandTimeout='30']
SELECT TOP(1) [t].[TestLevelId], [t].[DurationMins], [t].[LevelName], [t].[PassingScore], [t].[TestId], [t].[VideoLink], [t0].[TestId], [t0].[CategoryId], [t0].[CreatedAt], [t0].[CreatedBy], [t0].[DurationMins], [t0].[TestName], [t0].[TotalMarks], [t0].[TotalQuestions]
FROM [TestLevels] AS [t]
INNER JOIN [Tests] AS [t0] ON [t].[TestId] = [t0].[TestId]
WHERE [t].[TestLevelId] = @__id_0
2025-11-06 19:02:54.455 +05:30 [INF] Test level found for ID: 12
2025-11-06 19:02:54.458 +05:30 [INF] Fetching test by ID: 5
2025-11-06 19:02:54.470 +05:30 [INF] Executed DbCommand (6ms) [Parameters=[@__id_0='?' (DbType = Int32)], CommandType='"Text"', CommandTimeout='30']
SELECT TOP(1) [t].[TestId], [t].[CategoryId], [t].[CreatedAt], [t].[CreatedBy], [t].[DurationMins], [t].[TestName], [t].[TotalMarks], [t].[TotalQuestions], [c].[CategoryId], [c].[CategoryName], [c].[Description], [u].[UserId], [u].[CreatedAt], [u].[Email], [u].[Name], [u].[PasswordHash], [u].[Role]
FROM [Tests] AS [t]
INNER JOIN [Categories] AS [c] ON [t].[CategoryId] = [c].[CategoryId]
INNER JOIN [Users] AS [u] ON [t].[CreatedBy] = [u].[UserId]
WHERE [t].[TestId] = @__id_0
2025-11-06 19:02:54.478 +05:30 [INF] Test found for ID: 5
2025-11-06 19:02:54.487 +05:30 [INF] Executed DbCommand (4ms) [Parameters=[@__testLevelId_0='?' (DbType = Int32)], CommandType='"Text"', CommandTimeout='30']
SELECT COUNT(*)
FROM [Questions] AS [q]
WHERE [q].[TestLevelId] = @__testLevelId_0
2025-11-06 19:02:54.512 +05:30 [INF] Executed DbCommand (12ms) [Parameters=[@__testId_0='?' (DbType = Int32)], CommandType='"Text"', CommandTimeout='30']
SELECT COUNT(*)
FROM [Questions] AS [q]
INNER JOIN [TestLevels] AS [t] ON [q].[TestLevelId] = [t].[TestLevelId]
WHERE [t].[TestId] = @__testId_0
2025-11-06 19:02:54.519 +05:30 [WRN] Medium level approaching capacity for TestId: 5 - 10/10 questions
2025-11-06 19:02:54.541 +05:30 [INF] Executed DbCommand (9ms) [Parameters=[@p0='?' (Size = 1), @p1='?' (Size = 4000), @p2='?' (Size = 4000), @p3='?' (Size = 4000), @p4='?' (Size = 4000), @p5='?' (Size = 4000), @p6='?' (DbType = Int32)], CommandType='"Text"', CommandTimeout='30']
SET IMPLICIT_TRANSACTIONS OFF;
SET NOCOUNT ON;
INSERT INTO [Questions] ([CorrectOption], [OptionA], [OptionB], [OptionC], [OptionD], [QuestionText], [TestLevelId])
OUTPUT INSERTED.[QuestionId]
VALUES (@p0, @p1, @p2, @p3, @p4, @p5, @p6);
2025-11-06 19:02:54.556 +05:30 [INF] Executed DbCommand (5ms) [Parameters=[@p0='?' (Size = 1), @p1='?' (Size = 4000), @p2='?' (Size = 4000), @p3='?' (Size = 4000), @p4='?' (Size = 4000), @p5='?' (Size = 4000), @p6='?' (DbType = Int32)], CommandType='"Text"', CommandTimeout='30']
SET IMPLICIT_TRANSACTIONS OFF;
SET NOCOUNT ON;
INSERT INTO [Questions] ([CorrectOption], [OptionA], [OptionB], [OptionC], [OptionD], [QuestionText], [TestLevelId])
OUTPUT INSERTED.[QuestionId]
VALUES (@p0, @p1, @p2, @p3, @p4, @p5, @p6);
2025-11-06 19:02:54.568 +05:30 [INF] Executed DbCommand (4ms) [Parameters=[@p0='?' (Size = 1), @p1='?' (Size = 4000), @p2='?' (Size = 4000), @p3='?' (Size = 4000), @p4='?' (Size = 4000), @p5='?' (Size = 4000), @p6='?' (DbType = Int32)], CommandType='"Text"', CommandTimeout='30']
SET IMPLICIT_TRANSACTIONS OFF;
SET NOCOUNT ON;
INSERT INTO [Questions] ([CorrectOption], [OptionA], [OptionB], [OptionC], [OptionD], [QuestionText], [TestLevelId])
OUTPUT INSERTED.[QuestionId]
VALUES (@p0, @p1, @p2, @p3, @p4, @p5, @p6);
2025-11-06 19:02:54.582 +05:30 [INF] Executed DbCommand (4ms) [Parameters=[@p0='?' (Size = 1), @p1='?' (Size = 4000), @p2='?' (Size = 4000), @p3='?' (Size = 4000), @p4='?' (Size = 4000), @p5='?' (Size = 4000), @p6='?' (DbType = Int32)], CommandType='"Text"', CommandTimeout='30']
SET IMPLICIT_TRANSACTIONS OFF;
SET NOCOUNT ON;
INSERT INTO [Questions] ([CorrectOption], [OptionA], [OptionB], [OptionC], [OptionD], [QuestionText], [TestLevelId])
OUTPUT INSERTED.[QuestionId]
VALUES (@p0, @p1, @p2, @p3, @p4, @p5, @p6);
2025-11-06 19:02:54.594 +05:30 [INF] Executed DbCommand (4ms) [Parameters=[@p0='?' (Size = 1), @p1='?' (Size = 4000), @p2='?' (Size = 4000), @p3='?' (Size = 4000), @p4='?' (Size = 4000), @p5='?' (Size = 4000), @p6='?' (DbType = Int32)], CommandType='"Text"', CommandTimeout='30']
SET IMPLICIT_TRANSACTIONS OFF;
SET NOCOUNT ON;
INSERT INTO [Questions] ([CorrectOption], [OptionA], [OptionB], [OptionC], [OptionD], [QuestionText], [TestLevelId])
OUTPUT INSERTED.[QuestionId]
VALUES (@p0, @p1, @p2, @p3, @p4, @p5, @p6);
2025-11-06 19:02:54.609 +05:30 [INF] Executed DbCommand (4ms) [Parameters=[@p0='?' (Size = 1), @p1='?' (Size = 4000), @p2='?' (Size = 4000), @p3='?' (Size = 4000), @p4='?' (Size = 4000), @p5='?' (Size = 4000), @p6='?' (DbType = Int32)], CommandType='"Text"', CommandTimeout='30']
SET IMPLICIT_TRANSACTIONS OFF;
SET NOCOUNT ON;
INSERT INTO [Questions] ([CorrectOption], [OptionA], [OptionB], [OptionC], [OptionD], [QuestionText], [TestLevelId])
OUTPUT INSERTED.[QuestionId]
VALUES (@p0, @p1, @p2, @p3, @p4, @p5, @p6);
2025-11-06 19:02:54.623 +05:30 [INF] Executed DbCommand (5ms) [Parameters=[@p0='?' (Size = 1), @p1='?' (Size = 4000), @p2='?' (Size = 4000), @p3='?' (Size = 4000), @p4='?' (Size = 4000), @p5='?' (Size = 4000), @p6='?' (DbType = Int32)], CommandType='"Text"', CommandTimeout='30']
SET IMPLICIT_TRANSACTIONS OFF;
SET NOCOUNT ON;
INSERT INTO [Questions] ([CorrectOption], [OptionA], [OptionB], [OptionC], [OptionD], [QuestionText], [TestLevelId])
OUTPUT INSERTED.[QuestionId]
VALUES (@p0, @p1, @p2, @p3, @p4, @p5, @p6);
2025-11-06 19:02:54.637 +05:30 [INF] Executed DbCommand (4ms) [Parameters=[@p0='?' (Size = 1), @p1='?' (Size = 4000), @p2='?' (Size = 4000), @p3='?' (Size = 4000), @p4='?' (Size = 4000), @p5='?' (Size = 4000), @p6='?' (DbType = Int32)], CommandType='"Text"', CommandTimeout='30']
SET IMPLICIT_TRANSACTIONS OFF;
SET NOCOUNT ON;
INSERT INTO [Questions] ([CorrectOption], [OptionA], [OptionB], [OptionC], [OptionD], [QuestionText], [TestLevelId])
OUTPUT INSERTED.[QuestionId]
VALUES (@p0, @p1, @p2, @p3, @p4, @p5, @p6);
2025-11-06 19:02:54.651 +05:30 [INF] Executed DbCommand (4ms) [Parameters=[@p0='?' (Size = 1), @p1='?' (Size = 4000), @p2='?' (Size = 4000), @p3='?' (Size = 4000), @p4='?' (Size = 4000), @p5='?' (Size = 4000), @p6='?' (DbType = Int32)], CommandType='"Text"', CommandTimeout='30']
SET IMPLICIT_TRANSACTIONS OFF;
SET NOCOUNT ON;
INSERT INTO [Questions] ([CorrectOption], [OptionA], [OptionB], [OptionC], [OptionD], [QuestionText], [TestLevelId])
OUTPUT INSERTED.[QuestionId]
VALUES (@p0, @p1, @p2, @p3, @p4, @p5, @p6);
2025-11-06 19:02:54.665 +05:30 [INF] Executed DbCommand (3ms) [Parameters=[@p0='?' (Size = 1), @p1='?' (Size = 4000), @p2='?' (Size = 4000), @p3='?' (Size = 4000), @p4='?' (Size = 4000), @p5='?' (Size = 4000), @p6='?' (DbType = Int32)], CommandType='"Text"', CommandTimeout='30']
SET IMPLICIT_TRANSACTIONS OFF;
SET NOCOUNT ON;
INSERT INTO [Questions] ([CorrectOption], [OptionA], [OptionB], [OptionC], [OptionD], [QuestionText], [TestLevelId])
OUTPUT INSERTED.[QuestionId]
VALUES (@p0, @p1, @p2, @p3, @p4, @p5, @p6);
2025-11-06 19:02:54.670 +05:30 [INF] 10 questions added successfully to Medium level
2025-11-06 19:02:54.678 +05:30 [INF] Bulk questions created successfully: 10 questions added successfully to Medium level.
2025-11-06 19:02:54.683 +05:30 [INF] Executing OkObjectResult, writing value of type '<>f__AnonymousType0`1[[System.String, System.Private.CoreLib, Version=8.0.0.0, Culture=neutral, PublicKeyToken=7cec85d7bea7798e]]'.
2025-11-06 19:02:54.689 +05:30 [INF] Executed action SkillAssessmentPortal.Controllers.QuestionController.AddBulkQuestions (SkillAssesmentPortal) in 303.3633ms
2025-11-06 19:02:54.693 +05:30 [INF] Executed endpoint 'SkillAssessmentPortal.Controllers.QuestionController.AddBulkQuestions (SkillAssesmentPortal)'
2025-11-06 19:02:54.699 +05:30 [INF] Request finished HTTP/2 POST https://localhost:7186/api/Question/bulk - 200 null application/json; charset=utf-8 338.2565ms
2025-11-06 19:03:09.145 +05:30 [INF] Request starting HTTP/2 POST https://localhost:7186/api/Question/bulk - application/json 1906
2025-11-06 19:03:09.154 +05:30 [INF] CORS policy execution successful.
2025-11-06 19:03:09.159 +05:30 [INF] Executing endpoint 'SkillAssessmentPortal.Controllers.QuestionController.AddBulkQuestions (SkillAssesmentPortal)'
2025-11-06 19:03:09.162 +05:30 [INF] Route matched with {action = "AddBulkQuestions", controller = "Question"}. Executing controller action with signature System.Threading.Tasks.Task`1[Microsoft.AspNetCore.Mvc.IActionResult] AddBulkQuestions(SkillAssessmentPortal.DTOs.Question.BulkQuestionCreateDto) on controller SkillAssessmentPortal.Controllers.QuestionController (SkillAssesmentPortal).
2025-11-06 19:03:09.174 +05:30 [INF] POST Bulk Questions - TestLevelId: 13, Count: 10
2025-11-06 19:03:09.180 +05:30 [INF] Adding 10 bulk questions to TestLevelId: 13
2025-11-06 19:03:09.184 +05:30 [INF] Fetching test level by ID: 13
2025-11-06 19:03:09.202 +05:30 [INF] Executed DbCommand (13ms) [Parameters=[@__id_0='?' (DbType = Int32)], CommandType='"Text"', CommandTimeout='30']
SELECT TOP(1) [t].[TestLevelId], [t].[DurationMins], [t].[LevelName], [t].[PassingScore], [t].[TestId], [t].[VideoLink], [t0].[TestId], [t0].[CategoryId], [t0].[CreatedAt], [t0].[CreatedBy], [t0].[DurationMins], [t0].[TestName], [t0].[TotalMarks], [t0].[TotalQuestions]
FROM [TestLevels] AS [t]
INNER JOIN [Tests] AS [t0] ON [t].[TestId] = [t0].[TestId]
WHERE [t].[TestLevelId] = @__id_0
2025-11-06 19:03:09.210 +05:30 [INF] Test level found for ID: 13
2025-11-06 19:03:09.213 +05:30 [INF] Fetching test level by ID: 13
2025-11-06 19:03:09.218 +05:30 [INF] Executed DbCommand (2ms) [Parameters=[@__id_0='?' (DbType = Int32)], CommandType='"Text"', CommandTimeout='30']
SELECT TOP(1) [t].[TestLevelId], [t].[DurationMins], [t].[LevelName], [t].[PassingScore], [t].[TestId], [t].[VideoLink], [t0].[TestId], [t0].[CategoryId], [t0].[CreatedAt], [t0].[CreatedBy], [t0].[DurationMins], [t0].[TestName], [t0].[TotalMarks], [t0].[TotalQuestions]
FROM [TestLevels] AS [t]
INNER JOIN [Tests] AS [t0] ON [t].[TestId] = [t0].[TestId]
WHERE [t].[TestLevelId] = @__id_0
2025-11-06 19:03:09.229 +05:30 [INF] Test level found for ID: 13
2025-11-06 19:03:09.232 +05:30 [INF] Fetching test by ID: 5
2025-11-06 19:03:09.238 +05:30 [INF] Executed DbCommand (3ms) [Parameters=[@__id_0='?' (DbType = Int32)], CommandType='"Text"', CommandTimeout='30']
SELECT TOP(1) [t].[TestId], [t].[CategoryId], [t].[CreatedAt], [t].[CreatedBy], [t].[DurationMins], [t].[TestName], [t].[TotalMarks], [t].[TotalQuestions], [c].[CategoryId], [c].[CategoryName], [c].[Description], [u].[UserId], [u].[CreatedAt], [u].[Email], [u].[Name], [u].[PasswordHash], [u].[Role]
FROM [Tests] AS [t]
INNER JOIN [Categories] AS [c] ON [t].[CategoryId] = [c].[CategoryId]
INNER JOIN [Users] AS [u] ON [t].[CreatedBy] = [u].[UserId]
WHERE [t].[TestId] = @__id_0
2025-11-06 19:03:09.248 +05:30 [INF] Test found for ID: 5
2025-11-06 19:03:09.258 +05:30 [INF] Executed DbCommand (5ms) [Parameters=[@__testLevelId_0='?' (DbType = Int32)], CommandType='"Text"', CommandTimeout='30']
SELECT COUNT(*)
FROM [Questions] AS [q]
WHERE [q].[TestLevelId] = @__testLevelId_0
2025-11-06 19:03:09.275 +05:30 [INF] Executed DbCommand (10ms) [Parameters=[@__testId_0='?' (DbType = Int32)], CommandType='"Text"', CommandTimeout='30']
SELECT COUNT(*)
FROM [Questions] AS [q]
INNER JOIN [TestLevels] AS [t] ON [q].[TestLevelId] = [t].[TestLevelId]
WHERE [t].[TestId] = @__testId_0
2025-11-06 19:03:09.282 +05:30 [WRN] Hard level approaching capacity for TestId: 5 - 10/10 questions
2025-11-06 19:03:09.300 +05:30 [INF] Executed DbCommand (9ms) [Parameters=[@p0='?' (Size = 1), @p1='?' (Size = 4000), @p2='?' (Size = 4000), @p3='?' (Size = 4000), @p4='?' (Size = 4000), @p5='?' (Size = 4000), @p6='?' (DbType = Int32)], CommandType='"Text"', CommandTimeout='30']
SET IMPLICIT_TRANSACTIONS OFF;
SET NOCOUNT ON;
INSERT INTO [Questions] ([CorrectOption], [OptionA], [OptionB], [OptionC], [OptionD], [QuestionText], [TestLevelId])
OUTPUT INSERTED.[QuestionId]
VALUES (@p0, @p1, @p2, @p3, @p4, @p5, @p6);
2025-11-06 19:03:09.313 +05:30 [INF] Executed DbCommand (3ms) [Parameters=[@p0='?' (Size = 1), @p1='?' (Size = 4000), @p2='?' (Size = 4000), @p3='?' (Size = 4000), @p4='?' (Size = 4000), @p5='?' (Size = 4000), @p6='?' (DbType = Int32)], CommandType='"Text"', CommandTimeout='30']
SET IMPLICIT_TRANSACTIONS OFF;
SET NOCOUNT ON;
INSERT INTO [Questions] ([CorrectOption], [OptionA], [OptionB], [OptionC], [OptionD], [QuestionText], [TestLevelId])
OUTPUT INSERTED.[QuestionId]
VALUES (@p0, @p1, @p2, @p3, @p4, @p5, @p6);
2025-11-06 19:03:09.327 +05:30 [INF] Executed DbCommand (4ms) [Parameters=[@p0='?' (Size = 1), @p1='?' (Size = 4000), @p2='?' (Size = 4000), @p3='?' (Size = 4000), @p4='?' (Size = 4000), @p5='?' (Size = 4000), @p6='?' (DbType = Int32)], CommandType='"Text"', CommandTimeout='30']
SET IMPLICIT_TRANSACTIONS OFF;
SET NOCOUNT ON;
INSERT INTO [Questions] ([CorrectOption], [OptionA], [OptionB], [OptionC], [OptionD], [QuestionText], [TestLevelId])
OUTPUT INSERTED.[QuestionId]
VALUES (@p0, @p1, @p2, @p3, @p4, @p5, @p6);
2025-11-06 19:03:09.342 +05:30 [INF] Executed DbCommand (4ms) [Parameters=[@p0='?' (Size = 1), @p1='?' (Size = 4000), @p2='?' (Size = 4000), @p3='?' (Size = 4000), @p4='?' (Size = 4000), @p5='?' (Size = 4000), @p6='?' (DbType = Int32)], CommandType='"Text"', CommandTimeout='30']
SET IMPLICIT_TRANSACTIONS OFF;
SET NOCOUNT ON;
INSERT INTO [Questions] ([CorrectOption], [OptionA], [OptionB], [OptionC], [OptionD], [QuestionText], [TestLevelId])
OUTPUT INSERTED.[QuestionId]
VALUES (@p0, @p1, @p2, @p3, @p4, @p5, @p6);
2025-11-06 19:03:09.356 +05:30 [INF] Executed DbCommand (3ms) [Parameters=[@p0='?' (Size = 1), @p1='?' (Size = 4000), @p2='?' (Size = 4000), @p3='?' (Size = 4000), @p4='?' (Size = 4000), @p5='?' (Size = 4000), @p6='?' (DbType = Int32)], CommandType='"Text"', CommandTimeout='30']
SET IMPLICIT_TRANSACTIONS OFF;
SET NOCOUNT ON;
INSERT INTO [Questions] ([CorrectOption], [OptionA], [OptionB], [OptionC], [OptionD], [QuestionText], [TestLevelId])
OUTPUT INSERTED.[QuestionId]
VALUES (@p0, @p1, @p2, @p3, @p4, @p5, @p6);
2025-11-06 19:03:09.370 +05:30 [INF] Executed DbCommand (3ms) [Parameters=[@p0='?' (Size = 1), @p1='?' (Size = 4000), @p2='?' (Size = 4000), @p3='?' (Size = 4000), @p4='?' (Size = 4000), @p5='?' (Size = 4000), @p6='?' (DbType = Int32)], CommandType='"Text"', CommandTimeout='30']
SET IMPLICIT_TRANSACTIONS OFF;
SET NOCOUNT ON;
INSERT INTO [Questions] ([CorrectOption], [OptionA], [OptionB], [OptionC], [OptionD], [QuestionText], [TestLevelId])
OUTPUT INSERTED.[QuestionId]
VALUES (@p0, @p1, @p2, @p3, @p4, @p5, @p6);
2025-11-06 19:03:09.385 +05:30 [INF] Executed DbCommand (5ms) [Parameters=[@p0='?' (Size = 1), @p1='?' (Size = 4000), @p2='?' (Size = 4000), @p3='?' (Size = 4000), @p4='?' (Size = 4000), @p5='?' (Size = 4000), @p6='?' (DbType = Int32)], CommandType='"Text"', CommandTimeout='30']
SET IMPLICIT_TRANSACTIONS OFF;
SET NOCOUNT ON;
INSERT INTO [Questions] ([CorrectOption], [OptionA], [OptionB], [OptionC], [OptionD], [QuestionText], [TestLevelId])
OUTPUT INSERTED.[QuestionId]
VALUES (@p0, @p1, @p2, @p3, @p4, @p5, @p6);
2025-11-06 19:03:09.399 +05:30 [INF] Executed DbCommand (3ms) [Parameters=[@p0='?' (Size = 1), @p1='?' (Size = 4000), @p2='?' (Size = 4000), @p3='?' (Size = 4000), @p4='?' (Size = 4000), @p5='?' (Size = 4000), @p6='?' (DbType = Int32)], CommandType='"Text"', CommandTimeout='30']
SET IMPLICIT_TRANSACTIONS OFF;
SET NOCOUNT ON;
INSERT INTO [Questions] ([CorrectOption], [OptionA], [OptionB], [OptionC], [OptionD], [QuestionText], [TestLevelId])
OUTPUT INSERTED.[QuestionId]
VALUES (@p0, @p1, @p2, @p3, @p4, @p5, @p6);
2025-11-06 19:03:09.416 +05:30 [INF] Executed DbCommand (4ms) [Parameters=[@p0='?' (Size = 1), @p1='?' (Size = 4000), @p2='?' (Size = 4000), @p3='?' (Size = 4000), @p4='?' (Size = 4000), @p5='?' (Size = 4000), @p6='?' (DbType = Int32)], CommandType='"Text"', CommandTimeout='30']
SET IMPLICIT_TRANSACTIONS OFF;
SET NOCOUNT ON;
INSERT INTO [Questions] ([CorrectOption], [OptionA], [OptionB], [OptionC], [OptionD], [QuestionText], [TestLevelId])
OUTPUT INSERTED.[QuestionId]
VALUES (@p0, @p1, @p2, @p3, @p4, @p5, @p6);
2025-11-06 19:03:09.432 +05:30 [INF] Executed DbCommand (4ms) [Parameters=[@p0='?' (Size = 1), @p1='?' (Size = 4000), @p2='?' (Size = 4000), @p3='?' (Size = 4000), @p4='?' (Size = 4000), @p5='?' (Size = 4000), @p6='?' (DbType = Int32)], CommandType='"Text"', CommandTimeout='30']
SET IMPLICIT_TRANSACTIONS OFF;
SET NOCOUNT ON;
INSERT INTO [Questions] ([CorrectOption], [OptionA], [OptionB], [OptionC], [OptionD], [QuestionText], [TestLevelId])
OUTPUT INSERTED.[QuestionId]
VALUES (@p0, @p1, @p2, @p3, @p4, @p5, @p6);
2025-11-06 19:03:09.450 +05:30 [INF] 10 questions added successfully to Hard level
2025-11-06 19:03:09.464 +05:30 [INF] Bulk questions created successfully: 10 questions added successfully to Hard level.
2025-11-06 19:03:09.468 +05:30 [INF] Executing OkObjectResult, writing value of type '<>f__AnonymousType0`1[[System.String, System.Private.CoreLib, Version=8.0.0.0, Culture=neutral, PublicKeyToken=7cec85d7bea7798e]]'.
2025-11-06 19:03:09.477 +05:30 [INF] Executed action SkillAssessmentPortal.Controllers.QuestionController.AddBulkQuestions (SkillAssesmentPortal) in 308.5529ms
2025-11-06 19:03:09.484 +05:30 [INF] Executed endpoint 'SkillAssessmentPortal.Controllers.QuestionController.AddBulkQuestions (SkillAssesmentPortal)'
2025-11-06 19:03:09.487 +05:30 [INF] Request finished HTTP/2 POST https://localhost:7186/api/Question/bulk - 200 null application/json; charset=utf-8 342.2073ms
