2025-11-11 14:38:36.379 +05:30 [INF] User profile is available. Using 'C:\Users\abdul\AppData\Local\ASP.NET\DataProtection-Keys' as key repository and Windows DPAPI to encrypt keys at rest.
2025-11-11 14:38:37.524 +05:30 [INF] Now listening on: https://localhost:7186
2025-11-11 14:38:37.531 +05:30 [INF] Now listening on: http://localhost:5216
2025-11-11 14:38:37.900 +05:30 [INF] Application started. Press Ctrl+C to shut down.
2025-11-11 14:38:37.903 +05:30 [INF] Hosting environment: Development
2025-11-11 14:38:37.905 +05:30 [INF] Content root path: C:\Users\abdul\Source\Repos\SkillAssesmentPortal
2025-11-11 14:38:39.791 +05:30 [INF] Request starting HTTP/2 GET https://localhost:7186/swagger/index.html - null null
2025-11-11 14:38:40.814 +05:30 [INF] Request finished HTTP/2 GET https://localhost:7186/swagger/index.html - 200 null text/html;charset=utf-8 1066.702ms
2025-11-11 14:38:40.904 +05:30 [INF] Request starting HTTP/2 GET https://localhost:7186/_framework/aspnetcore-browser-refresh.js - null null
2025-11-11 14:38:40.904 +05:30 [INF] Request starting HTTP/2 GET https://localhost:7186/_vs/browserLink - null null
2025-11-11 14:38:40.949 +05:30 [INF] Request finished HTTP/2 GET https://localhost:7186/_framework/aspnetcore-browser-refresh.js - 200 16525 application/javascript; charset=utf-8 46.0569ms
2025-11-11 14:38:41.145 +05:30 [INF] Request finished HTTP/2 GET https://localhost:7186/_vs/browserLink - 200 null text/javascript; charset=UTF-8 241.2223ms
2025-11-11 14:38:41.233 +05:30 [INF] Request starting HTTP/2 GET https://localhost:7186/swagger/v1/swagger.json - null null
2025-11-11 14:38:41.313 +05:30 [INF] Request finished HTTP/2 GET https://localhost:7186/swagger/v1/swagger.json - 200 null application/json;charset=utf-8 80.9653ms
2025-11-11 14:41:18.017 +05:30 [INF] Request starting HTTP/2 OPTIONS https://localhost:7186/api/Auth/login - null null
2025-11-11 14:41:18.346 +05:30 [INF] CORS policy execution successful.
2025-11-11 14:41:18.381 +05:30 [INF] Request finished HTTP/2 OPTIONS https://localhost:7186/api/Auth/login - 204 null null 396.1451ms
2025-11-11 14:41:18.396 +05:30 [INF] Request starting HTTP/2 POST https://localhost:7186/api/Auth/login - application/json 49
2025-11-11 14:41:18.443 +05:30 [INF] CORS policy execution successful.
2025-11-11 14:41:19.546 +05:30 [INF] Executing endpoint 'SkillAssessmentPortal.Controllers.AuthController.Login (SkillAssesmentPortal)'
2025-11-11 14:41:19.828 +05:30 [INF] Route matched with {action = "Login", controller = "Auth"}. Executing controller action with signature System.Threading.Tasks.Task`1[Microsoft.AspNetCore.Mvc.IActionResult] Login(SkillAssessmentPortal.DTOs.Auth.LoginDto) on controller SkillAssessmentPortal.Controllers.AuthController (SkillAssesmentPortal).
2025-11-11 14:41:21.079 +05:30 [INF] Login attempt for email: abd***
2025-11-11 14:41:29.779 +05:30 [INF] Executed DbCommand (519ms) [Parameters=[@__email_0='?' (Size = 150)], CommandType='"Text"', CommandTimeout='30']
SELECT TOP(1) [u].[UserId], [u].[CreatedAt], [u].[Email], [u].[Name], [u].[PasswordHash], [u].[Role]
FROM [Users] AS [u]
WHERE [u].[Email] = @__email_0
2025-11-11 14:41:31.080 +05:30 [INF] Generating JWT token for UserId: 8, Role: "User"
2025-11-11 14:41:31.120 +05:30 [INF] JWT token generated successfully for UserId: 8, expires: "2025-11-13T14:41:31.0863352+05:30"
2025-11-11 14:41:31.133 +05:30 [INF] Login successful for UserId: 8, Role: "User"
2025-11-11 14:41:31.170 +05:30 [INF] Executing OkObjectResult, writing value of type 'SkillAssessmentPortal.DTOs.Auth.LoginResponseDto'.
2025-11-11 14:41:31.201 +05:30 [INF] Executed action SkillAssessmentPortal.Controllers.AuthController.Login (SkillAssesmentPortal) in 11355.6722ms
2025-11-11 14:41:31.229 +05:30 [INF] Executed endpoint 'SkillAssessmentPortal.Controllers.AuthController.Login (SkillAssesmentPortal)'
2025-11-11 14:41:31.268 +05:30 [INF] Request finished HTTP/2 POST https://localhost:7186/api/Auth/login - 200 null application/json; charset=utf-8 12871.858ms
2025-11-11 14:41:31.424 +05:30 [INF] Request starting HTTP/2 OPTIONS https://localhost:7186/api/Category - null null
2025-11-11 14:41:31.427 +05:30 [INF] Request starting HTTP/2 OPTIONS https://localhost:7186/api/Category - null null
2025-11-11 14:41:31.435 +05:30 [INF] CORS policy execution successful.
2025-11-11 14:41:31.440 +05:30 [INF] CORS policy execution successful.
2025-11-11 14:41:31.444 +05:30 [INF] Request finished HTTP/2 OPTIONS https://localhost:7186/api/Category - 204 null null 20.6071ms
2025-11-11 14:41:31.455 +05:30 [INF] Request starting HTTP/2 GET https://localhost:7186/api/Category - null null
2025-11-11 14:41:31.456 +05:30 [INF] Request finished HTTP/2 OPTIONS https://localhost:7186/api/Category - 204 null null 28.4326ms
2025-11-11 14:41:31.483 +05:30 [INF] CORS policy execution successful.
2025-11-11 14:41:31.515 +05:30 [INF] Executing endpoint 'SkillAssessmentPortal.Controllers.CategoryController.GetAll (SkillAssesmentPortal)'
2025-11-11 14:41:31.532 +05:30 [INF] Route matched with {action = "GetAll", controller = "Category"}. Executing controller action with signature System.Threading.Tasks.Task`1[Microsoft.AspNetCore.Mvc.IActionResult] GetAll() on controller SkillAssessmentPortal.Controllers.CategoryController (SkillAssesmentPortal).
2025-11-11 14:41:31.547 +05:30 [INF] GET /api/Category - Fetching all categories
2025-11-11 14:41:31.557 +05:30 [INF] Fetching all categories from database
2025-11-11 14:41:31.721 +05:30 [INF] Executed DbCommand (36ms) [Parameters=[], CommandType='"Text"', CommandTimeout='30']
SELECT [c].[CategoryId], [c].[CategoryName], [c].[Description]
FROM [Categories] AS [c]
2025-11-11 14:41:31.732 +05:30 [INF] Successfully retrieved 4 categories
2025-11-11 14:41:31.739 +05:30 [INF] Successfully retrieved 4 categories
2025-11-11 14:41:31.745 +05:30 [INF] Executing OkObjectResult, writing value of type 'System.Linq.Enumerable+SelectListIterator`2[[SkillAssessmentPortal.Models.Category, SkillAssesmentPortal, Version=1.0.0.0, Culture=neutral, PublicKeyToken=null],[SkillAssessmentPortal.DTOs.Category.CategoryResponseDto, SkillAssesmentPortal, Version=1.0.0.0, Culture=neutral, PublicKeyToken=null]]'.
2025-11-11 14:41:31.757 +05:30 [INF] Executed action SkillAssessmentPortal.Controllers.CategoryController.GetAll (SkillAssesmentPortal) in 218.9547ms
2025-11-11 14:41:31.761 +05:30 [INF] Request starting HTTP/2 GET https://localhost:7186/api/Category - null null
2025-11-11 14:41:31.764 +05:30 [INF] Executed endpoint 'SkillAssessmentPortal.Controllers.CategoryController.GetAll (SkillAssesmentPortal)'
2025-11-11 14:41:31.774 +05:30 [INF] CORS policy execution successful.
2025-11-11 14:41:31.779 +05:30 [INF] Request finished HTTP/2 GET https://localhost:7186/api/Category - 200 null application/json; charset=utf-8 326.6364ms
2025-11-11 14:41:31.800 +05:30 [INF] Executing endpoint 'SkillAssessmentPortal.Controllers.CategoryController.GetAll (SkillAssesmentPortal)'
2025-11-11 14:41:31.819 +05:30 [INF] Route matched with {action = "GetAll", controller = "Category"}. Executing controller action with signature System.Threading.Tasks.Task`1[Microsoft.AspNetCore.Mvc.IActionResult] GetAll() on controller SkillAssessmentPortal.Controllers.CategoryController (SkillAssesmentPortal).
2025-11-11 14:41:31.847 +05:30 [INF] GET /api/Category - Fetching all categories
2025-11-11 14:41:31.850 +05:30 [INF] Fetching all categories from database
2025-11-11 14:41:32.097 +05:30 [INF] Executed DbCommand (6ms) [Parameters=[], CommandType='"Text"', CommandTimeout='30']
SELECT [c].[CategoryId], [c].[CategoryName], [c].[Description]
FROM [Categories] AS [c]
2025-11-11 14:41:32.111 +05:30 [INF] Successfully retrieved 4 categories
2025-11-11 14:41:32.118 +05:30 [INF] Successfully retrieved 4 categories
2025-11-11 14:41:32.123 +05:30 [INF] Executing OkObjectResult, writing value of type 'System.Linq.Enumerable+SelectListIterator`2[[SkillAssessmentPortal.Models.Category, SkillAssesmentPortal, Version=1.0.0.0, Culture=neutral, PublicKeyToken=null],[SkillAssessmentPortal.DTOs.Category.CategoryResponseDto, SkillAssesmentPortal, Version=1.0.0.0, Culture=neutral, PublicKeyToken=null]]'.
2025-11-11 14:41:32.130 +05:30 [INF] Executed action SkillAssessmentPortal.Controllers.CategoryController.GetAll (SkillAssesmentPortal) in 303.5661ms
2025-11-11 14:41:32.135 +05:30 [INF] Executed endpoint 'SkillAssessmentPortal.Controllers.CategoryController.GetAll (SkillAssesmentPortal)'
2025-11-11 14:41:32.140 +05:30 [INF] Request finished HTTP/2 GET https://localhost:7186/api/Category - 200 null application/json; charset=utf-8 379.7275ms
2025-11-11 14:41:40.240 +05:30 [INF] Request starting HTTP/2 OPTIONS https://localhost:7186/api/Test/category/1 - null null
2025-11-11 14:41:40.246 +05:30 [INF] CORS policy execution successful.
2025-11-11 14:41:40.252 +05:30 [INF] Request finished HTTP/2 OPTIONS https://localhost:7186/api/Test/category/1 - 204 null null 13.3322ms
2025-11-11 14:41:40.257 +05:30 [INF] Request starting HTTP/2 GET https://localhost:7186/api/Test/category/1 - null null
2025-11-11 14:41:40.278 +05:30 [INF] CORS policy execution successful.
2025-11-11 14:41:40.288 +05:30 [INF] Executing endpoint 'SkillAssessmentPortal.Controllers.TestController.GetTestsByCategory (SkillAssesmentPortal)'
2025-11-11 14:41:40.308 +05:30 [INF] Route matched with {action = "GetTestsByCategory", controller = "Test"}. Executing controller action with signature System.Threading.Tasks.Task`1[Microsoft.AspNetCore.Mvc.IActionResult] GetTestsByCategory(Int32) on controller SkillAssessmentPortal.Controllers.TestController (SkillAssesmentPortal).
2025-11-11 14:41:40.332 +05:30 [INF] GET /api/Test/category/1 - Fetching tests by category
2025-11-11 14:41:40.346 +05:30 [INF] Fetching tests for CategoryId: 1
2025-11-11 14:41:40.354 +05:30 [INF] Fetching all tests from database
2025-11-11 14:41:40.646 +05:30 [INF] Executed DbCommand (18ms) [Parameters=[], CommandType='"Text"', CommandTimeout='30']
SELECT [t].[TestId], [t].[CategoryId], [t].[CreatedAt], [t].[CreatedBy], [t].[DurationMins], [t].[TestName], [t].[TotalMarks], [t].[TotalQuestions], [c].[CategoryId], [c].[CategoryName], [c].[Description], [u].[UserId], [u].[CreatedAt], [u].[Email], [u].[Name], [u].[PasswordHash], [u].[Role]
FROM [Tests] AS [t]
INNER JOIN [Categories] AS [c] ON [t].[CategoryId] = [c].[CategoryId]
INNER JOIN [Users] AS [u] ON [t].[CreatedBy] = [u].[UserId]
2025-11-11 14:41:40.673 +05:30 [INF] Successfully retrieved 4 tests
2025-11-11 14:41:40.684 +05:30 [INF] Found 1 tests for CategoryId: 1
2025-11-11 14:41:40.693 +05:30 [INF] Successfully retrieved 1 tests for CategoryId: 1
2025-11-11 14:41:40.700 +05:30 [INF] Executing OkObjectResult, writing value of type 'System.Collections.Generic.List`1[[SkillAssessmentPortal.DTOs.Test.TestResponseDto, SkillAssesmentPortal, Version=1.0.0.0, Culture=neutral, PublicKeyToken=null]]'.
2025-11-11 14:41:40.746 +05:30 [INF] Executed action SkillAssessmentPortal.Controllers.TestController.GetTestsByCategory (SkillAssesmentPortal) in 428.5062ms
2025-11-11 14:41:40.751 +05:30 [INF] Executed endpoint 'SkillAssessmentPortal.Controllers.TestController.GetTestsByCategory (SkillAssesmentPortal)'
2025-11-11 14:41:40.758 +05:30 [INF] Request finished HTTP/2 GET https://localhost:7186/api/Test/category/1 - 200 null application/json; charset=utf-8 501.8021ms
2025-11-11 14:41:43.457 +05:30 [INF] Request starting HTTP/2 OPTIONS https://localhost:7186/api/TestLevel/test/1 - null null
2025-11-11 14:41:43.461 +05:30 [INF] Request starting HTTP/2 OPTIONS https://localhost:7186/api/TestLevel/test/1 - null null
2025-11-11 14:41:43.467 +05:30 [INF] CORS policy execution successful.
2025-11-11 14:41:43.479 +05:30 [INF] Request finished HTTP/2 OPTIONS https://localhost:7186/api/TestLevel/test/1 - 204 null null 22.0937ms
2025-11-11 14:41:43.480 +05:30 [INF] CORS policy execution successful.
2025-11-11 14:41:43.484 +05:30 [INF] Request starting HTTP/2 GET https://localhost:7186/api/TestLevel/test/1 - null null
2025-11-11 14:41:43.493 +05:30 [INF] Request finished HTTP/2 OPTIONS https://localhost:7186/api/TestLevel/test/1 - 204 null null 31.7309ms
2025-11-11 14:41:43.498 +05:30 [INF] CORS policy execution successful.
2025-11-11 14:41:43.511 +05:30 [INF] Executing endpoint 'SkillAssessmentPortal.Controllers.TestLevelController.GetTestLevelsByTest (SkillAssesmentPortal)'
2025-11-11 14:41:43.527 +05:30 [INF] Route matched with {action = "GetTestLevelsByTest", controller = "TestLevel"}. Executing controller action with signature System.Threading.Tasks.Task`1[Microsoft.AspNetCore.Mvc.IActionResult] GetTestLevelsByTest(Int32) on controller SkillAssessmentPortal.Controllers.TestLevelController (SkillAssesmentPortal).
2025-11-11 14:41:43.540 +05:30 [INF] GET /api/TestLevel/test/1 - Fetching test levels by test
2025-11-11 14:41:43.548 +05:30 [INF] Fetching test levels for TestId: 1
2025-11-11 14:41:43.555 +05:30 [INF] Fetching test levels for TestId: 1
2025-11-11 14:41:43.785 +05:30 [INF] Executed DbCommand (72ms) [Parameters=[@__testId_0='?' (DbType = Int32)], CommandType='"Text"', CommandTimeout='30']
SELECT [t].[TestLevelId], [t].[DurationMins], [t].[LevelName], [t].[PassingScore], [t].[TestId], [t].[VideoLink], [q].[QuestionId], [q].[CorrectOption], [q].[OptionA], [q].[OptionB], [q].[OptionC], [q].[OptionD], [q].[QuestionText], [q].[TestLevelId]
FROM [TestLevels] AS [t]
LEFT JOIN [Questions] AS [q] ON [t].[TestLevelId] = [q].[TestLevelId]
WHERE [t].[TestId] = @__testId_0
ORDER BY [t].[TestLevelId]
2025-11-11 14:41:44.086 +05:30 [INF] Retrieved 3 test levels for TestId: 1
2025-11-11 14:41:44.097 +05:30 [INF] Successfully retrieved 3 test levels for TestId: 1
2025-11-11 14:41:44.101 +05:30 [INF] Successfully retrieved 3 test levels for TestId: 1
2025-11-11 14:41:44.106 +05:30 [INF] Executing OkObjectResult, writing value of type 'System.Linq.OrderedEnumerable`2[[SkillAssessmentPortal.DTOs.TestLevel.TestLevelResponseDto, SkillAssesmentPortal, Version=1.0.0.0, Culture=neutral, PublicKeyToken=null],[System.String, System.Private.CoreLib, Version=8.0.0.0, Culture=neutral, PublicKeyToken=7cec85d7bea7798e]]'.
2025-11-11 14:41:44.120 +05:30 [INF] Executed action SkillAssessmentPortal.Controllers.TestLevelController.GetTestLevelsByTest (SkillAssesmentPortal) in 587.0406ms
2025-11-11 14:41:44.124 +05:30 [INF] Executed endpoint 'SkillAssessmentPortal.Controllers.TestLevelController.GetTestLevelsByTest (SkillAssesmentPortal)'
2025-11-11 14:41:44.126 +05:30 [INF] Request starting HTTP/2 GET https://localhost:7186/api/TestLevel/test/1 - null null
2025-11-11 14:41:44.130 +05:30 [INF] Request finished HTTP/2 GET https://localhost:7186/api/TestLevel/test/1 - 200 null application/json; charset=utf-8 648.1076ms
2025-11-11 14:41:44.136 +05:30 [INF] CORS policy execution successful.
2025-11-11 14:41:44.145 +05:30 [INF] Executing endpoint 'SkillAssessmentPortal.Controllers.TestLevelController.GetTestLevelsByTest (SkillAssesmentPortal)'
2025-11-11 14:41:44.148 +05:30 [INF] Route matched with {action = "GetTestLevelsByTest", controller = "TestLevel"}. Executing controller action with signature System.Threading.Tasks.Task`1[Microsoft.AspNetCore.Mvc.IActionResult] GetTestLevelsByTest(Int32) on controller SkillAssessmentPortal.Controllers.TestLevelController (SkillAssesmentPortal).
2025-11-11 14:41:44.155 +05:30 [INF] GET /api/TestLevel/test/1 - Fetching test levels by test
2025-11-11 14:41:44.158 +05:30 [INF] Fetching test levels for TestId: 1
2025-11-11 14:41:44.160 +05:30 [INF] Fetching test levels for TestId: 1
2025-11-11 14:41:44.200 +05:30 [INF] Executed DbCommand (28ms) [Parameters=[@__testId_0='?' (DbType = Int32)], CommandType='"Text"', CommandTimeout='30']
SELECT [t].[TestLevelId], [t].[DurationMins], [t].[LevelName], [t].[PassingScore], [t].[TestId], [t].[VideoLink], [q].[QuestionId], [q].[CorrectOption], [q].[OptionA], [q].[OptionB], [q].[OptionC], [q].[OptionD], [q].[QuestionText], [q].[TestLevelId]
FROM [TestLevels] AS [t]
LEFT JOIN [Questions] AS [q] ON [t].[TestLevelId] = [q].[TestLevelId]
WHERE [t].[TestId] = @__testId_0
ORDER BY [t].[TestLevelId]
2025-11-11 14:41:44.216 +05:30 [INF] Retrieved 3 test levels for TestId: 1
2025-11-11 14:41:44.219 +05:30 [INF] Successfully retrieved 3 test levels for TestId: 1
2025-11-11 14:41:44.223 +05:30 [INF] Successfully retrieved 3 test levels for TestId: 1
2025-11-11 14:41:44.226 +05:30 [INF] Executing OkObjectResult, writing value of type 'System.Linq.OrderedEnumerable`2[[SkillAssessmentPortal.DTOs.TestLevel.TestLevelResponseDto, SkillAssesmentPortal, Version=1.0.0.0, Culture=neutral, PublicKeyToken=null],[System.String, System.Private.CoreLib, Version=8.0.0.0, Culture=neutral, PublicKeyToken=7cec85d7bea7798e]]'.
2025-11-11 14:41:44.231 +05:30 [INF] Executed action SkillAssessmentPortal.Controllers.TestLevelController.GetTestLevelsByTest (SkillAssesmentPortal) in 78.6409ms
2025-11-11 14:41:44.234 +05:30 [INF] Executed endpoint 'SkillAssessmentPortal.Controllers.TestLevelController.GetTestLevelsByTest (SkillAssesmentPortal)'
2025-11-11 14:41:44.239 +05:30 [INF] Request finished HTTP/2 GET https://localhost:7186/api/TestLevel/test/1 - 200 null application/json; charset=utf-8 115.2986ms
2025-11-11 14:42:04.779 +05:30 [INF] Request starting HTTP/2 OPTIONS https://localhost:7186/api/Question/testlevel/1 - null null
2025-11-11 14:42:04.781 +05:30 [INF] Request starting HTTP/2 OPTIONS https://localhost:7186/api/Question/testlevel/1 - null null
2025-11-11 14:42:04.788 +05:30 [INF] CORS policy execution successful.
2025-11-11 14:42:04.795 +05:30 [INF] CORS policy execution successful.
2025-11-11 14:42:04.796 +05:30 [INF] Request finished HTTP/2 OPTIONS https://localhost:7186/api/Question/testlevel/1 - 204 null null 16.8699ms
2025-11-11 14:42:04.798 +05:30 [INF] Request finished HTTP/2 OPTIONS https://localhost:7186/api/Question/testlevel/1 - 204 null null 17.2483ms
2025-11-11 14:42:04.802 +05:30 [INF] Request starting HTTP/2 GET https://localhost:7186/api/Question/testlevel/1 - null null
2025-11-11 14:42:04.839 +05:30 [INF] CORS policy execution successful.
2025-11-11 14:42:04.844 +05:30 [INF] Executing endpoint 'SkillAssessmentPortal.Controllers.QuestionController.GetQuestionsByTestLevel (SkillAssesmentPortal)'
2025-11-11 14:42:04.858 +05:30 [INF] Route matched with {action = "GetQuestionsByTestLevel", controller = "Question"}. Executing controller action with signature System.Threading.Tasks.Task`1[Microsoft.AspNetCore.Mvc.IActionResult] GetQuestionsByTestLevel(Int32) on controller SkillAssessmentPortal.Controllers.QuestionController (SkillAssesmentPortal).
2025-11-11 14:42:04.878 +05:30 [INF] GET Questions by TestLevelId: 1
2025-11-11 14:42:04.926 +05:30 [INF] Executed DbCommand (12ms) [Parameters=[@__testLevelId_0='?' (DbType = Int32)], CommandType='"Text"', CommandTimeout='30']
SELECT [q].[QuestionId], [q].[CorrectOption], [q].[OptionA], [q].[OptionB], [q].[OptionC], [q].[OptionD], [q].[QuestionText], [q].[TestLevelId]
FROM [Questions] AS [q]
WHERE [q].[TestLevelId] = @__testLevelId_0
2025-11-11 14:42:04.946 +05:30 [INF] Retrieved 16 questions for TestLevelId: 1
2025-11-11 14:42:04.953 +05:30 [INF] Executing OkObjectResult, writing value of type 'System.Linq.Enumerable+SelectListIterator`2[[Question, SkillAssesmentPortal, Version=1.0.0.0, Culture=neutral, PublicKeyToken=null],[SkillAssessmentPortal.DTOs.Question.QuestionResponseDto, SkillAssesmentPortal, Version=1.0.0.0, Culture=neutral, PublicKeyToken=null]]'.
2025-11-11 14:42:04.969 +05:30 [INF] Executed action SkillAssessmentPortal.Controllers.QuestionController.GetQuestionsByTestLevel (SkillAssesmentPortal) in 102.4314ms
2025-11-11 14:42:04.976 +05:30 [INF] Request starting HTTP/2 GET https://localhost:7186/api/Question/testlevel/1 - null null
2025-11-11 14:42:04.977 +05:30 [INF] Executed endpoint 'SkillAssessmentPortal.Controllers.QuestionController.GetQuestionsByTestLevel (SkillAssesmentPortal)'
2025-11-11 14:42:04.987 +05:30 [INF] CORS policy execution successful.
2025-11-11 14:42:04.994 +05:30 [INF] Request finished HTTP/2 GET https://localhost:7186/api/Question/testlevel/1 - 200 null application/json; charset=utf-8 192.4684ms
2025-11-11 14:42:05.006 +05:30 [INF] Executing endpoint 'SkillAssessmentPortal.Controllers.QuestionController.GetQuestionsByTestLevel (SkillAssesmentPortal)'
2025-11-11 14:42:05.006 +05:30 [INF] Request starting HTTP/2 OPTIONS https://localhost:7186/api/TestLevel/1 - null null
2025-11-11 14:42:05.043 +05:30 [INF] Route matched with {action = "GetQuestionsByTestLevel", controller = "Question"}. Executing controller action with signature System.Threading.Tasks.Task`1[Microsoft.AspNetCore.Mvc.IActionResult] GetQuestionsByTestLevel(Int32) on controller SkillAssessmentPortal.Controllers.QuestionController (SkillAssesmentPortal).
2025-11-11 14:42:05.062 +05:30 [INF] CORS policy execution successful.
2025-11-11 14:42:05.070 +05:30 [INF] Request finished HTTP/2 OPTIONS https://localhost:7186/api/TestLevel/1 - 204 null null 68.665ms
2025-11-11 14:42:05.071 +05:30 [INF] GET Questions by TestLevelId: 1
2025-11-11 14:42:05.074 +05:30 [INF] Request starting HTTP/2 GET https://localhost:7186/api/TestLevel/1 - null null
2025-11-11 14:42:05.095 +05:30 [INF] Executed DbCommand (5ms) [Parameters=[@__testLevelId_0='?' (DbType = Int32)], CommandType='"Text"', CommandTimeout='30']
SELECT [q].[QuestionId], [q].[CorrectOption], [q].[OptionA], [q].[OptionB], [q].[OptionC], [q].[OptionD], [q].[QuestionText], [q].[TestLevelId]
FROM [Questions] AS [q]
WHERE [q].[TestLevelId] = @__testLevelId_0
2025-11-11 14:42:05.103 +05:30 [INF] CORS policy execution successful.
2025-11-11 14:42:05.110 +05:30 [INF] Retrieved 16 questions for TestLevelId: 1
2025-11-11 14:42:05.112 +05:30 [INF] Request finished HTTP/2 GET https://localhost:7186/api/TestLevel/1 - 404 0 null 38.9662ms
2025-11-11 14:42:05.114 +05:30 [INF] Executing OkObjectResult, writing value of type 'System.Linq.Enumerable+SelectListIterator`2[[Question, SkillAssesmentPortal, Version=1.0.0.0, Culture=neutral, PublicKeyToken=null],[SkillAssessmentPortal.DTOs.Question.QuestionResponseDto, SkillAssesmentPortal, Version=1.0.0.0, Culture=neutral, PublicKeyToken=null]]'.
2025-11-11 14:42:05.126 +05:30 [INF] Request reached the end of the middleware pipeline without being handled by application code. Request path: GET https://localhost:7186/api/TestLevel/1, Response status code: 404
2025-11-11 14:42:05.128 +05:30 [INF] Executed action SkillAssessmentPortal.Controllers.QuestionController.GetQuestionsByTestLevel (SkillAssesmentPortal) in 60.8298ms
2025-11-11 14:42:05.139 +05:30 [INF] Executed endpoint 'SkillAssessmentPortal.Controllers.QuestionController.GetQuestionsByTestLevel (SkillAssesmentPortal)'
2025-11-11 14:42:05.145 +05:30 [INF] Request finished HTTP/2 GET https://localhost:7186/api/Question/testlevel/1 - 200 null application/json; charset=utf-8 170.3318ms
2025-11-11 14:42:05.150 +05:30 [INF] Request starting HTTP/2 GET https://localhost:7186/api/TestLevel/1 - null null
2025-11-11 14:42:05.161 +05:30 [INF] CORS policy execution successful.
2025-11-11 14:42:05.166 +05:30 [INF] Request finished HTTP/2 GET https://localhost:7186/api/TestLevel/1 - 404 0 null 16.5263ms
2025-11-11 14:42:05.184 +05:30 [INF] Request reached the end of the middleware pipeline without being handled by application code. Request path: GET https://localhost:7186/api/TestLevel/1, Response status code: 404
2025-11-11 14:42:18.473 +05:30 [INF] Request starting HTTP/2 OPTIONS https://localhost:7186/api/TestLevel/test/1 - null null
2025-11-11 14:42:18.475 +05:30 [INF] Request starting HTTP/2 OPTIONS https://localhost:7186/api/TestLevel/test/1 - null null
2025-11-11 14:42:18.482 +05:30 [INF] CORS policy execution successful.
2025-11-11 14:42:18.485 +05:30 [INF] CORS policy execution successful.
2025-11-11 14:42:18.488 +05:30 [INF] Request finished HTTP/2 OPTIONS https://localhost:7186/api/TestLevel/test/1 - 204 null null 14.7726ms
2025-11-11 14:42:18.492 +05:30 [INF] Request starting HTTP/2 GET https://localhost:7186/api/TestLevel/test/1 - null null
2025-11-11 14:42:18.492 +05:30 [INF] Request finished HTTP/2 OPTIONS https://localhost:7186/api/TestLevel/test/1 - 204 null null 19.0168ms
2025-11-11 14:42:18.502 +05:30 [INF] CORS policy execution successful.
2025-11-11 14:42:18.511 +05:30 [INF] Executing endpoint 'SkillAssessmentPortal.Controllers.TestLevelController.GetTestLevelsByTest (SkillAssesmentPortal)'
2025-11-11 14:42:18.515 +05:30 [INF] Route matched with {action = "GetTestLevelsByTest", controller = "TestLevel"}. Executing controller action with signature System.Threading.Tasks.Task`1[Microsoft.AspNetCore.Mvc.IActionResult] GetTestLevelsByTest(Int32) on controller SkillAssessmentPortal.Controllers.TestLevelController (SkillAssesmentPortal).
2025-11-11 14:42:18.536 +05:30 [INF] GET /api/TestLevel/test/1 - Fetching test levels by test
2025-11-11 14:42:18.539 +05:30 [INF] Fetching test levels for TestId: 1
2025-11-11 14:42:18.543 +05:30 [INF] Fetching test levels for TestId: 1
2025-11-11 14:42:18.557 +05:30 [INF] Executed DbCommand (7ms) [Parameters=[@__testId_0='?' (DbType = Int32)], CommandType='"Text"', CommandTimeout='30']
SELECT [t].[TestLevelId], [t].[DurationMins], [t].[LevelName], [t].[PassingScore], [t].[TestId], [t].[VideoLink], [q].[QuestionId], [q].[CorrectOption], [q].[OptionA], [q].[OptionB], [q].[OptionC], [q].[OptionD], [q].[QuestionText], [q].[TestLevelId]
FROM [TestLevels] AS [t]
LEFT JOIN [Questions] AS [q] ON [t].[TestLevelId] = [q].[TestLevelId]
WHERE [t].[TestId] = @__testId_0
ORDER BY [t].[TestLevelId]
2025-11-11 14:42:18.581 +05:30 [INF] Retrieved 3 test levels for TestId: 1
2025-11-11 14:42:18.585 +05:30 [INF] Successfully retrieved 3 test levels for TestId: 1
2025-11-11 14:42:18.588 +05:30 [INF] Successfully retrieved 3 test levels for TestId: 1
2025-11-11 14:42:18.592 +05:30 [INF] Executing OkObjectResult, writing value of type 'System.Linq.OrderedEnumerable`2[[SkillAssessmentPortal.DTOs.TestLevel.TestLevelResponseDto, SkillAssesmentPortal, Version=1.0.0.0, Culture=neutral, PublicKeyToken=null],[System.String, System.Private.CoreLib, Version=8.0.0.0, Culture=neutral, PublicKeyToken=7cec85d7bea7798e]]'.
2025-11-11 14:42:18.597 +05:30 [INF] Executed action SkillAssessmentPortal.Controllers.TestLevelController.GetTestLevelsByTest (SkillAssesmentPortal) in 73.0699ms
2025-11-11 14:42:18.601 +05:30 [INF] Request starting HTTP/2 GET https://localhost:7186/api/TestLevel/test/1 - null null
2025-11-11 14:42:18.603 +05:30 [INF] Executed endpoint 'SkillAssessmentPortal.Controllers.TestLevelController.GetTestLevelsByTest (SkillAssesmentPortal)'
2025-11-11 14:42:18.610 +05:30 [INF] CORS policy execution successful.
2025-11-11 14:42:18.614 +05:30 [INF] Request finished HTTP/2 GET https://localhost:7186/api/TestLevel/test/1 - 200 null application/json; charset=utf-8 121.989ms
2025-11-11 14:42:18.616 +05:30 [INF] Executing endpoint 'SkillAssessmentPortal.Controllers.TestLevelController.GetTestLevelsByTest (SkillAssesmentPortal)'
2025-11-11 14:42:18.620 +05:30 [INF] Route matched with {action = "GetTestLevelsByTest", controller = "TestLevel"}. Executing controller action with signature System.Threading.Tasks.Task`1[Microsoft.AspNetCore.Mvc.IActionResult] GetTestLevelsByTest(Int32) on controller SkillAssessmentPortal.Controllers.TestLevelController (SkillAssesmentPortal).
2025-11-11 14:42:18.623 +05:30 [INF] GET /api/TestLevel/test/1 - Fetching test levels by test
2025-11-11 14:42:18.626 +05:30 [INF] Fetching test levels for TestId: 1
2025-11-11 14:42:18.627 +05:30 [INF] Fetching test levels for TestId: 1
2025-11-11 14:42:18.632 +05:30 [INF] Executed DbCommand (2ms) [Parameters=[@__testId_0='?' (DbType = Int32)], CommandType='"Text"', CommandTimeout='30']
SELECT [t].[TestLevelId], [t].[DurationMins], [t].[LevelName], [t].[PassingScore], [t].[TestId], [t].[VideoLink], [q].[QuestionId], [q].[CorrectOption], [q].[OptionA], [q].[OptionB], [q].[OptionC], [q].[OptionD], [q].[QuestionText], [q].[TestLevelId]
FROM [TestLevels] AS [t]
LEFT JOIN [Questions] AS [q] ON [t].[TestLevelId] = [q].[TestLevelId]
WHERE [t].[TestId] = @__testId_0
ORDER BY [t].[TestLevelId]
2025-11-11 14:42:18.641 +05:30 [INF] Retrieved 3 test levels for TestId: 1
2025-11-11 14:42:18.643 +05:30 [INF] Successfully retrieved 3 test levels for TestId: 1
2025-11-11 14:42:18.645 +05:30 [INF] Successfully retrieved 3 test levels for TestId: 1
2025-11-11 14:42:18.647 +05:30 [INF] Executing OkObjectResult, writing value of type 'System.Linq.OrderedEnumerable`2[[SkillAssessmentPortal.DTOs.TestLevel.TestLevelResponseDto, SkillAssesmentPortal, Version=1.0.0.0, Culture=neutral, PublicKeyToken=null],[System.String, System.Private.CoreLib, Version=8.0.0.0, Culture=neutral, PublicKeyToken=7cec85d7bea7798e]]'.
2025-11-11 14:42:18.649 +05:30 [INF] Executed action SkillAssessmentPortal.Controllers.TestLevelController.GetTestLevelsByTest (SkillAssesmentPortal) in 25.6722ms
2025-11-11 14:42:18.651 +05:30 [INF] Executed endpoint 'SkillAssessmentPortal.Controllers.TestLevelController.GetTestLevelsByTest (SkillAssesmentPortal)'
2025-11-11 14:42:18.654 +05:30 [INF] Request finished HTTP/2 GET https://localhost:7186/api/TestLevel/test/1 - 200 null application/json; charset=utf-8 52.6433ms
2025-11-11 14:42:20.755 +05:30 [INF] Request starting HTTP/2 OPTIONS https://localhost:7186/api/Category - null null
2025-11-11 14:42:20.755 +05:30 [INF] Request starting HTTP/2 OPTIONS https://localhost:7186/api/Category - null null
2025-11-11 14:42:20.762 +05:30 [INF] CORS policy execution successful.
2025-11-11 14:42:20.769 +05:30 [INF] CORS policy execution successful.
2025-11-11 14:42:20.773 +05:30 [INF] Request finished HTTP/2 OPTIONS https://localhost:7186/api/Category - 204 null null 17.6751ms
2025-11-11 14:42:20.774 +05:30 [INF] Request finished HTTP/2 OPTIONS https://localhost:7186/api/Category - 204 null null 19.0418ms
2025-11-11 14:42:20.777 +05:30 [INF] Request starting HTTP/2 GET https://localhost:7186/api/Category - null null
2025-11-11 14:42:20.810 +05:30 [INF] CORS policy execution successful.
2025-11-11 14:42:20.814 +05:30 [INF] Executing endpoint 'SkillAssessmentPortal.Controllers.CategoryController.GetAll (SkillAssesmentPortal)'
2025-11-11 14:42:20.820 +05:30 [INF] Route matched with {action = "GetAll", controller = "Category"}. Executing controller action with signature System.Threading.Tasks.Task`1[Microsoft.AspNetCore.Mvc.IActionResult] GetAll() on controller SkillAssessmentPortal.Controllers.CategoryController (SkillAssesmentPortal).
2025-11-11 14:42:20.830 +05:30 [INF] GET /api/Category - Fetching all categories
2025-11-11 14:42:20.832 +05:30 [INF] Fetching all categories from database
2025-11-11 14:42:20.845 +05:30 [INF] Executed DbCommand (8ms) [Parameters=[], CommandType='"Text"', CommandTimeout='30']
SELECT [c].[CategoryId], [c].[CategoryName], [c].[Description]
FROM [Categories] AS [c]
2025-11-11 14:42:20.854 +05:30 [INF] Successfully retrieved 4 categories
2025-11-11 14:42:20.855 +05:30 [INF] Successfully retrieved 4 categories
2025-11-11 14:42:20.858 +05:30 [INF] Executing OkObjectResult, writing value of type 'System.Linq.Enumerable+SelectListIterator`2[[SkillAssessmentPortal.Models.Category, SkillAssesmentPortal, Version=1.0.0.0, Culture=neutral, PublicKeyToken=null],[SkillAssessmentPortal.DTOs.Category.CategoryResponseDto, SkillAssesmentPortal, Version=1.0.0.0, Culture=neutral, PublicKeyToken=null]]'.
2025-11-11 14:42:20.862 +05:30 [INF] Executed action SkillAssessmentPortal.Controllers.CategoryController.GetAll (SkillAssesmentPortal) in 35.9283ms
2025-11-11 14:42:20.865 +05:30 [INF] Request starting HTTP/2 GET https://localhost:7186/api/Category - null null
2025-11-11 14:42:20.866 +05:30 [INF] Executed endpoint 'SkillAssessmentPortal.Controllers.CategoryController.GetAll (SkillAssesmentPortal)'
2025-11-11 14:42:20.871 +05:30 [INF] CORS policy execution successful.
2025-11-11 14:42:20.873 +05:30 [INF] Request finished HTTP/2 GET https://localhost:7186/api/Category - 200 null application/json; charset=utf-8 96.2658ms
2025-11-11 14:42:20.875 +05:30 [INF] Executing endpoint 'SkillAssessmentPortal.Controllers.CategoryController.GetAll (SkillAssesmentPortal)'
2025-11-11 14:42:20.886 +05:30 [INF] Route matched with {action = "GetAll", controller = "Category"}. Executing controller action with signature System.Threading.Tasks.Task`1[Microsoft.AspNetCore.Mvc.IActionResult] GetAll() on controller SkillAssessmentPortal.Controllers.CategoryController (SkillAssesmentPortal).
2025-11-11 14:42:20.891 +05:30 [INF] GET /api/Category - Fetching all categories
2025-11-11 14:42:20.894 +05:30 [INF] Fetching all categories from database
2025-11-11 14:42:20.901 +05:30 [INF] Executed DbCommand (3ms) [Parameters=[], CommandType='"Text"', CommandTimeout='30']
SELECT [c].[CategoryId], [c].[CategoryName], [c].[Description]
FROM [Categories] AS [c]
2025-11-11 14:42:20.911 +05:30 [INF] Successfully retrieved 4 categories
2025-11-11 14:42:20.915 +05:30 [INF] Successfully retrieved 4 categories
2025-11-11 14:42:20.919 +05:30 [INF] Executing OkObjectResult, writing value of type 'System.Linq.Enumerable+SelectListIterator`2[[SkillAssessmentPortal.Models.Category, SkillAssesmentPortal, Version=1.0.0.0, Culture=neutral, PublicKeyToken=null],[SkillAssessmentPortal.DTOs.Category.CategoryResponseDto, SkillAssesmentPortal, Version=1.0.0.0, Culture=neutral, PublicKeyToken=null]]'.
2025-11-11 14:42:20.927 +05:30 [INF] Executed action SkillAssessmentPortal.Controllers.CategoryController.GetAll (SkillAssesmentPortal) in 35.7344ms
2025-11-11 14:42:20.935 +05:30 [INF] Executed endpoint 'SkillAssessmentPortal.Controllers.CategoryController.GetAll (SkillAssesmentPortal)'
2025-11-11 14:42:20.939 +05:30 [INF] Request finished HTTP/2 GET https://localhost:7186/api/Category - 200 null application/json; charset=utf-8 74.7278ms
2025-11-11 14:42:37.783 +05:30 [INF] Request starting HTTP/2 OPTIONS https://localhost:7186/api/Test/category/6 - null null
2025-11-11 14:42:37.787 +05:30 [INF] CORS policy execution successful.
2025-11-11 14:42:37.790 +05:30 [INF] Request finished HTTP/2 OPTIONS https://localhost:7186/api/Test/category/6 - 204 null null 7.2326ms
2025-11-11 14:42:37.795 +05:30 [INF] Request starting HTTP/2 GET https://localhost:7186/api/Test/category/6 - null null
2025-11-11 14:42:37.815 +05:30 [INF] CORS policy execution successful.
2025-11-11 14:42:37.820 +05:30 [INF] Executing endpoint 'SkillAssessmentPortal.Controllers.TestController.GetTestsByCategory (SkillAssesmentPortal)'
2025-11-11 14:42:37.825 +05:30 [INF] Route matched with {action = "GetTestsByCategory", controller = "Test"}. Executing controller action with signature System.Threading.Tasks.Task`1[Microsoft.AspNetCore.Mvc.IActionResult] GetTestsByCategory(Int32) on controller SkillAssessmentPortal.Controllers.TestController (SkillAssesmentPortal).
2025-11-11 14:42:37.834 +05:30 [INF] GET /api/Test/category/6 - Fetching tests by category
2025-11-11 14:42:37.836 +05:30 [INF] Fetching tests for CategoryId: 6
2025-11-11 14:42:37.838 +05:30 [INF] Fetching all tests from database
2025-11-11 14:42:37.854 +05:30 [INF] Executed DbCommand (8ms) [Parameters=[], CommandType='"Text"', CommandTimeout='30']
SELECT [t].[TestId], [t].[CategoryId], [t].[CreatedAt], [t].[CreatedBy], [t].[DurationMins], [t].[TestName], [t].[TotalMarks], [t].[TotalQuestions], [c].[CategoryId], [c].[CategoryName], [c].[Description], [u].[UserId], [u].[CreatedAt], [u].[Email], [u].[Name], [u].[PasswordHash], [u].[Role]
FROM [Tests] AS [t]
INNER JOIN [Categories] AS [c] ON [t].[CategoryId] = [c].[CategoryId]
INNER JOIN [Users] AS [u] ON [t].[CreatedBy] = [u].[UserId]
2025-11-11 14:42:37.862 +05:30 [INF] Successfully retrieved 4 tests
2025-11-11 14:42:37.869 +05:30 [INF] Found 1 tests for CategoryId: 6
2025-11-11 14:42:37.876 +05:30 [INF] Successfully retrieved 1 tests for CategoryId: 6
2025-11-11 14:42:37.883 +05:30 [INF] Executing OkObjectResult, writing value of type 'System.Collections.Generic.List`1[[SkillAssessmentPortal.DTOs.Test.TestResponseDto, SkillAssesmentPortal, Version=1.0.0.0, Culture=neutral, PublicKeyToken=null]]'.
2025-11-11 14:42:37.891 +05:30 [INF] Executed action SkillAssessmentPortal.Controllers.TestController.GetTestsByCategory (SkillAssesmentPortal) in 59.4567ms
2025-11-11 14:42:37.899 +05:30 [INF] Executed endpoint 'SkillAssessmentPortal.Controllers.TestController.GetTestsByCategory (SkillAssesmentPortal)'
2025-11-11 14:42:37.907 +05:30 [INF] Request finished HTTP/2 GET https://localhost:7186/api/Test/category/6 - 200 null application/json; charset=utf-8 112.2762ms
2025-11-11 14:42:41.981 +05:30 [INF] Request starting HTTP/2 OPTIONS https://localhost:7186/api/TestLevel/test/6 - null null
2025-11-11 14:42:41.982 +05:30 [INF] Request starting HTTP/2 OPTIONS https://localhost:7186/api/TestLevel/test/6 - null null
2025-11-11 14:42:41.986 +05:30 [INF] CORS policy execution successful.
2025-11-11 14:42:41.989 +05:30 [INF] CORS policy execution successful.
2025-11-11 14:42:41.991 +05:30 [INF] Request finished HTTP/2 OPTIONS https://localhost:7186/api/TestLevel/test/6 - 204 null null 10.406ms
2025-11-11 14:42:41.995 +05:30 [INF] Request finished HTTP/2 OPTIONS https://localhost:7186/api/TestLevel/test/6 - 204 null null 14.0816ms
2025-11-11 14:42:41.996 +05:30 [INF] Request starting HTTP/2 GET https://localhost:7186/api/TestLevel/test/6 - null null
2025-11-11 14:42:42.017 +05:30 [INF] CORS policy execution successful.
2025-11-11 14:42:42.021 +05:30 [INF] Executing endpoint 'SkillAssessmentPortal.Controllers.TestLevelController.GetTestLevelsByTest (SkillAssesmentPortal)'
2025-11-11 14:42:42.024 +05:30 [INF] Route matched with {action = "GetTestLevelsByTest", controller = "TestLevel"}. Executing controller action with signature System.Threading.Tasks.Task`1[Microsoft.AspNetCore.Mvc.IActionResult] GetTestLevelsByTest(Int32) on controller SkillAssessmentPortal.Controllers.TestLevelController (SkillAssesmentPortal).
2025-11-11 14:42:42.034 +05:30 [INF] GET /api/TestLevel/test/6 - Fetching test levels by test
2025-11-11 14:42:42.038 +05:30 [INF] Fetching test levels for TestId: 6
2025-11-11 14:42:42.043 +05:30 [INF] Fetching test levels for TestId: 6
2025-11-11 14:42:42.073 +05:30 [INF] Executed DbCommand (22ms) [Parameters=[@__testId_0='?' (DbType = Int32)], CommandType='"Text"', CommandTimeout='30']
SELECT [t].[TestLevelId], [t].[DurationMins], [t].[LevelName], [t].[PassingScore], [t].[TestId], [t].[VideoLink], [q].[QuestionId], [q].[CorrectOption], [q].[OptionA], [q].[OptionB], [q].[OptionC], [q].[OptionD], [q].[QuestionText], [q].[TestLevelId]
FROM [TestLevels] AS [t]
LEFT JOIN [Questions] AS [q] ON [t].[TestLevelId] = [q].[TestLevelId]
WHERE [t].[TestId] = @__testId_0
ORDER BY [t].[TestLevelId]
2025-11-11 14:42:42.082 +05:30 [INF] Retrieved 3 test levels for TestId: 6
2025-11-11 14:42:42.087 +05:30 [INF] Successfully retrieved 3 test levels for TestId: 6
2025-11-11 14:42:42.092 +05:30 [INF] Successfully retrieved 3 test levels for TestId: 6
2025-11-11 14:42:42.097 +05:30 [INF] Executing OkObjectResult, writing value of type 'System.Linq.OrderedEnumerable`2[[SkillAssessmentPortal.DTOs.TestLevel.TestLevelResponseDto, SkillAssesmentPortal, Version=1.0.0.0, Culture=neutral, PublicKeyToken=null],[System.String, System.Private.CoreLib, Version=8.0.0.0, Culture=neutral, PublicKeyToken=7cec85d7bea7798e]]'.
2025-11-11 14:42:42.102 +05:30 [INF] Executed action SkillAssessmentPortal.Controllers.TestLevelController.GetTestLevelsByTest (SkillAssesmentPortal) in 68.9545ms
2025-11-11 14:42:42.106 +05:30 [INF] Request starting HTTP/2 GET https://localhost:7186/api/TestLevel/test/6 - null null
2025-11-11 14:42:42.108 +05:30 [INF] Executed endpoint 'SkillAssessmentPortal.Controllers.TestLevelController.GetTestLevelsByTest (SkillAssesmentPortal)'
2025-11-11 14:42:42.121 +05:30 [INF] CORS policy execution successful.
2025-11-11 14:42:42.126 +05:30 [INF] Request finished HTTP/2 GET https://localhost:7186/api/TestLevel/test/6 - 200 null application/json; charset=utf-8 130.3586ms
2025-11-11 14:42:42.129 +05:30 [INF] Executing endpoint 'SkillAssessmentPortal.Controllers.TestLevelController.GetTestLevelsByTest (SkillAssesmentPortal)'
2025-11-11 14:42:42.149 +05:30 [INF] Route matched with {action = "GetTestLevelsByTest", controller = "TestLevel"}. Executing controller action with signature System.Threading.Tasks.Task`1[Microsoft.AspNetCore.Mvc.IActionResult] GetTestLevelsByTest(Int32) on controller SkillAssessmentPortal.Controllers.TestLevelController (SkillAssesmentPortal).
2025-11-11 14:42:42.157 +05:30 [INF] GET /api/TestLevel/test/6 - Fetching test levels by test
2025-11-11 14:42:42.162 +05:30 [INF] Fetching test levels for TestId: 6
2025-11-11 14:42:42.167 +05:30 [INF] Fetching test levels for TestId: 6
2025-11-11 14:42:42.178 +05:30 [INF] Executed DbCommand (5ms) [Parameters=[@__testId_0='?' (DbType = Int32)], CommandType='"Text"', CommandTimeout='30']
SELECT [t].[TestLevelId], [t].[DurationMins], [t].[LevelName], [t].[PassingScore], [t].[TestId], [t].[VideoLink], [q].[QuestionId], [q].[CorrectOption], [q].[OptionA], [q].[OptionB], [q].[OptionC], [q].[OptionD], [q].[QuestionText], [q].[TestLevelId]
FROM [TestLevels] AS [t]
LEFT JOIN [Questions] AS [q] ON [t].[TestLevelId] = [q].[TestLevelId]
WHERE [t].[TestId] = @__testId_0
ORDER BY [t].[TestLevelId]
2025-11-11 14:42:42.192 +05:30 [INF] Retrieved 3 test levels for TestId: 6
2025-11-11 14:42:42.197 +05:30 [INF] Successfully retrieved 3 test levels for TestId: 6
2025-11-11 14:42:42.202 +05:30 [INF] Successfully retrieved 3 test levels for TestId: 6
2025-11-11 14:42:42.208 +05:30 [INF] Executing OkObjectResult, writing value of type 'System.Linq.OrderedEnumerable`2[[SkillAssessmentPortal.DTOs.TestLevel.TestLevelResponseDto, SkillAssesmentPortal, Version=1.0.0.0, Culture=neutral, PublicKeyToken=null],[System.String, System.Private.CoreLib, Version=8.0.0.0, Culture=neutral, PublicKeyToken=7cec85d7bea7798e]]'.
2025-11-11 14:42:42.214 +05:30 [INF] Executed action SkillAssessmentPortal.Controllers.TestLevelController.GetTestLevelsByTest (SkillAssesmentPortal) in 57.8249ms
2025-11-11 14:42:42.221 +05:30 [INF] Executed endpoint 'SkillAssessmentPortal.Controllers.TestLevelController.GetTestLevelsByTest (SkillAssesmentPortal)'
2025-11-11 14:42:42.227 +05:30 [INF] Request finished HTTP/2 GET https://localhost:7186/api/TestLevel/test/6 - 200 null application/json; charset=utf-8 121.7988ms
2025-11-11 14:42:51.380 +05:30 [INF] Request starting HTTP/2 OPTIONS https://localhost:7186/api/Question/testlevel/14 - null null
2025-11-11 14:42:51.381 +05:30 [INF] Request starting HTTP/2 OPTIONS https://localhost:7186/api/Question/testlevel/14 - null null
2025-11-11 14:42:51.395 +05:30 [INF] CORS policy execution successful.
2025-11-11 14:42:51.401 +05:30 [INF] CORS policy execution successful.
2025-11-11 14:42:51.404 +05:30 [INF] Request finished HTTP/2 OPTIONS https://localhost:7186/api/Question/testlevel/14 - 204 null null 23.4263ms
2025-11-11 14:42:51.405 +05:30 [INF] Request finished HTTP/2 OPTIONS https://localhost:7186/api/Question/testlevel/14 - 204 null null 25.2698ms
2025-11-11 14:42:51.408 +05:30 [INF] Request starting HTTP/2 GET https://localhost:7186/api/Question/testlevel/14 - null null
2025-11-11 14:42:51.440 +05:30 [INF] CORS policy execution successful.
2025-11-11 14:42:51.444 +05:30 [INF] Executing endpoint 'SkillAssessmentPortal.Controllers.QuestionController.GetQuestionsByTestLevel (SkillAssesmentPortal)'
2025-11-11 14:42:51.450 +05:30 [INF] Route matched with {action = "GetQuestionsByTestLevel", controller = "Question"}. Executing controller action with signature System.Threading.Tasks.Task`1[Microsoft.AspNetCore.Mvc.IActionResult] GetQuestionsByTestLevel(Int32) on controller SkillAssessmentPortal.Controllers.QuestionController (SkillAssesmentPortal).
2025-11-11 14:42:51.464 +05:30 [INF] GET Questions by TestLevelId: 14
2025-11-11 14:42:51.488 +05:30 [INF] Executed DbCommand (18ms) [Parameters=[@__testLevelId_0='?' (DbType = Int32)], CommandType='"Text"', CommandTimeout='30']
SELECT [q].[QuestionId], [q].[CorrectOption], [q].[OptionA], [q].[OptionB], [q].[OptionC], [q].[OptionD], [q].[QuestionText], [q].[TestLevelId]
FROM [Questions] AS [q]
WHERE [q].[TestLevelId] = @__testLevelId_0
2025-11-11 14:42:51.499 +05:30 [INF] Retrieved 10 questions for TestLevelId: 14
2025-11-11 14:42:51.505 +05:30 [INF] Executing OkObjectResult, writing value of type 'System.Linq.Enumerable+SelectListIterator`2[[Question, SkillAssesmentPortal, Version=1.0.0.0, Culture=neutral, PublicKeyToken=null],[SkillAssessmentPortal.DTOs.Question.QuestionResponseDto, SkillAssesmentPortal, Version=1.0.0.0, Culture=neutral, PublicKeyToken=null]]'.
2025-11-11 14:42:51.512 +05:30 [INF] Executed action SkillAssessmentPortal.Controllers.QuestionController.GetQuestionsByTestLevel (SkillAssesmentPortal) in 54.424ms
2025-11-11 14:42:51.515 +05:30 [INF] Request starting HTTP/2 GET https://localhost:7186/api/Question/testlevel/14 - null null
2025-11-11 14:42:51.518 +05:30 [INF] Executed endpoint 'SkillAssessmentPortal.Controllers.QuestionController.GetQuestionsByTestLevel (SkillAssesmentPortal)'
2025-11-11 14:42:51.531 +05:30 [INF] CORS policy execution successful.
2025-11-11 14:42:51.535 +05:30 [INF] Request finished HTTP/2 GET https://localhost:7186/api/Question/testlevel/14 - 200 null application/json; charset=utf-8 128.7583ms
2025-11-11 14:42:51.537 +05:30 [INF] Executing endpoint 'SkillAssessmentPortal.Controllers.QuestionController.GetQuestionsByTestLevel (SkillAssesmentPortal)'
2025-11-11 14:42:51.543 +05:30 [INF] Route matched with {action = "GetQuestionsByTestLevel", controller = "Question"}. Executing controller action with signature System.Threading.Tasks.Task`1[Microsoft.AspNetCore.Mvc.IActionResult] GetQuestionsByTestLevel(Int32) on controller SkillAssessmentPortal.Controllers.QuestionController (SkillAssesmentPortal).
2025-11-11 14:42:51.538 +05:30 [INF] Request starting HTTP/2 OPTIONS https://localhost:7186/api/TestLevel/14 - null null
2025-11-11 14:42:51.547 +05:30 [INF] GET Questions by TestLevelId: 14
2025-11-11 14:42:51.557 +05:30 [INF] CORS policy execution successful.
2025-11-11 14:42:51.567 +05:30 [INF] Request finished HTTP/2 OPTIONS https://localhost:7186/api/TestLevel/14 - 204 null null 29.0137ms
2025-11-11 14:42:51.576 +05:30 [INF] Request starting HTTP/2 GET https://localhost:7186/api/TestLevel/14 - null null
2025-11-11 14:42:51.571 +05:30 [INF] Executed DbCommand (4ms) [Parameters=[@__testLevelId_0='?' (DbType = Int32)], CommandType='"Text"', CommandTimeout='30']
SELECT [q].[QuestionId], [q].[CorrectOption], [q].[OptionA], [q].[OptionB], [q].[OptionC], [q].[OptionD], [q].[QuestionText], [q].[TestLevelId]
FROM [Questions] AS [q]
WHERE [q].[TestLevelId] = @__testLevelId_0
2025-11-11 14:42:51.620 +05:30 [INF] CORS policy execution successful.
2025-11-11 14:42:51.626 +05:30 [INF] Retrieved 10 questions for TestLevelId: 14
2025-11-11 14:42:51.629 +05:30 [INF] Request finished HTTP/2 GET https://localhost:7186/api/TestLevel/14 - 404 0 null 52.2183ms
2025-11-11 14:42:51.630 +05:30 [INF] Executing OkObjectResult, writing value of type 'System.Linq.Enumerable+SelectListIterator`2[[Question, SkillAssesmentPortal, Version=1.0.0.0, Culture=neutral, PublicKeyToken=null],[SkillAssessmentPortal.DTOs.Question.QuestionResponseDto, SkillAssesmentPortal, Version=1.0.0.0, Culture=neutral, PublicKeyToken=null]]'.
2025-11-11 14:42:51.640 +05:30 [INF] Request reached the end of the middleware pipeline without being handled by application code. Request path: GET https://localhost:7186/api/TestLevel/14, Response status code: 404
2025-11-11 14:42:51.646 +05:30 [INF] Executed action SkillAssessmentPortal.Controllers.QuestionController.GetQuestionsByTestLevel (SkillAssesmentPortal) in 100.9627ms
2025-11-11 14:42:51.654 +05:30 [INF] Executed endpoint 'SkillAssessmentPortal.Controllers.QuestionController.GetQuestionsByTestLevel (SkillAssesmentPortal)'
2025-11-11 14:42:51.660 +05:30 [INF] Request finished HTTP/2 GET https://localhost:7186/api/Question/testlevel/14 - 200 null application/json; charset=utf-8 145.8471ms
2025-11-11 14:42:51.665 +05:30 [INF] Request starting HTTP/2 GET https://localhost:7186/api/TestLevel/14 - null null
2025-11-11 14:42:51.675 +05:30 [INF] CORS policy execution successful.
2025-11-11 14:42:51.680 +05:30 [INF] Request finished HTTP/2 GET https://localhost:7186/api/TestLevel/14 - 404 0 null 15.1996ms
2025-11-11 14:42:51.689 +05:30 [INF] Request reached the end of the middleware pipeline without being handled by application code. Request path: GET https://localhost:7186/api/TestLevel/14, Response status code: 404
2025-11-11 14:42:57.631 +05:30 [INF] Request starting HTTP/2 OPTIONS https://localhost:7186/api/TestLevel/test/6 - null null
2025-11-11 14:42:57.631 +05:30 [INF] Request starting HTTP/2 OPTIONS https://localhost:7186/api/TestLevel/test/6 - null null
2025-11-11 14:42:57.636 +05:30 [INF] CORS policy execution successful.
2025-11-11 14:42:57.639 +05:30 [INF] CORS policy execution successful.
2025-11-11 14:42:57.639 +05:30 [INF] Request finished HTTP/2 OPTIONS https://localhost:7186/api/TestLevel/test/6 - 204 null null 8.7969ms
2025-11-11 14:42:57.641 +05:30 [INF] Request finished HTTP/2 OPTIONS https://localhost:7186/api/TestLevel/test/6 - 204 null null 9.6382ms
2025-11-11 14:42:57.644 +05:30 [INF] Request starting HTTP/2 GET https://localhost:7186/api/TestLevel/test/6 - null null
2025-11-11 14:42:57.673 +05:30 [INF] CORS policy execution successful.
2025-11-11 14:42:57.676 +05:30 [INF] Executing endpoint 'SkillAssessmentPortal.Controllers.TestLevelController.GetTestLevelsByTest (SkillAssesmentPortal)'
2025-11-11 14:42:57.680 +05:30 [INF] Route matched with {action = "GetTestLevelsByTest", controller = "TestLevel"}. Executing controller action with signature System.Threading.Tasks.Task`1[Microsoft.AspNetCore.Mvc.IActionResult] GetTestLevelsByTest(Int32) on controller SkillAssessmentPortal.Controllers.TestLevelController (SkillAssesmentPortal).
2025-11-11 14:42:57.686 +05:30 [INF] GET /api/TestLevel/test/6 - Fetching test levels by test
2025-11-11 14:42:57.691 +05:30 [INF] Fetching test levels for TestId: 6
2025-11-11 14:42:57.694 +05:30 [INF] Fetching test levels for TestId: 6
2025-11-11 14:42:57.715 +05:30 [INF] Executed DbCommand (10ms) [Parameters=[@__testId_0='?' (DbType = Int32)], CommandType='"Text"', CommandTimeout='30']
SELECT [t].[TestLevelId], [t].[DurationMins], [t].[LevelName], [t].[PassingScore], [t].[TestId], [t].[VideoLink], [q].[QuestionId], [q].[CorrectOption], [q].[OptionA], [q].[OptionB], [q].[OptionC], [q].[OptionD], [q].[QuestionText], [q].[TestLevelId]
FROM [TestLevels] AS [t]
LEFT JOIN [Questions] AS [q] ON [t].[TestLevelId] = [q].[TestLevelId]
WHERE [t].[TestId] = @__testId_0
ORDER BY [t].[TestLevelId]
2025-11-11 14:42:57.723 +05:30 [INF] Retrieved 3 test levels for TestId: 6
2025-11-11 14:42:57.727 +05:30 [INF] Successfully retrieved 3 test levels for TestId: 6
2025-11-11 14:42:57.731 +05:30 [INF] Successfully retrieved 3 test levels for TestId: 6
2025-11-11 14:42:57.734 +05:30 [INF] Executing OkObjectResult, writing value of type 'System.Linq.OrderedEnumerable`2[[SkillAssessmentPortal.DTOs.TestLevel.TestLevelResponseDto, SkillAssesmentPortal, Version=1.0.0.0, Culture=neutral, PublicKeyToken=null],[System.String, System.Private.CoreLib, Version=8.0.0.0, Culture=neutral, PublicKeyToken=7cec85d7bea7798e]]'.
2025-11-11 14:42:57.741 +05:30 [INF] Executed action SkillAssessmentPortal.Controllers.TestLevelController.GetTestLevelsByTest (SkillAssesmentPortal) in 55.684ms
2025-11-11 14:42:57.743 +05:30 [INF] Request starting HTTP/2 GET https://localhost:7186/api/TestLevel/test/6 - null null
2025-11-11 14:42:57.744 +05:30 [INF] Executed endpoint 'SkillAssessmentPortal.Controllers.TestLevelController.GetTestLevelsByTest (SkillAssesmentPortal)'
2025-11-11 14:42:57.753 +05:30 [INF] CORS policy execution successful.
2025-11-11 14:42:57.756 +05:30 [INF] Request finished HTTP/2 GET https://localhost:7186/api/TestLevel/test/6 - 200 null application/json; charset=utf-8 112.6411ms
2025-11-11 14:42:57.757 +05:30 [INF] Executing endpoint 'SkillAssessmentPortal.Controllers.TestLevelController.GetTestLevelsByTest (SkillAssesmentPortal)'
2025-11-11 14:42:57.764 +05:30 [INF] Route matched with {action = "GetTestLevelsByTest", controller = "TestLevel"}. Executing controller action with signature System.Threading.Tasks.Task`1[Microsoft.AspNetCore.Mvc.IActionResult] GetTestLevelsByTest(Int32) on controller SkillAssessmentPortal.Controllers.TestLevelController (SkillAssesmentPortal).
2025-11-11 14:42:57.767 +05:30 [INF] GET /api/TestLevel/test/6 - Fetching test levels by test
2025-11-11 14:42:57.769 +05:30 [INF] Fetching test levels for TestId: 6
2025-11-11 14:42:57.771 +05:30 [INF] Fetching test levels for TestId: 6
2025-11-11 14:42:57.777 +05:30 [INF] Executed DbCommand (3ms) [Parameters=[@__testId_0='?' (DbType = Int32)], CommandType='"Text"', CommandTimeout='30']
SELECT [t].[TestLevelId], [t].[DurationMins], [t].[LevelName], [t].[PassingScore], [t].[TestId], [t].[VideoLink], [q].[QuestionId], [q].[CorrectOption], [q].[OptionA], [q].[OptionB], [q].[OptionC], [q].[OptionD], [q].[QuestionText], [q].[TestLevelId]
FROM [TestLevels] AS [t]
LEFT JOIN [Questions] AS [q] ON [t].[TestLevelId] = [q].[TestLevelId]
WHERE [t].[TestId] = @__testId_0
ORDER BY [t].[TestLevelId]
2025-11-11 14:42:57.783 +05:30 [INF] Retrieved 3 test levels for TestId: 6
2025-11-11 14:42:57.784 +05:30 [INF] Successfully retrieved 3 test levels for TestId: 6
2025-11-11 14:42:57.786 +05:30 [INF] Successfully retrieved 3 test levels for TestId: 6
2025-11-11 14:42:57.793 +05:30 [INF] Executing OkObjectResult, writing value of type 'System.Linq.OrderedEnumerable`2[[SkillAssessmentPortal.DTOs.TestLevel.TestLevelResponseDto, SkillAssesmentPortal, Version=1.0.0.0, Culture=neutral, PublicKeyToken=null],[System.String, System.Private.CoreLib, Version=8.0.0.0, Culture=neutral, PublicKeyToken=7cec85d7bea7798e]]'.
2025-11-11 14:42:57.800 +05:30 [INF] Executed action SkillAssessmentPortal.Controllers.TestLevelController.GetTestLevelsByTest (SkillAssesmentPortal) in 33.5764ms
2025-11-11 14:42:57.804 +05:30 [INF] Executed endpoint 'SkillAssessmentPortal.Controllers.TestLevelController.GetTestLevelsByTest (SkillAssesmentPortal)'
2025-11-11 14:42:57.811 +05:30 [INF] Request finished HTTP/2 GET https://localhost:7186/api/TestLevel/test/6 - 200 null application/json; charset=utf-8 67.6483ms
2025-11-11 14:43:03.136 +05:30 [INF] Request starting HTTP/2 OPTIONS https://localhost:7186/api/Category - null null
2025-11-11 14:43:03.138 +05:30 [INF] Request starting HTTP/2 OPTIONS https://localhost:7186/api/Category - null null
2025-11-11 14:43:03.144 +05:30 [INF] CORS policy execution successful.
2025-11-11 14:43:03.155 +05:30 [INF] CORS policy execution successful.
2025-11-11 14:43:03.158 +05:30 [INF] Request finished HTTP/2 OPTIONS https://localhost:7186/api/Category - 204 null null 22.0802ms
2025-11-11 14:43:03.162 +05:30 [INF] Request starting HTTP/2 GET https://localhost:7186/api/Category - null null
2025-11-11 14:43:03.161 +05:30 [INF] Request finished HTTP/2 OPTIONS https://localhost:7186/api/Category - 204 null null 24.8875ms
2025-11-11 14:43:03.181 +05:30 [INF] CORS policy execution successful.
2025-11-11 14:43:03.194 +05:30 [INF] Executing endpoint 'SkillAssessmentPortal.Controllers.CategoryController.GetAll (SkillAssesmentPortal)'
2025-11-11 14:43:03.199 +05:30 [INF] Route matched with {action = "GetAll", controller = "Category"}. Executing controller action with signature System.Threading.Tasks.Task`1[Microsoft.AspNetCore.Mvc.IActionResult] GetAll() on controller SkillAssessmentPortal.Controllers.CategoryController (SkillAssesmentPortal).
2025-11-11 14:43:03.205 +05:30 [INF] GET /api/Category - Fetching all categories
2025-11-11 14:43:03.210 +05:30 [INF] Fetching all categories from database
2025-11-11 14:43:03.224 +05:30 [INF] Executed DbCommand (9ms) [Parameters=[], CommandType='"Text"', CommandTimeout='30']
SELECT [c].[CategoryId], [c].[CategoryName], [c].[Description]
FROM [Categories] AS [c]
2025-11-11 14:43:03.227 +05:30 [INF] Successfully retrieved 4 categories
2025-11-11 14:43:03.229 +05:30 [INF] Successfully retrieved 4 categories
2025-11-11 14:43:03.231 +05:30 [INF] Executing OkObjectResult, writing value of type 'System.Linq.Enumerable+SelectListIterator`2[[SkillAssessmentPortal.Models.Category, SkillAssesmentPortal, Version=1.0.0.0, Culture=neutral, PublicKeyToken=null],[SkillAssessmentPortal.DTOs.Category.CategoryResponseDto, SkillAssesmentPortal, Version=1.0.0.0, Culture=neutral, PublicKeyToken=null]]'.
2025-11-11 14:43:03.233 +05:30 [INF] Executed action SkillAssessmentPortal.Controllers.CategoryController.GetAll (SkillAssesmentPortal) in 28.5489ms
2025-11-11 14:43:03.236 +05:30 [INF] Request starting HTTP/2 GET https://localhost:7186/api/Category - null null
2025-11-11 14:43:03.244 +05:30 [INF] Executed endpoint 'SkillAssessmentPortal.Controllers.CategoryController.GetAll (SkillAssesmentPortal)'
2025-11-11 14:43:03.252 +05:30 [INF] CORS policy execution successful.
2025-11-11 14:43:03.255 +05:30 [INF] Request finished HTTP/2 GET https://localhost:7186/api/Category - 200 null application/json; charset=utf-8 92.9017ms
2025-11-11 14:43:03.260 +05:30 [INF] Executing endpoint 'SkillAssessmentPortal.Controllers.CategoryController.GetAll (SkillAssesmentPortal)'
2025-11-11 14:43:03.269 +05:30 [INF] Route matched with {action = "GetAll", controller = "Category"}. Executing controller action with signature System.Threading.Tasks.Task`1[Microsoft.AspNetCore.Mvc.IActionResult] GetAll() on controller SkillAssessmentPortal.Controllers.CategoryController (SkillAssesmentPortal).
2025-11-11 14:43:03.276 +05:30 [INF] GET /api/Category - Fetching all categories
2025-11-11 14:43:03.279 +05:30 [INF] Fetching all categories from database
2025-11-11 14:43:03.288 +05:30 [INF] Executed DbCommand (3ms) [Parameters=[], CommandType='"Text"', CommandTimeout='30']
SELECT [c].[CategoryId], [c].[CategoryName], [c].[Description]
FROM [Categories] AS [c]
2025-11-11 14:43:03.302 +05:30 [INF] Successfully retrieved 4 categories
2025-11-11 14:43:03.305 +05:30 [INF] Successfully retrieved 4 categories
2025-11-11 14:43:03.309 +05:30 [INF] Executing OkObjectResult, writing value of type 'System.Linq.Enumerable+SelectListIterator`2[[SkillAssessmentPortal.Models.Category, SkillAssesmentPortal, Version=1.0.0.0, Culture=neutral, PublicKeyToken=null],[SkillAssessmentPortal.DTOs.Category.CategoryResponseDto, SkillAssesmentPortal, Version=1.0.0.0, Culture=neutral, PublicKeyToken=null]]'.
2025-11-11 14:43:03.316 +05:30 [INF] Executed action SkillAssessmentPortal.Controllers.CategoryController.GetAll (SkillAssesmentPortal) in 40.0644ms
2025-11-11 14:43:03.323 +05:30 [INF] Executed endpoint 'SkillAssessmentPortal.Controllers.CategoryController.GetAll (SkillAssesmentPortal)'
2025-11-11 14:43:03.328 +05:30 [INF] Request finished HTTP/2 GET https://localhost:7186/api/Category - 200 null application/json; charset=utf-8 92.488ms
2025-11-11 14:43:11.476 +05:30 [INF] Request starting HTTP/2 OPTIONS https://localhost:7186/api/Test/category/6 - null null
2025-11-11 14:43:11.499 +05:30 [INF] CORS policy execution successful.
2025-11-11 14:43:11.501 +05:30 [INF] Request finished HTTP/2 OPTIONS https://localhost:7186/api/Test/category/6 - 204 null null 25.3346ms
2025-11-11 14:43:11.504 +05:30 [INF] Request starting HTTP/2 GET https://localhost:7186/api/Test/category/6 - null null
2025-11-11 14:43:11.513 +05:30 [INF] CORS policy execution successful.
2025-11-11 14:43:11.516 +05:30 [INF] Executing endpoint 'SkillAssessmentPortal.Controllers.TestController.GetTestsByCategory (SkillAssesmentPortal)'
2025-11-11 14:43:11.520 +05:30 [INF] Route matched with {action = "GetTestsByCategory", controller = "Test"}. Executing controller action with signature System.Threading.Tasks.Task`1[Microsoft.AspNetCore.Mvc.IActionResult] GetTestsByCategory(Int32) on controller SkillAssessmentPortal.Controllers.TestController (SkillAssesmentPortal).
2025-11-11 14:43:11.530 +05:30 [INF] GET /api/Test/category/6 - Fetching tests by category
2025-11-11 14:43:11.533 +05:30 [INF] Fetching tests for CategoryId: 6
2025-11-11 14:43:11.536 +05:30 [INF] Fetching all tests from database
2025-11-11 14:43:11.545 +05:30 [INF] Executed DbCommand (4ms) [Parameters=[], CommandType='"Text"', CommandTimeout='30']
SELECT [t].[TestId], [t].[CategoryId], [t].[CreatedAt], [t].[CreatedBy], [t].[DurationMins], [t].[TestName], [t].[TotalMarks], [t].[TotalQuestions], [c].[CategoryId], [c].[CategoryName], [c].[Description], [u].[UserId], [u].[CreatedAt], [u].[Email], [u].[Name], [u].[PasswordHash], [u].[Role]
FROM [Tests] AS [t]
INNER JOIN [Categories] AS [c] ON [t].[CategoryId] = [c].[CategoryId]
INNER JOIN [Users] AS [u] ON [t].[CreatedBy] = [u].[UserId]
2025-11-11 14:43:11.555 +05:30 [INF] Successfully retrieved 4 tests
2025-11-11 14:43:11.559 +05:30 [INF] Found 1 tests for CategoryId: 6
2025-11-11 14:43:11.561 +05:30 [INF] Successfully retrieved 1 tests for CategoryId: 6
2025-11-11 14:43:11.565 +05:30 [INF] Executing OkObjectResult, writing value of type 'System.Collections.Generic.List`1[[SkillAssessmentPortal.DTOs.Test.TestResponseDto, SkillAssesmentPortal, Version=1.0.0.0, Culture=neutral, PublicKeyToken=null]]'.
2025-11-11 14:43:11.570 +05:30 [INF] Executed action SkillAssessmentPortal.Controllers.TestController.GetTestsByCategory (SkillAssesmentPortal) in 46.2499ms
2025-11-11 14:43:11.573 +05:30 [INF] Executed endpoint 'SkillAssessmentPortal.Controllers.TestController.GetTestsByCategory (SkillAssesmentPortal)'
2025-11-11 14:43:11.576 +05:30 [INF] Request finished HTTP/2 GET https://localhost:7186/api/Test/category/6 - 200 null application/json; charset=utf-8 72.913ms
2025-11-11 14:43:15.912 +05:30 [INF] Request starting HTTP/2 OPTIONS https://localhost:7186/api/TestLevel/test/6 - null null
2025-11-11 14:43:15.914 +05:30 [INF] Request starting HTTP/2 OPTIONS https://localhost:7186/api/TestLevel/test/6 - null null
2025-11-11 14:43:15.920 +05:30 [INF] CORS policy execution successful.
2025-11-11 14:43:15.922 +05:30 [INF] CORS policy execution successful.
2025-11-11 14:43:15.929 +05:30 [INF] Request finished HTTP/2 OPTIONS https://localhost:7186/api/TestLevel/test/6 - 204 null null 15.4054ms
2025-11-11 14:43:15.928 +05:30 [INF] Request starting HTTP/2 GET https://localhost:7186/api/TestLevel/test/6 - null null
2025-11-11 14:43:15.936 +05:30 [INF] CORS policy execution successful.
2025-11-11 14:43:15.924 +05:30 [INF] Request finished HTTP/2 OPTIONS https://localhost:7186/api/TestLevel/test/6 - 204 null null 12.1222ms
2025-11-11 14:43:15.940 +05:30 [INF] Executing endpoint 'SkillAssessmentPortal.Controllers.TestLevelController.GetTestLevelsByTest (SkillAssesmentPortal)'
2025-11-11 14:43:15.950 +05:30 [INF] Route matched with {action = "GetTestLevelsByTest", controller = "TestLevel"}. Executing controller action with signature System.Threading.Tasks.Task`1[Microsoft.AspNetCore.Mvc.IActionResult] GetTestLevelsByTest(Int32) on controller SkillAssessmentPortal.Controllers.TestLevelController (SkillAssesmentPortal).
2025-11-11 14:43:15.957 +05:30 [INF] GET /api/TestLevel/test/6 - Fetching test levels by test
2025-11-11 14:43:15.961 +05:30 [INF] Fetching test levels for TestId: 6
2025-11-11 14:43:15.965 +05:30 [INF] Fetching test levels for TestId: 6
2025-11-11 14:43:15.981 +05:30 [INF] Executed DbCommand (12ms) [Parameters=[@__testId_0='?' (DbType = Int32)], CommandType='"Text"', CommandTimeout='30']
SELECT [t].[TestLevelId], [t].[DurationMins], [t].[LevelName], [t].[PassingScore], [t].[TestId], [t].[VideoLink], [q].[QuestionId], [q].[CorrectOption], [q].[OptionA], [q].[OptionB], [q].[OptionC], [q].[OptionD], [q].[QuestionText], [q].[TestLevelId]
FROM [TestLevels] AS [t]
LEFT JOIN [Questions] AS [q] ON [t].[TestLevelId] = [q].[TestLevelId]
WHERE [t].[TestId] = @__testId_0
ORDER BY [t].[TestLevelId]
2025-11-11 14:43:15.999 +05:30 [INF] Retrieved 3 test levels for TestId: 6
2025-11-11 14:43:16.004 +05:30 [INF] Successfully retrieved 3 test levels for TestId: 6
2025-11-11 14:43:16.011 +05:30 [INF] Successfully retrieved 3 test levels for TestId: 6
2025-11-11 14:43:16.015 +05:30 [INF] Executing OkObjectResult, writing value of type 'System.Linq.OrderedEnumerable`2[[SkillAssessmentPortal.DTOs.TestLevel.TestLevelResponseDto, SkillAssesmentPortal, Version=1.0.0.0, Culture=neutral, PublicKeyToken=null],[System.String, System.Private.CoreLib, Version=8.0.0.0, Culture=neutral, PublicKeyToken=7cec85d7bea7798e]]'.
2025-11-11 14:43:16.019 +05:30 [INF] Executed action SkillAssessmentPortal.Controllers.TestLevelController.GetTestLevelsByTest (SkillAssesmentPortal) in 62.8359ms
2025-11-11 14:43:16.021 +05:30 [INF] Request starting HTTP/2 GET https://localhost:7186/api/TestLevel/test/6 - null null
2025-11-11 14:43:16.023 +05:30 [INF] Executed endpoint 'SkillAssessmentPortal.Controllers.TestLevelController.GetTestLevelsByTest (SkillAssesmentPortal)'
2025-11-11 14:43:16.032 +05:30 [INF] CORS policy execution successful.
2025-11-11 14:43:16.035 +05:30 [INF] Request finished HTTP/2 GET https://localhost:7186/api/TestLevel/test/6 - 200 null application/json; charset=utf-8 106.8448ms
2025-11-11 14:43:16.038 +05:30 [INF] Executing endpoint 'SkillAssessmentPortal.Controllers.TestLevelController.GetTestLevelsByTest (SkillAssesmentPortal)'
2025-11-11 14:43:16.045 +05:30 [INF] Route matched with {action = "GetTestLevelsByTest", controller = "TestLevel"}. Executing controller action with signature System.Threading.Tasks.Task`1[Microsoft.AspNetCore.Mvc.IActionResult] GetTestLevelsByTest(Int32) on controller SkillAssessmentPortal.Controllers.TestLevelController (SkillAssesmentPortal).
2025-11-11 14:43:16.049 +05:30 [INF] GET /api/TestLevel/test/6 - Fetching test levels by test
2025-11-11 14:43:16.051 +05:30 [INF] Fetching test levels for TestId: 6
2025-11-11 14:43:16.054 +05:30 [INF] Fetching test levels for TestId: 6
2025-11-11 14:43:16.066 +05:30 [INF] Executed DbCommand (6ms) [Parameters=[@__testId_0='?' (DbType = Int32)], CommandType='"Text"', CommandTimeout='30']
SELECT [t].[TestLevelId], [t].[DurationMins], [t].[LevelName], [t].[PassingScore], [t].[TestId], [t].[VideoLink], [q].[QuestionId], [q].[CorrectOption], [q].[OptionA], [q].[OptionB], [q].[OptionC], [q].[OptionD], [q].[QuestionText], [q].[TestLevelId]
FROM [TestLevels] AS [t]
LEFT JOIN [Questions] AS [q] ON [t].[TestLevelId] = [q].[TestLevelId]
WHERE [t].[TestId] = @__testId_0
ORDER BY [t].[TestLevelId]
2025-11-11 14:43:16.079 +05:30 [INF] Retrieved 3 test levels for TestId: 6
2025-11-11 14:43:16.082 +05:30 [INF] Successfully retrieved 3 test levels for TestId: 6
2025-11-11 14:43:16.085 +05:30 [INF] Successfully retrieved 3 test levels for TestId: 6
2025-11-11 14:43:16.089 +05:30 [INF] Executing OkObjectResult, writing value of type 'System.Linq.OrderedEnumerable`2[[SkillAssessmentPortal.DTOs.TestLevel.TestLevelResponseDto, SkillAssesmentPortal, Version=1.0.0.0, Culture=neutral, PublicKeyToken=null],[System.String, System.Private.CoreLib, Version=8.0.0.0, Culture=neutral, PublicKeyToken=7cec85d7bea7798e]]'.
2025-11-11 14:43:16.095 +05:30 [INF] Executed action SkillAssessmentPortal.Controllers.TestLevelController.GetTestLevelsByTest (SkillAssesmentPortal) in 46.4077ms
2025-11-11 14:43:16.100 +05:30 [INF] Executed endpoint 'SkillAssessmentPortal.Controllers.TestLevelController.GetTestLevelsByTest (SkillAssesmentPortal)'
2025-11-11 14:43:16.103 +05:30 [INF] Request finished HTTP/2 GET https://localhost:7186/api/TestLevel/test/6 - 200 null application/json; charset=utf-8 82.3309ms
2025-11-11 14:43:27.912 +05:30 [INF] Request starting HTTP/2 OPTIONS https://localhost:7186/api/Question/testlevel/14 - null null
2025-11-11 14:43:27.912 +05:30 [INF] Request starting HTTP/2 OPTIONS https://localhost:7186/api/Question/testlevel/14 - null null
2025-11-11 14:43:27.916 +05:30 [INF] CORS policy execution successful.
2025-11-11 14:43:27.919 +05:30 [INF] CORS policy execution successful.
2025-11-11 14:43:27.920 +05:30 [INF] Request finished HTTP/2 OPTIONS https://localhost:7186/api/Question/testlevel/14 - 204 null null 8.2155ms
2025-11-11 14:43:27.921 +05:30 [INF] Request finished HTTP/2 OPTIONS https://localhost:7186/api/Question/testlevel/14 - 204 null null 8.8453ms
2025-11-11 14:43:27.924 +05:30 [INF] Request starting HTTP/2 GET https://localhost:7186/api/Question/testlevel/14 - null null
2025-11-11 14:43:27.953 +05:30 [INF] CORS policy execution successful.
2025-11-11 14:43:27.956 +05:30 [INF] Executing endpoint 'SkillAssessmentPortal.Controllers.QuestionController.GetQuestionsByTestLevel (SkillAssesmentPortal)'
2025-11-11 14:43:27.960 +05:30 [INF] Route matched with {action = "GetQuestionsByTestLevel", controller = "Question"}. Executing controller action with signature System.Threading.Tasks.Task`1[Microsoft.AspNetCore.Mvc.IActionResult] GetQuestionsByTestLevel(Int32) on controller SkillAssessmentPortal.Controllers.QuestionController (SkillAssesmentPortal).
2025-11-11 14:43:27.969 +05:30 [INF] GET Questions by TestLevelId: 14
2025-11-11 14:43:27.976 +05:30 [INF] Executed DbCommand (3ms) [Parameters=[@__testLevelId_0='?' (DbType = Int32)], CommandType='"Text"', CommandTimeout='30']
SELECT [q].[QuestionId], [q].[CorrectOption], [q].[OptionA], [q].[OptionB], [q].[OptionC], [q].[OptionD], [q].[QuestionText], [q].[TestLevelId]
FROM [Questions] AS [q]
WHERE [q].[TestLevelId] = @__testLevelId_0
2025-11-11 14:43:27.988 +05:30 [INF] Retrieved 10 questions for TestLevelId: 14
2025-11-11 14:43:27.992 +05:30 [INF] Executing OkObjectResult, writing value of type 'System.Linq.Enumerable+SelectListIterator`2[[Question, SkillAssesmentPortal, Version=1.0.0.0, Culture=neutral, PublicKeyToken=null],[SkillAssessmentPortal.DTOs.Question.QuestionResponseDto, SkillAssesmentPortal, Version=1.0.0.0, Culture=neutral, PublicKeyToken=null]]'.
2025-11-11 14:43:27.997 +05:30 [INF] Executed action SkillAssessmentPortal.Controllers.QuestionController.GetQuestionsByTestLevel (SkillAssesmentPortal) in 29.4334ms
2025-11-11 14:43:28.000 +05:30 [INF] Request starting HTTP/2 GET https://localhost:7186/api/Question/testlevel/14 - null null
2025-11-11 14:43:28.003 +05:30 [INF] Executed endpoint 'SkillAssessmentPortal.Controllers.QuestionController.GetQuestionsByTestLevel (SkillAssesmentPortal)'
2025-11-11 14:43:28.009 +05:30 [INF] CORS policy execution successful.
2025-11-11 14:43:28.012 +05:30 [INF] Request finished HTTP/2 GET https://localhost:7186/api/Question/testlevel/14 - 200 null application/json; charset=utf-8 88.6961ms
2025-11-11 14:43:28.013 +05:30 [INF] Executing endpoint 'SkillAssessmentPortal.Controllers.QuestionController.GetQuestionsByTestLevel (SkillAssesmentPortal)'
2025-11-11 14:43:28.016 +05:30 [INF] Request starting HTTP/2 OPTIONS https://localhost:7186/api/TestLevel/14 - null null
2025-11-11 14:43:28.022 +05:30 [INF] Route matched with {action = "GetQuestionsByTestLevel", controller = "Question"}. Executing controller action with signature System.Threading.Tasks.Task`1[Microsoft.AspNetCore.Mvc.IActionResult] GetQuestionsByTestLevel(Int32) on controller SkillAssessmentPortal.Controllers.QuestionController (SkillAssesmentPortal).
2025-11-11 14:43:28.027 +05:30 [INF] CORS policy execution successful.
2025-11-11 14:43:28.034 +05:30 [INF] Request finished HTTP/2 OPTIONS https://localhost:7186/api/TestLevel/14 - 204 null null 17.8166ms
2025-11-11 14:43:28.034 +05:30 [INF] GET Questions by TestLevelId: 14
2025-11-11 14:43:28.038 +05:30 [INF] Request starting HTTP/2 GET https://localhost:7186/api/TestLevel/14 - null null
2025-11-11 14:43:28.063 +05:30 [INF] Executed DbCommand (11ms) [Parameters=[@__testLevelId_0='?' (DbType = Int32)], CommandType='"Text"', CommandTimeout='30']
SELECT [q].[QuestionId], [q].[CorrectOption], [q].[OptionA], [q].[OptionB], [q].[OptionC], [q].[OptionD], [q].[QuestionText], [q].[TestLevelId]
FROM [Questions] AS [q]
WHERE [q].[TestLevelId] = @__testLevelId_0
2025-11-11 14:43:28.069 +05:30 [INF] CORS policy execution successful.
2025-11-11 14:43:28.078 +05:30 [INF] Retrieved 10 questions for TestLevelId: 14
2025-11-11 14:43:28.082 +05:30 [INF] Request finished HTTP/2 GET https://localhost:7186/api/TestLevel/14 - 404 0 null 44.6149ms
2025-11-11 14:43:28.084 +05:30 [INF] Executing OkObjectResult, writing value of type 'System.Linq.Enumerable+SelectListIterator`2[[Question, SkillAssesmentPortal, Version=1.0.0.0, Culture=neutral, PublicKeyToken=null],[SkillAssessmentPortal.DTOs.Question.QuestionResponseDto, SkillAssesmentPortal, Version=1.0.0.0, Culture=neutral, PublicKeyToken=null]]'.
2025-11-11 14:43:28.093 +05:30 [INF] Request reached the end of the middleware pipeline without being handled by application code. Request path: GET https://localhost:7186/api/TestLevel/14, Response status code: 404
2025-11-11 14:43:28.096 +05:30 [INF] Executed action SkillAssessmentPortal.Controllers.QuestionController.GetQuestionsByTestLevel (SkillAssesmentPortal) in 63.7048ms
2025-11-11 14:43:28.102 +05:30 [INF] Executed endpoint 'SkillAssessmentPortal.Controllers.QuestionController.GetQuestionsByTestLevel (SkillAssesmentPortal)'
2025-11-11 14:43:28.105 +05:30 [INF] Request finished HTTP/2 GET https://localhost:7186/api/Question/testlevel/14 - 200 null application/json; charset=utf-8 105.318ms
2025-11-11 14:43:28.113 +05:30 [INF] Request starting HTTP/2 GET https://localhost:7186/api/TestLevel/14 - null null
2025-11-11 14:43:28.120 +05:30 [INF] CORS policy execution successful.
2025-11-11 14:43:28.123 +05:30 [INF] Request finished HTTP/2 GET https://localhost:7186/api/TestLevel/14 - 404 0 null 14.575ms
2025-11-11 14:43:28.132 +05:30 [INF] Request reached the end of the middleware pipeline without being handled by application code. Request path: GET https://localhost:7186/api/TestLevel/14, Response status code: 404
2025-11-11 14:43:35.599 +05:30 [INF] Request starting HTTP/2 OPTIONS https://localhost:7186/api/TestLevel/test/6 - null null
2025-11-11 14:43:35.600 +05:30 [INF] Request starting HTTP/2 OPTIONS https://localhost:7186/api/TestLevel/test/6 - null null
2025-11-11 14:43:35.611 +05:30 [INF] CORS policy execution successful.
2025-11-11 14:43:35.620 +05:30 [INF] CORS policy execution successful.
2025-11-11 14:43:35.624 +05:30 [INF] Request finished HTTP/2 OPTIONS https://localhost:7186/api/TestLevel/test/6 - 204 null null 24.1956ms
2025-11-11 14:43:35.629 +05:30 [INF] Request starting HTTP/2 GET https://localhost:7186/api/TestLevel/test/6 - null null
2025-11-11 14:43:35.630 +05:30 [INF] Request finished HTTP/2 OPTIONS https://localhost:7186/api/TestLevel/test/6 - 204 null null 29.403ms
2025-11-11 14:43:35.664 +05:30 [INF] CORS policy execution successful.
2025-11-11 14:43:35.684 +05:30 [INF] Executing endpoint 'SkillAssessmentPortal.Controllers.TestLevelController.GetTestLevelsByTest (SkillAssesmentPortal)'
2025-11-11 14:43:35.689 +05:30 [INF] Route matched with {action = "GetTestLevelsByTest", controller = "TestLevel"}. Executing controller action with signature System.Threading.Tasks.Task`1[Microsoft.AspNetCore.Mvc.IActionResult] GetTestLevelsByTest(Int32) on controller SkillAssessmentPortal.Controllers.TestLevelController (SkillAssesmentPortal).
2025-11-11 14:43:35.697 +05:30 [INF] GET /api/TestLevel/test/6 - Fetching test levels by test
2025-11-11 14:43:35.702 +05:30 [INF] Fetching test levels for TestId: 6
2025-11-11 14:43:35.704 +05:30 [INF] Fetching test levels for TestId: 6
2025-11-11 14:43:35.734 +05:30 [INF] Executed DbCommand (23ms) [Parameters=[@__testId_0='?' (DbType = Int32)], CommandType='"Text"', CommandTimeout='30']
SELECT [t].[TestLevelId], [t].[DurationMins], [t].[LevelName], [t].[PassingScore], [t].[TestId], [t].[VideoLink], [q].[QuestionId], [q].[CorrectOption], [q].[OptionA], [q].[OptionB], [q].[OptionC], [q].[OptionD], [q].[QuestionText], [q].[TestLevelId]
FROM [TestLevels] AS [t]
LEFT JOIN [Questions] AS [q] ON [t].[TestLevelId] = [q].[TestLevelId]
WHERE [t].[TestId] = @__testId_0
ORDER BY [t].[TestLevelId]
2025-11-11 14:43:35.749 +05:30 [INF] Retrieved 3 test levels for TestId: 6
2025-11-11 14:43:35.755 +05:30 [INF] Successfully retrieved 3 test levels for TestId: 6
2025-11-11 14:43:35.760 +05:30 [INF] Successfully retrieved 3 test levels for TestId: 6
2025-11-11 14:43:35.765 +05:30 [INF] Executing OkObjectResult, writing value of type 'System.Linq.OrderedEnumerable`2[[SkillAssessmentPortal.DTOs.TestLevel.TestLevelResponseDto, SkillAssesmentPortal, Version=1.0.0.0, Culture=neutral, PublicKeyToken=null],[System.String, System.Private.CoreLib, Version=8.0.0.0, Culture=neutral, PublicKeyToken=7cec85d7bea7798e]]'.
2025-11-11 14:43:35.772 +05:30 [INF] Executed action SkillAssessmentPortal.Controllers.TestLevelController.GetTestLevelsByTest (SkillAssesmentPortal) in 76.0319ms
2025-11-11 14:43:35.777 +05:30 [INF] Request starting HTTP/2 GET https://localhost:7186/api/TestLevel/test/6 - null null
2025-11-11 14:43:35.782 +05:30 [INF] Executed endpoint 'SkillAssessmentPortal.Controllers.TestLevelController.GetTestLevelsByTest (SkillAssesmentPortal)'
2025-11-11 14:43:35.792 +05:30 [INF] CORS policy execution successful.
2025-11-11 14:43:35.798 +05:30 [INF] Request finished HTTP/2 GET https://localhost:7186/api/TestLevel/test/6 - 200 null application/json; charset=utf-8 169.8261ms
2025-11-11 14:43:35.803 +05:30 [INF] Executing endpoint 'SkillAssessmentPortal.Controllers.TestLevelController.GetTestLevelsByTest (SkillAssesmentPortal)'
2025-11-11 14:43:35.815 +05:30 [INF] Route matched with {action = "GetTestLevelsByTest", controller = "TestLevel"}. Executing controller action with signature System.Threading.Tasks.Task`1[Microsoft.AspNetCore.Mvc.IActionResult] GetTestLevelsByTest(Int32) on controller SkillAssessmentPortal.Controllers.TestLevelController (SkillAssesmentPortal).
2025-11-11 14:43:35.821 +05:30 [INF] GET /api/TestLevel/test/6 - Fetching test levels by test
2025-11-11 14:43:35.827 +05:30 [INF] Fetching test levels for TestId: 6
2025-11-11 14:43:35.830 +05:30 [INF] Fetching test levels for TestId: 6
2025-11-11 14:43:35.852 +05:30 [INF] Executed DbCommand (16ms) [Parameters=[@__testId_0='?' (DbType = Int32)], CommandType='"Text"', CommandTimeout='30']
SELECT [t].[TestLevelId], [t].[DurationMins], [t].[LevelName], [t].[PassingScore], [t].[TestId], [t].[VideoLink], [q].[QuestionId], [q].[CorrectOption], [q].[OptionA], [q].[OptionB], [q].[OptionC], [q].[OptionD], [q].[QuestionText], [q].[TestLevelId]
FROM [TestLevels] AS [t]
LEFT JOIN [Questions] AS [q] ON [t].[TestLevelId] = [q].[TestLevelId]
WHERE [t].[TestId] = @__testId_0
ORDER BY [t].[TestLevelId]
2025-11-11 14:43:35.869 +05:30 [INF] Retrieved 3 test levels for TestId: 6
2025-11-11 14:43:35.875 +05:30 [INF] Successfully retrieved 3 test levels for TestId: 6
2025-11-11 14:43:35.880 +05:30 [INF] Successfully retrieved 3 test levels for TestId: 6
2025-11-11 14:43:35.884 +05:30 [INF] Executing OkObjectResult, writing value of type 'System.Linq.OrderedEnumerable`2[[SkillAssessmentPortal.DTOs.TestLevel.TestLevelResponseDto, SkillAssesmentPortal, Version=1.0.0.0, Culture=neutral, PublicKeyToken=null],[System.String, System.Private.CoreLib, Version=8.0.0.0, Culture=neutral, PublicKeyToken=7cec85d7bea7798e]]'.
2025-11-11 14:43:35.889 +05:30 [INF] Executed action SkillAssessmentPortal.Controllers.TestLevelController.GetTestLevelsByTest (SkillAssesmentPortal) in 68.601ms
2025-11-11 14:43:35.894 +05:30 [INF] Executed endpoint 'SkillAssessmentPortal.Controllers.TestLevelController.GetTestLevelsByTest (SkillAssesmentPortal)'
2025-11-11 14:43:35.898 +05:30 [INF] Request finished HTTP/2 GET https://localhost:7186/api/TestLevel/test/6 - 200 null application/json; charset=utf-8 122.1069ms
2025-11-11 14:43:39.730 +05:30 [INF] Request starting HTTP/2 OPTIONS https://localhost:7186/api/Question/testlevel/14 - null null
2025-11-11 14:43:39.732 +05:30 [INF] Request starting HTTP/2 OPTIONS https://localhost:7186/api/Question/testlevel/14 - null null
2025-11-11 14:43:39.738 +05:30 [INF] CORS policy execution successful.
2025-11-11 14:43:39.745 +05:30 [INF] CORS policy execution successful.
2025-11-11 14:43:39.748 +05:30 [INF] Request finished HTTP/2 OPTIONS https://localhost:7186/api/Question/testlevel/14 - 204 null null 18.3845ms
2025-11-11 14:43:39.754 +05:30 [INF] Request finished HTTP/2 OPTIONS https://localhost:7186/api/Question/testlevel/14 - 204 null null 21.9817ms
2025-11-11 14:43:39.755 +05:30 [INF] Request starting HTTP/2 GET https://localhost:7186/api/Question/testlevel/14 - null null
2025-11-11 14:43:39.789 +05:30 [INF] CORS policy execution successful.
2025-11-11 14:43:39.792 +05:30 [INF] Executing endpoint 'SkillAssessmentPortal.Controllers.QuestionController.GetQuestionsByTestLevel (SkillAssesmentPortal)'
2025-11-11 14:43:39.795 +05:30 [INF] Route matched with {action = "GetQuestionsByTestLevel", controller = "Question"}. Executing controller action with signature System.Threading.Tasks.Task`1[Microsoft.AspNetCore.Mvc.IActionResult] GetQuestionsByTestLevel(Int32) on controller SkillAssessmentPortal.Controllers.QuestionController (SkillAssesmentPortal).
2025-11-11 14:43:39.802 +05:30 [INF] GET Questions by TestLevelId: 14
2025-11-11 14:43:39.814 +05:30 [INF] Executed DbCommand (10ms) [Parameters=[@__testLevelId_0='?' (DbType = Int32)], CommandType='"Text"', CommandTimeout='30']
SELECT [q].[QuestionId], [q].[CorrectOption], [q].[OptionA], [q].[OptionB], [q].[OptionC], [q].[OptionD], [q].[QuestionText], [q].[TestLevelId]
FROM [Questions] AS [q]
WHERE [q].[TestLevelId] = @__testLevelId_0
2025-11-11 14:43:39.819 +05:30 [INF] Retrieved 10 questions for TestLevelId: 14
2025-11-11 14:43:39.822 +05:30 [INF] Executing OkObjectResult, writing value of type 'System.Linq.Enumerable+SelectListIterator`2[[Question, SkillAssesmentPortal, Version=1.0.0.0, Culture=neutral, PublicKeyToken=null],[SkillAssessmentPortal.DTOs.Question.QuestionResponseDto, SkillAssesmentPortal, Version=1.0.0.0, Culture=neutral, PublicKeyToken=null]]'.
2025-11-11 14:43:39.827 +05:30 [INF] Executed action SkillAssessmentPortal.Controllers.QuestionController.GetQuestionsByTestLevel (SkillAssesmentPortal) in 27.9469ms
2025-11-11 14:43:39.829 +05:30 [INF] Request starting HTTP/2 GET https://localhost:7186/api/Question/testlevel/14 - null null
2025-11-11 14:43:39.832 +05:30 [INF] Executed endpoint 'SkillAssessmentPortal.Controllers.QuestionController.GetQuestionsByTestLevel (SkillAssesmentPortal)'
2025-11-11 14:43:39.840 +05:30 [INF] CORS policy execution successful.
2025-11-11 14:43:39.843 +05:30 [INF] Request finished HTTP/2 GET https://localhost:7186/api/Question/testlevel/14 - 200 null application/json; charset=utf-8 90.9997ms
2025-11-11 14:43:39.847 +05:30 [INF] Executing endpoint 'SkillAssessmentPortal.Controllers.QuestionController.GetQuestionsByTestLevel (SkillAssesmentPortal)'
2025-11-11 14:43:39.847 +05:30 [INF] Request starting HTTP/2 OPTIONS https://localhost:7186/api/TestLevel/14 - null null
2025-11-11 14:43:39.861 +05:30 [INF] Route matched with {action = "GetQuestionsByTestLevel", controller = "Question"}. Executing controller action with signature System.Threading.Tasks.Task`1[Microsoft.AspNetCore.Mvc.IActionResult] GetQuestionsByTestLevel(Int32) on controller SkillAssessmentPortal.Controllers.QuestionController (SkillAssesmentPortal).
2025-11-11 14:43:39.868 +05:30 [INF] CORS policy execution successful.
2025-11-11 14:43:39.879 +05:30 [INF] GET Questions by TestLevelId: 14
2025-11-11 14:43:39.880 +05:30 [INF] Request finished HTTP/2 OPTIONS https://localhost:7186/api/TestLevel/14 - 204 null null 33.3111ms
2025-11-11 14:43:39.890 +05:30 [INF] Executed DbCommand (4ms) [Parameters=[@__testLevelId_0='?' (DbType = Int32)], CommandType='"Text"', CommandTimeout='30']
SELECT [q].[QuestionId], [q].[CorrectOption], [q].[OptionA], [q].[OptionB], [q].[OptionC], [q].[OptionD], [q].[QuestionText], [q].[TestLevelId]
FROM [Questions] AS [q]
WHERE [q].[TestLevelId] = @__testLevelId_0
2025-11-11 14:43:39.884 +05:30 [INF] Request starting HTTP/2 GET https://localhost:7186/api/TestLevel/14 - null null
2025-11-11 14:43:39.905 +05:30 [INF] Retrieved 10 questions for TestLevelId: 14
2025-11-11 14:43:39.910 +05:30 [INF] CORS policy execution successful.
2025-11-11 14:43:39.913 +05:30 [INF] Executing OkObjectResult, writing value of type 'System.Linq.Enumerable+SelectListIterator`2[[Question, SkillAssesmentPortal, Version=1.0.0.0, Culture=neutral, PublicKeyToken=null],[SkillAssessmentPortal.DTOs.Question.QuestionResponseDto, SkillAssesmentPortal, Version=1.0.0.0, Culture=neutral, PublicKeyToken=null]]'.
2025-11-11 14:43:39.916 +05:30 [INF] Request finished HTTP/2 GET https://localhost:7186/api/TestLevel/14 - 404 0 null 31.7675ms
2025-11-11 14:43:39.920 +05:30 [INF] Executed action SkillAssessmentPortal.Controllers.QuestionController.GetQuestionsByTestLevel (SkillAssesmentPortal) in 43.6258ms
2025-11-11 14:43:39.926 +05:30 [INF] Request reached the end of the middleware pipeline without being handled by application code. Request path: GET https://localhost:7186/api/TestLevel/14, Response status code: 404
2025-11-11 14:43:39.931 +05:30 [INF] Executed endpoint 'SkillAssessmentPortal.Controllers.QuestionController.GetQuestionsByTestLevel (SkillAssesmentPortal)'
2025-11-11 14:43:39.939 +05:30 [INF] Request finished HTTP/2 GET https://localhost:7186/api/Question/testlevel/14 - 200 null application/json; charset=utf-8 109.7706ms
2025-11-11 14:43:39.944 +05:30 [INF] Request starting HTTP/2 GET https://localhost:7186/api/TestLevel/14 - null null
2025-11-11 14:43:39.959 +05:30 [INF] CORS policy execution successful.
2025-11-11 14:43:39.962 +05:30 [INF] Request finished HTTP/2 GET https://localhost:7186/api/TestLevel/14 - 404 0 null 18.3089ms
2025-11-11 14:43:39.973 +05:30 [INF] Request reached the end of the middleware pipeline without being handled by application code. Request path: GET https://localhost:7186/api/TestLevel/14, Response status code: 404
2025-11-11 14:44:01.403 +05:30 [INF] Request starting HTTP/2 OPTIONS https://localhost:7186/api/TestLevel/test/6 - null null
2025-11-11 14:44:01.404 +05:30 [INF] Request starting HTTP/2 OPTIONS https://localhost:7186/api/TestLevel/test/6 - null null
2025-11-11 14:44:01.422 +05:30 [INF] CORS policy execution successful.
2025-11-11 14:44:01.430 +05:30 [INF] CORS policy execution successful.
2025-11-11 14:44:01.434 +05:30 [INF] Request finished HTTP/2 OPTIONS https://localhost:7186/api/TestLevel/test/6 - 204 null null 31.0026ms
2025-11-11 14:44:01.437 +05:30 [INF] Request starting HTTP/2 GET https://localhost:7186/api/TestLevel/test/6 - null null
2025-11-11 14:44:01.438 +05:30 [INF] Request finished HTTP/2 OPTIONS https://localhost:7186/api/TestLevel/test/6 - 204 null null 34.7275ms
2025-11-11 14:44:01.463 +05:30 [INF] CORS policy execution successful.
2025-11-11 14:44:01.481 +05:30 [INF] Executing endpoint 'SkillAssessmentPortal.Controllers.TestLevelController.GetTestLevelsByTest (SkillAssesmentPortal)'
2025-11-11 14:44:01.486 +05:30 [INF] Route matched with {action = "GetTestLevelsByTest", controller = "TestLevel"}. Executing controller action with signature System.Threading.Tasks.Task`1[Microsoft.AspNetCore.Mvc.IActionResult] GetTestLevelsByTest(Int32) on controller SkillAssessmentPortal.Controllers.TestLevelController (SkillAssesmentPortal).
2025-11-11 14:44:01.497 +05:30 [INF] GET /api/TestLevel/test/6 - Fetching test levels by test
2025-11-11 14:44:01.501 +05:30 [INF] Fetching test levels for TestId: 6
2025-11-11 14:44:01.509 +05:30 [INF] Fetching test levels for TestId: 6
2025-11-11 14:44:01.532 +05:30 [INF] Executed DbCommand (16ms) [Parameters=[@__testId_0='?' (DbType = Int32)], CommandType='"Text"', CommandTimeout='30']
SELECT [t].[TestLevelId], [t].[DurationMins], [t].[LevelName], [t].[PassingScore], [t].[TestId], [t].[VideoLink], [q].[QuestionId], [q].[CorrectOption], [q].[OptionA], [q].[OptionB], [q].[OptionC], [q].[OptionD], [q].[QuestionText], [q].[TestLevelId]
FROM [TestLevels] AS [t]
LEFT JOIN [Questions] AS [q] ON [t].[TestLevelId] = [q].[TestLevelId]
WHERE [t].[TestId] = @__testId_0
ORDER BY [t].[TestLevelId]
2025-11-11 14:44:01.545 +05:30 [INF] Retrieved 3 test levels for TestId: 6
2025-11-11 14:44:01.549 +05:30 [INF] Successfully retrieved 3 test levels for TestId: 6
2025-11-11 14:44:01.554 +05:30 [INF] Successfully retrieved 3 test levels for TestId: 6
2025-11-11 14:44:01.559 +05:30 [INF] Executing OkObjectResult, writing value of type 'System.Linq.OrderedEnumerable`2[[SkillAssessmentPortal.DTOs.TestLevel.TestLevelResponseDto, SkillAssesmentPortal, Version=1.0.0.0, Culture=neutral, PublicKeyToken=null],[System.String, System.Private.CoreLib, Version=8.0.0.0, Culture=neutral, PublicKeyToken=7cec85d7bea7798e]]'.
2025-11-11 14:44:01.566 +05:30 [INF] Executed action SkillAssessmentPortal.Controllers.TestLevelController.GetTestLevelsByTest (SkillAssesmentPortal) in 70.5999ms
2025-11-11 14:44:01.569 +05:30 [INF] Request starting HTTP/2 GET https://localhost:7186/api/TestLevel/test/6 - null null
2025-11-11 14:44:01.574 +05:30 [INF] Executed endpoint 'SkillAssessmentPortal.Controllers.TestLevelController.GetTestLevelsByTest (SkillAssesmentPortal)'
2025-11-11 14:44:01.586 +05:30 [INF] CORS policy execution successful.
2025-11-11 14:44:01.588 +05:30 [INF] Request finished HTTP/2 GET https://localhost:7186/api/TestLevel/test/6 - 200 null application/json; charset=utf-8 150.712ms
2025-11-11 14:44:01.589 +05:30 [INF] Executing endpoint 'SkillAssessmentPortal.Controllers.TestLevelController.GetTestLevelsByTest (SkillAssesmentPortal)'
2025-11-11 14:44:01.604 +05:30 [INF] Route matched with {action = "GetTestLevelsByTest", controller = "TestLevel"}. Executing controller action with signature System.Threading.Tasks.Task`1[Microsoft.AspNetCore.Mvc.IActionResult] GetTestLevelsByTest(Int32) on controller SkillAssessmentPortal.Controllers.TestLevelController (SkillAssesmentPortal).
2025-11-11 14:44:01.615 +05:30 [INF] GET /api/TestLevel/test/6 - Fetching test levels by test
2025-11-11 14:44:01.618 +05:30 [INF] Fetching test levels for TestId: 6
2025-11-11 14:44:01.622 +05:30 [INF] Fetching test levels for TestId: 6
2025-11-11 14:44:01.638 +05:30 [INF] Executed DbCommand (5ms) [Parameters=[@__testId_0='?' (DbType = Int32)], CommandType='"Text"', CommandTimeout='30']
SELECT [t].[TestLevelId], [t].[DurationMins], [t].[LevelName], [t].[PassingScore], [t].[TestId], [t].[VideoLink], [q].[QuestionId], [q].[CorrectOption], [q].[OptionA], [q].[OptionB], [q].[OptionC], [q].[OptionD], [q].[QuestionText], [q].[TestLevelId]
FROM [TestLevels] AS [t]
LEFT JOIN [Questions] AS [q] ON [t].[TestLevelId] = [q].[TestLevelId]
WHERE [t].[TestId] = @__testId_0
ORDER BY [t].[TestLevelId]
2025-11-11 14:44:01.649 +05:30 [INF] Retrieved 3 test levels for TestId: 6
2025-11-11 14:44:01.653 +05:30 [INF] Successfully retrieved 3 test levels for TestId: 6
2025-11-11 14:44:01.657 +05:30 [INF] Successfully retrieved 3 test levels for TestId: 6
2025-11-11 14:44:01.663 +05:30 [INF] Executing OkObjectResult, writing value of type 'System.Linq.OrderedEnumerable`2[[SkillAssessmentPortal.DTOs.TestLevel.TestLevelResponseDto, SkillAssesmentPortal, Version=1.0.0.0, Culture=neutral, PublicKeyToken=null],[System.String, System.Private.CoreLib, Version=8.0.0.0, Culture=neutral, PublicKeyToken=7cec85d7bea7798e]]'.
2025-11-11 14:44:01.667 +05:30 [INF] Executed action SkillAssessmentPortal.Controllers.TestLevelController.GetTestLevelsByTest (SkillAssesmentPortal) in 52.1481ms
2025-11-11 14:44:01.670 +05:30 [INF] Executed endpoint 'SkillAssessmentPortal.Controllers.TestLevelController.GetTestLevelsByTest (SkillAssesmentPortal)'
2025-11-11 14:44:01.674 +05:30 [INF] Request finished HTTP/2 GET https://localhost:7186/api/TestLevel/test/6 - 200 null application/json; charset=utf-8 105.2123ms
2025-11-11 14:44:05.829 +05:30 [INF] Request starting HTTP/2 OPTIONS https://localhost:7186/api/Category - null null
2025-11-11 14:44:05.830 +05:30 [INF] Request starting HTTP/2 OPTIONS https://localhost:7186/api/Category - null null
2025-11-11 14:44:05.836 +05:30 [INF] CORS policy execution successful.
2025-11-11 14:44:05.844 +05:30 [INF] CORS policy execution successful.
2025-11-11 14:44:05.847 +05:30 [INF] Request finished HTTP/2 OPTIONS https://localhost:7186/api/Category - 204 null null 19.1525ms
2025-11-11 14:44:05.849 +05:30 [INF] Request finished HTTP/2 OPTIONS https://localhost:7186/api/Category - 204 null null 19.9418ms
2025-11-11 14:44:05.850 +05:30 [INF] Request starting HTTP/2 GET https://localhost:7186/api/Category - null null
2025-11-11 14:44:05.886 +05:30 [INF] CORS policy execution successful.
2025-11-11 14:44:05.891 +05:30 [INF] Executing endpoint 'SkillAssessmentPortal.Controllers.CategoryController.GetAll (SkillAssesmentPortal)'
2025-11-11 14:44:05.894 +05:30 [INF] Route matched with {action = "GetAll", controller = "Category"}. Executing controller action with signature System.Threading.Tasks.Task`1[Microsoft.AspNetCore.Mvc.IActionResult] GetAll() on controller SkillAssessmentPortal.Controllers.CategoryController (SkillAssesmentPortal).
2025-11-11 14:44:05.902 +05:30 [INF] GET /api/Category - Fetching all categories
2025-11-11 14:44:05.905 +05:30 [INF] Fetching all categories from database
2025-11-11 14:44:05.919 +05:30 [INF] Executed DbCommand (7ms) [Parameters=[], CommandType='"Text"', CommandTimeout='30']
SELECT [c].[CategoryId], [c].[CategoryName], [c].[Description]
FROM [Categories] AS [c]
2025-11-11 14:44:05.924 +05:30 [INF] Successfully retrieved 4 categories
2025-11-11 14:44:05.930 +05:30 [INF] Successfully retrieved 4 categories
2025-11-11 14:44:05.933 +05:30 [INF] Executing OkObjectResult, writing value of type 'System.Linq.Enumerable+SelectListIterator`2[[SkillAssessmentPortal.Models.Category, SkillAssesmentPortal, Version=1.0.0.0, Culture=neutral, PublicKeyToken=null],[SkillAssessmentPortal.DTOs.Category.CategoryResponseDto, SkillAssesmentPortal, Version=1.0.0.0, Culture=neutral, PublicKeyToken=null]]'.
2025-11-11 14:44:05.942 +05:30 [INF] Executed action SkillAssessmentPortal.Controllers.CategoryController.GetAll (SkillAssesmentPortal) in 40.8387ms
2025-11-11 14:44:05.945 +05:30 [INF] Request starting HTTP/2 GET https://localhost:7186/api/Category - null null
2025-11-11 14:44:05.947 +05:30 [INF] Executed endpoint 'SkillAssessmentPortal.Controllers.CategoryController.GetAll (SkillAssesmentPortal)'
2025-11-11 14:44:05.956 +05:30 [INF] CORS policy execution successful.
2025-11-11 14:44:05.960 +05:30 [INF] Request finished HTTP/2 GET https://localhost:7186/api/Category - 200 null application/json; charset=utf-8 110.8163ms
2025-11-11 14:44:05.964 +05:30 [INF] Executing endpoint 'SkillAssessmentPortal.Controllers.CategoryController.GetAll (SkillAssesmentPortal)'
2025-11-11 14:44:05.974 +05:30 [INF] Route matched with {action = "GetAll", controller = "Category"}. Executing controller action with signature System.Threading.Tasks.Task`1[Microsoft.AspNetCore.Mvc.IActionResult] GetAll() on controller SkillAssessmentPortal.Controllers.CategoryController (SkillAssesmentPortal).
2025-11-11 14:44:05.980 +05:30 [INF] GET /api/Category - Fetching all categories
2025-11-11 14:44:05.983 +05:30 [INF] Fetching all categories from database
2025-11-11 14:44:05.989 +05:30 [INF] Executed DbCommand (3ms) [Parameters=[], CommandType='"Text"', CommandTimeout='30']
SELECT [c].[CategoryId], [c].[CategoryName], [c].[Description]
FROM [Categories] AS [c]
2025-11-11 14:44:06.001 +05:30 [INF] Successfully retrieved 4 categories
2025-11-11 14:44:06.004 +05:30 [INF] Successfully retrieved 4 categories
2025-11-11 14:44:06.009 +05:30 [INF] Executing OkObjectResult, writing value of type 'System.Linq.Enumerable+SelectListIterator`2[[SkillAssessmentPortal.Models.Category, SkillAssesmentPortal, Version=1.0.0.0, Culture=neutral, PublicKeyToken=null],[SkillAssessmentPortal.DTOs.Category.CategoryResponseDto, SkillAssesmentPortal, Version=1.0.0.0, Culture=neutral, PublicKeyToken=null]]'.
2025-11-11 14:44:06.011 +05:30 [INF] Executed action SkillAssessmentPortal.Controllers.CategoryController.GetAll (SkillAssesmentPortal) in 31.8379ms
2025-11-11 14:44:06.016 +05:30 [INF] Executed endpoint 'SkillAssessmentPortal.Controllers.CategoryController.GetAll (SkillAssesmentPortal)'
2025-11-11 14:44:06.021 +05:30 [INF] Request finished HTTP/2 GET https://localhost:7186/api/Category - 200 null application/json; charset=utf-8 76.3862ms
2025-11-11 14:44:09.769 +05:30 [INF] Request starting HTTP/2 OPTIONS https://localhost:7186/api/Test/category/1 - null null
2025-11-11 14:44:09.773 +05:30 [INF] CORS policy execution successful.
2025-11-11 14:44:09.776 +05:30 [INF] Request finished HTTP/2 OPTIONS https://localhost:7186/api/Test/category/1 - 204 null null 6.6708ms
2025-11-11 14:44:09.779 +05:30 [INF] Request starting HTTP/2 GET https://localhost:7186/api/Test/category/1 - null null
2025-11-11 14:44:09.788 +05:30 [INF] CORS policy execution successful.
2025-11-11 14:44:09.791 +05:30 [INF] Executing endpoint 'SkillAssessmentPortal.Controllers.TestController.GetTestsByCategory (SkillAssesmentPortal)'
2025-11-11 14:44:09.796 +05:30 [INF] Route matched with {action = "GetTestsByCategory", controller = "Test"}. Executing controller action with signature System.Threading.Tasks.Task`1[Microsoft.AspNetCore.Mvc.IActionResult] GetTestsByCategory(Int32) on controller SkillAssessmentPortal.Controllers.TestController (SkillAssesmentPortal).
2025-11-11 14:44:09.800 +05:30 [INF] GET /api/Test/category/1 - Fetching tests by category
2025-11-11 14:44:09.802 +05:30 [INF] Fetching tests for CategoryId: 1
2025-11-11 14:44:09.804 +05:30 [INF] Fetching all tests from database
2025-11-11 14:44:09.818 +05:30 [INF] Executed DbCommand (10ms) [Parameters=[], CommandType='"Text"', CommandTimeout='30']
SELECT [t].[TestId], [t].[CategoryId], [t].[CreatedAt], [t].[CreatedBy], [t].[DurationMins], [t].[TestName], [t].[TotalMarks], [t].[TotalQuestions], [c].[CategoryId], [c].[CategoryName], [c].[Description], [u].[UserId], [u].[CreatedAt], [u].[Email], [u].[Name], [u].[PasswordHash], [u].[Role]
FROM [Tests] AS [t]
INNER JOIN [Categories] AS [c] ON [t].[CategoryId] = [c].[CategoryId]
INNER JOIN [Users] AS [u] ON [t].[CreatedBy] = [u].[UserId]
2025-11-11 14:44:09.834 +05:30 [INF] Successfully retrieved 4 tests
2025-11-11 14:44:09.844 +05:30 [INF] Found 1 tests for CategoryId: 1
2025-11-11 14:44:09.848 +05:30 [INF] Successfully retrieved 1 tests for CategoryId: 1
2025-11-11 14:44:09.856 +05:30 [INF] Executing OkObjectResult, writing value of type 'System.Collections.Generic.List`1[[SkillAssessmentPortal.DTOs.Test.TestResponseDto, SkillAssesmentPortal, Version=1.0.0.0, Culture=neutral, PublicKeyToken=null]]'.
2025-11-11 14:44:09.864 +05:30 [INF] Executed action SkillAssessmentPortal.Controllers.TestController.GetTestsByCategory (SkillAssesmentPortal) in 64.5541ms
2025-11-11 14:44:09.878 +05:30 [INF] Executed endpoint 'SkillAssessmentPortal.Controllers.TestController.GetTestsByCategory (SkillAssesmentPortal)'
2025-11-11 14:44:09.882 +05:30 [INF] Request finished HTTP/2 GET https://localhost:7186/api/Test/category/1 - 200 null application/json; charset=utf-8 102.8621ms
2025-11-11 14:44:11.644 +05:30 [INF] Request starting HTTP/2 OPTIONS https://localhost:7186/api/TestLevel/test/1 - null null
2025-11-11 14:44:11.645 +05:30 [INF] Request starting HTTP/2 OPTIONS https://localhost:7186/api/TestLevel/test/1 - null null
2025-11-11 14:44:11.649 +05:30 [INF] CORS policy execution successful.
2025-11-11 14:44:11.653 +05:30 [INF] CORS policy execution successful.
2025-11-11 14:44:11.654 +05:30 [INF] Request finished HTTP/2 OPTIONS https://localhost:7186/api/TestLevel/test/1 - 204 null null 10.6051ms
2025-11-11 14:44:11.655 +05:30 [INF] Request finished HTTP/2 OPTIONS https://localhost:7186/api/TestLevel/test/1 - 204 null null 10.0641ms
2025-11-11 14:44:11.658 +05:30 [INF] Request starting HTTP/2 GET https://localhost:7186/api/TestLevel/test/1 - null null
2025-11-11 14:44:11.670 +05:30 [INF] CORS policy execution successful.
2025-11-11 14:44:11.674 +05:30 [INF] Executing endpoint 'SkillAssessmentPortal.Controllers.TestLevelController.GetTestLevelsByTest (SkillAssesmentPortal)'
2025-11-11 14:44:11.679 +05:30 [INF] Route matched with {action = "GetTestLevelsByTest", controller = "TestLevel"}. Executing controller action with signature System.Threading.Tasks.Task`1[Microsoft.AspNetCore.Mvc.IActionResult] GetTestLevelsByTest(Int32) on controller SkillAssessmentPortal.Controllers.TestLevelController (SkillAssesmentPortal).
2025-11-11 14:44:11.684 +05:30 [INF] GET /api/TestLevel/test/1 - Fetching test levels by test
2025-11-11 14:44:11.687 +05:30 [INF] Fetching test levels for TestId: 1
2025-11-11 14:44:11.689 +05:30 [INF] Fetching test levels for TestId: 1
2025-11-11 14:44:11.700 +05:30 [INF] Executed DbCommand (5ms) [Parameters=[@__testId_0='?' (DbType = Int32)], CommandType='"Text"', CommandTimeout='30']
SELECT [t].[TestLevelId], [t].[DurationMins], [t].[LevelName], [t].[PassingScore], [t].[TestId], [t].[VideoLink], [q].[QuestionId], [q].[CorrectOption], [q].[OptionA], [q].[OptionB], [q].[OptionC], [q].[OptionD], [q].[QuestionText], [q].[TestLevelId]
FROM [TestLevels] AS [t]
LEFT JOIN [Questions] AS [q] ON [t].[TestLevelId] = [q].[TestLevelId]
WHERE [t].[TestId] = @__testId_0
ORDER BY [t].[TestLevelId]
2025-11-11 14:44:11.711 +05:30 [INF] Retrieved 3 test levels for TestId: 1
2025-11-11 14:44:11.714 +05:30 [INF] Successfully retrieved 3 test levels for TestId: 1
2025-11-11 14:44:11.716 +05:30 [INF] Successfully retrieved 3 test levels for TestId: 1
2025-11-11 14:44:11.719 +05:30 [INF] Executing OkObjectResult, writing value of type 'System.Linq.OrderedEnumerable`2[[SkillAssessmentPortal.DTOs.TestLevel.TestLevelResponseDto, SkillAssesmentPortal, Version=1.0.0.0, Culture=neutral, PublicKeyToken=null],[System.String, System.Private.CoreLib, Version=8.0.0.0, Culture=neutral, PublicKeyToken=7cec85d7bea7798e]]'.
2025-11-11 14:44:11.722 +05:30 [INF] Executed action SkillAssessmentPortal.Controllers.TestLevelController.GetTestLevelsByTest (SkillAssesmentPortal) in 38.4078ms
2025-11-11 14:44:11.726 +05:30 [INF] Request starting HTTP/2 GET https://localhost:7186/api/TestLevel/test/1 - null null
2025-11-11 14:44:11.728 +05:30 [INF] Executed endpoint 'SkillAssessmentPortal.Controllers.TestLevelController.GetTestLevelsByTest (SkillAssesmentPortal)'
2025-11-11 14:44:11.733 +05:30 [INF] CORS policy execution successful.
2025-11-11 14:44:11.735 +05:30 [INF] Request finished HTTP/2 GET https://localhost:7186/api/TestLevel/test/1 - 200 null application/json; charset=utf-8 77.5806ms
2025-11-11 14:44:11.736 +05:30 [INF] Executing endpoint 'SkillAssessmentPortal.Controllers.TestLevelController.GetTestLevelsByTest (SkillAssesmentPortal)'
2025-11-11 14:44:11.743 +05:30 [INF] Route matched with {action = "GetTestLevelsByTest", controller = "TestLevel"}. Executing controller action with signature System.Threading.Tasks.Task`1[Microsoft.AspNetCore.Mvc.IActionResult] GetTestLevelsByTest(Int32) on controller SkillAssessmentPortal.Controllers.TestLevelController (SkillAssesmentPortal).
2025-11-11 14:44:11.750 +05:30 [INF] GET /api/TestLevel/test/1 - Fetching test levels by test
2025-11-11 14:44:11.752 +05:30 [INF] Fetching test levels for TestId: 1
2025-11-11 14:44:11.753 +05:30 [INF] Fetching test levels for TestId: 1
2025-11-11 14:44:11.765 +05:30 [INF] Executed DbCommand (6ms) [Parameters=[@__testId_0='?' (DbType = Int32)], CommandType='"Text"', CommandTimeout='30']
SELECT [t].[TestLevelId], [t].[DurationMins], [t].[LevelName], [t].[PassingScore], [t].[TestId], [t].[VideoLink], [q].[QuestionId], [q].[CorrectOption], [q].[OptionA], [q].[OptionB], [q].[OptionC], [q].[OptionD], [q].[QuestionText], [q].[TestLevelId]
FROM [TestLevels] AS [t]
LEFT JOIN [Questions] AS [q] ON [t].[TestLevelId] = [q].[TestLevelId]
WHERE [t].[TestId] = @__testId_0
ORDER BY [t].[TestLevelId]
2025-11-11 14:44:11.784 +05:30 [INF] Retrieved 3 test levels for TestId: 1
2025-11-11 14:44:11.788 +05:30 [INF] Successfully retrieved 3 test levels for TestId: 1
2025-11-11 14:44:11.793 +05:30 [INF] Successfully retrieved 3 test levels for TestId: 1
2025-11-11 14:44:11.799 +05:30 [INF] Executing OkObjectResult, writing value of type 'System.Linq.OrderedEnumerable`2[[SkillAssessmentPortal.DTOs.TestLevel.TestLevelResponseDto, SkillAssesmentPortal, Version=1.0.0.0, Culture=neutral, PublicKeyToken=null],[System.String, System.Private.CoreLib, Version=8.0.0.0, Culture=neutral, PublicKeyToken=7cec85d7bea7798e]]'.
2025-11-11 14:44:11.806 +05:30 [INF] Executed action SkillAssessmentPortal.Controllers.TestLevelController.GetTestLevelsByTest (SkillAssesmentPortal) in 57.0955ms
2025-11-11 14:44:11.810 +05:30 [INF] Executed endpoint 'SkillAssessmentPortal.Controllers.TestLevelController.GetTestLevelsByTest (SkillAssesmentPortal)'
2025-11-11 14:44:11.813 +05:30 [INF] Request finished HTTP/2 GET https://localhost:7186/api/TestLevel/test/1 - 200 null application/json; charset=utf-8 88.8463ms
2025-11-11 14:44:15.479 +05:30 [INF] Request starting HTTP/2 OPTIONS https://localhost:7186/api/Category - null null
2025-11-11 14:44:15.479 +05:30 [INF] Request starting HTTP/2 OPTIONS https://localhost:7186/api/Category - null null
2025-11-11 14:44:15.485 +05:30 [INF] CORS policy execution successful.
2025-11-11 14:44:15.489 +05:30 [INF] CORS policy execution successful.
2025-11-11 14:44:15.493 +05:30 [INF] Request finished HTTP/2 OPTIONS https://localhost:7186/api/Category - 204 null null 15.0703ms
2025-11-11 14:44:15.496 +05:30 [INF] Request starting HTTP/2 GET https://localhost:7186/api/Category - null null
2025-11-11 14:44:15.496 +05:30 [INF] Request finished HTTP/2 OPTIONS https://localhost:7186/api/Category - 204 null null 17.5681ms
2025-11-11 14:44:15.514 +05:30 [INF] CORS policy execution successful.
2025-11-11 14:44:15.518 +05:30 [INF] Executing endpoint 'SkillAssessmentPortal.Controllers.CategoryController.GetAll (SkillAssesmentPortal)'
2025-11-11 14:44:15.519 +05:30 [INF] Route matched with {action = "GetAll", controller = "Category"}. Executing controller action with signature System.Threading.Tasks.Task`1[Microsoft.AspNetCore.Mvc.IActionResult] GetAll() on controller SkillAssessmentPortal.Controllers.CategoryController (SkillAssesmentPortal).
2025-11-11 14:44:15.528 +05:30 [INF] GET /api/Category - Fetching all categories
2025-11-11 14:44:15.531 +05:30 [INF] Fetching all categories from database
2025-11-11 14:44:15.536 +05:30 [INF] Executed DbCommand (2ms) [Parameters=[], CommandType='"Text"', CommandTimeout='30']
SELECT [c].[CategoryId], [c].[CategoryName], [c].[Description]
FROM [Categories] AS [c]
2025-11-11 14:44:15.549 +05:30 [INF] Successfully retrieved 4 categories
2025-11-11 14:44:15.552 +05:30 [INF] Successfully retrieved 4 categories
2025-11-11 14:44:15.556 +05:30 [INF] Executing OkObjectResult, writing value of type 'System.Linq.Enumerable+SelectListIterator`2[[SkillAssessmentPortal.Models.Category, SkillAssesmentPortal, Version=1.0.0.0, Culture=neutral, PublicKeyToken=null],[SkillAssessmentPortal.DTOs.Category.CategoryResponseDto, SkillAssesmentPortal, Version=1.0.0.0, Culture=neutral, PublicKeyToken=null]]'.
2025-11-11 14:44:15.562 +05:30 [INF] Executed action SkillAssessmentPortal.Controllers.CategoryController.GetAll (SkillAssesmentPortal) in 33.9285ms
2025-11-11 14:44:15.565 +05:30 [INF] Request starting HTTP/2 GET https://localhost:7186/api/Category - null null
2025-11-11 14:44:15.567 +05:30 [INF] Executed endpoint 'SkillAssessmentPortal.Controllers.CategoryController.GetAll (SkillAssesmentPortal)'
2025-11-11 14:44:15.578 +05:30 [INF] CORS policy execution successful.
2025-11-11 14:44:15.583 +05:30 [INF] Request finished HTTP/2 GET https://localhost:7186/api/Category - 200 null application/json; charset=utf-8 87.4636ms
2025-11-11 14:44:15.587 +05:30 [INF] Executing endpoint 'SkillAssessmentPortal.Controllers.CategoryController.GetAll (SkillAssesmentPortal)'
2025-11-11 14:44:15.601 +05:30 [INF] Route matched with {action = "GetAll", controller = "Category"}. Executing controller action with signature System.Threading.Tasks.Task`1[Microsoft.AspNetCore.Mvc.IActionResult] GetAll() on controller SkillAssessmentPortal.Controllers.CategoryController (SkillAssesmentPortal).
2025-11-11 14:44:15.609 +05:30 [INF] GET /api/Category - Fetching all categories
2025-11-11 14:44:15.613 +05:30 [INF] Fetching all categories from database
2025-11-11 14:44:15.625 +05:30 [INF] Executed DbCommand (5ms) [Parameters=[], CommandType='"Text"', CommandTimeout='30']
SELECT [c].[CategoryId], [c].[CategoryName], [c].[Description]
FROM [Categories] AS [c]
2025-11-11 14:44:15.634 +05:30 [INF] Successfully retrieved 4 categories
2025-11-11 14:44:15.639 +05:30 [INF] Successfully retrieved 4 categories
2025-11-11 14:44:15.643 +05:30 [INF] Executing OkObjectResult, writing value of type 'System.Linq.Enumerable+SelectListIterator`2[[SkillAssessmentPortal.Models.Category, SkillAssesmentPortal, Version=1.0.0.0, Culture=neutral, PublicKeyToken=null],[SkillAssessmentPortal.DTOs.Category.CategoryResponseDto, SkillAssesmentPortal, Version=1.0.0.0, Culture=neutral, PublicKeyToken=null]]'.
2025-11-11 14:44:15.648 +05:30 [INF] Executed action SkillAssessmentPortal.Controllers.CategoryController.GetAll (SkillAssesmentPortal) in 39.1443ms
2025-11-11 14:44:15.654 +05:30 [INF] Executed endpoint 'SkillAssessmentPortal.Controllers.CategoryController.GetAll (SkillAssesmentPortal)'
2025-11-11 14:44:15.657 +05:30 [INF] Request finished HTTP/2 GET https://localhost:7186/api/Category - 200 null application/json; charset=utf-8 92.5998ms
2025-11-11 14:44:18.515 +05:30 [INF] Request starting HTTP/2 OPTIONS https://localhost:7186/api/Test/category/3 - null null
2025-11-11 14:44:18.527 +05:30 [INF] CORS policy execution successful.
2025-11-11 14:44:18.533 +05:30 [INF] Request finished HTTP/2 OPTIONS https://localhost:7186/api/Test/category/3 - 204 null null 18.4325ms
2025-11-11 14:44:18.538 +05:30 [INF] Request starting HTTP/2 GET https://localhost:7186/api/Test/category/3 - null null
2025-11-11 14:44:18.548 +05:30 [INF] CORS policy execution successful.
2025-11-11 14:44:18.550 +05:30 [INF] Executing endpoint 'SkillAssessmentPortal.Controllers.TestController.GetTestsByCategory (SkillAssesmentPortal)'
2025-11-11 14:44:18.553 +05:30 [INF] Route matched with {action = "GetTestsByCategory", controller = "Test"}. Executing controller action with signature System.Threading.Tasks.Task`1[Microsoft.AspNetCore.Mvc.IActionResult] GetTestsByCategory(Int32) on controller SkillAssessmentPortal.Controllers.TestController (SkillAssesmentPortal).
2025-11-11 14:44:18.557 +05:30 [INF] GET /api/Test/category/3 - Fetching tests by category
2025-11-11 14:44:18.562 +05:30 [INF] Fetching tests for CategoryId: 3
2025-11-11 14:44:18.563 +05:30 [INF] Fetching all tests from database
2025-11-11 14:44:18.573 +05:30 [INF] Executed DbCommand (4ms) [Parameters=[], CommandType='"Text"', CommandTimeout='30']
SELECT [t].[TestId], [t].[CategoryId], [t].[CreatedAt], [t].[CreatedBy], [t].[DurationMins], [t].[TestName], [t].[TotalMarks], [t].[TotalQuestions], [c].[CategoryId], [c].[CategoryName], [c].[Description], [u].[UserId], [u].[CreatedAt], [u].[Email], [u].[Name], [u].[PasswordHash], [u].[Role]
FROM [Tests] AS [t]
INNER JOIN [Categories] AS [c] ON [t].[CategoryId] = [c].[CategoryId]
INNER JOIN [Users] AS [u] ON [t].[CreatedBy] = [u].[UserId]
2025-11-11 14:44:18.587 +05:30 [INF] Successfully retrieved 4 tests
2025-11-11 14:44:18.590 +05:30 [INF] Found 1 tests for CategoryId: 3
2025-11-11 14:44:18.596 +05:30 [INF] Successfully retrieved 1 tests for CategoryId: 3
2025-11-11 14:44:18.604 +05:30 [INF] Executing OkObjectResult, writing value of type 'System.Collections.Generic.List`1[[SkillAssessmentPortal.DTOs.Test.TestResponseDto, SkillAssesmentPortal, Version=1.0.0.0, Culture=neutral, PublicKeyToken=null]]'.
2025-11-11 14:44:18.611 +05:30 [INF] Executed action SkillAssessmentPortal.Controllers.TestController.GetTestsByCategory (SkillAssesmentPortal) in 53.9887ms
2025-11-11 14:44:18.616 +05:30 [INF] Executed endpoint 'SkillAssessmentPortal.Controllers.TestController.GetTestsByCategory (SkillAssesmentPortal)'
2025-11-11 14:44:18.624 +05:30 [INF] Request finished HTTP/2 GET https://localhost:7186/api/Test/category/3 - 200 null application/json; charset=utf-8 86.2252ms
2025-11-11 14:44:21.148 +05:30 [INF] Request starting HTTP/2 OPTIONS https://localhost:7186/api/TestLevel/test/5 - null null
2025-11-11 14:44:21.148 +05:30 [INF] Request starting HTTP/2 OPTIONS https://localhost:7186/api/TestLevel/test/5 - null null
2025-11-11 14:44:21.151 +05:30 [INF] CORS policy execution successful.
2025-11-11 14:44:21.155 +05:30 [INF] CORS policy execution successful.
2025-11-11 14:44:21.156 +05:30 [INF] Request finished HTTP/2 OPTIONS https://localhost:7186/api/TestLevel/test/5 - 204 null null 9.2179ms
2025-11-11 14:44:21.159 +05:30 [INF] Request finished HTTP/2 OPTIONS https://localhost:7186/api/TestLevel/test/5 - 204 null null 11.8068ms
2025-11-11 14:44:21.160 +05:30 [INF] Request starting HTTP/2 GET https://localhost:7186/api/TestLevel/test/5 - null null
2025-11-11 14:44:21.182 +05:30 [INF] CORS policy execution successful.
2025-11-11 14:44:21.186 +05:30 [INF] Executing endpoint 'SkillAssessmentPortal.Controllers.TestLevelController.GetTestLevelsByTest (SkillAssesmentPortal)'
2025-11-11 14:44:21.189 +05:30 [INF] Route matched with {action = "GetTestLevelsByTest", controller = "TestLevel"}. Executing controller action with signature System.Threading.Tasks.Task`1[Microsoft.AspNetCore.Mvc.IActionResult] GetTestLevelsByTest(Int32) on controller SkillAssessmentPortal.Controllers.TestLevelController (SkillAssesmentPortal).
2025-11-11 14:44:21.196 +05:30 [INF] GET /api/TestLevel/test/5 - Fetching test levels by test
2025-11-11 14:44:21.199 +05:30 [INF] Fetching test levels for TestId: 5
2025-11-11 14:44:21.202 +05:30 [INF] Fetching test levels for TestId: 5
2025-11-11 14:44:21.222 +05:30 [INF] Executed DbCommand (8ms) [Parameters=[@__testId_0='?' (DbType = Int32)], CommandType='"Text"', CommandTimeout='30']
SELECT [t].[TestLevelId], [t].[DurationMins], [t].[LevelName], [t].[PassingScore], [t].[TestId], [t].[VideoLink], [q].[QuestionId], [q].[CorrectOption], [q].[OptionA], [q].[OptionB], [q].[OptionC], [q].[OptionD], [q].[QuestionText], [q].[TestLevelId]
FROM [TestLevels] AS [t]
LEFT JOIN [Questions] AS [q] ON [t].[TestLevelId] = [q].[TestLevelId]
WHERE [t].[TestId] = @__testId_0
ORDER BY [t].[TestLevelId]
2025-11-11 14:44:21.242 +05:30 [INF] Retrieved 3 test levels for TestId: 5
2025-11-11 14:44:21.246 +05:30 [INF] Successfully retrieved 3 test levels for TestId: 5
2025-11-11 14:44:21.250 +05:30 [INF] Successfully retrieved 3 test levels for TestId: 5
2025-11-11 14:44:21.254 +05:30 [INF] Executing OkObjectResult, writing value of type 'System.Linq.OrderedEnumerable`2[[SkillAssessmentPortal.DTOs.TestLevel.TestLevelResponseDto, SkillAssesmentPortal, Version=1.0.0.0, Culture=neutral, PublicKeyToken=null],[System.String, System.Private.CoreLib, Version=8.0.0.0, Culture=neutral, PublicKeyToken=7cec85d7bea7798e]]'.
2025-11-11 14:44:21.261 +05:30 [INF] Executed action SkillAssessmentPortal.Controllers.TestLevelController.GetTestLevelsByTest (SkillAssesmentPortal) in 65.5839ms
2025-11-11 14:44:21.265 +05:30 [INF] Request starting HTTP/2 GET https://localhost:7186/api/TestLevel/test/5 - null null
2025-11-11 14:44:21.268 +05:30 [INF] Executed endpoint 'SkillAssessmentPortal.Controllers.TestLevelController.GetTestLevelsByTest (SkillAssesmentPortal)'
2025-11-11 14:44:21.278 +05:30 [INF] CORS policy execution successful.
2025-11-11 14:44:21.283 +05:30 [INF] Request finished HTTP/2 GET https://localhost:7186/api/TestLevel/test/5 - 200 null application/json; charset=utf-8 123.133ms
2025-11-11 14:44:21.285 +05:30 [INF] Executing endpoint 'SkillAssessmentPortal.Controllers.TestLevelController.GetTestLevelsByTest (SkillAssesmentPortal)'
2025-11-11 14:44:21.294 +05:30 [INF] Route matched with {action = "GetTestLevelsByTest", controller = "TestLevel"}. Executing controller action with signature System.Threading.Tasks.Task`1[Microsoft.AspNetCore.Mvc.IActionResult] GetTestLevelsByTest(Int32) on controller SkillAssessmentPortal.Controllers.TestLevelController (SkillAssesmentPortal).
2025-11-11 14:44:21.299 +05:30 [INF] GET /api/TestLevel/test/5 - Fetching test levels by test
2025-11-11 14:44:21.301 +05:30 [INF] Fetching test levels for TestId: 5
2025-11-11 14:44:21.303 +05:30 [INF] Fetching test levels for TestId: 5
2025-11-11 14:44:21.313 +05:30 [INF] Executed DbCommand (4ms) [Parameters=[@__testId_0='?' (DbType = Int32)], CommandType='"Text"', CommandTimeout='30']
SELECT [t].[TestLevelId], [t].[DurationMins], [t].[LevelName], [t].[PassingScore], [t].[TestId], [t].[VideoLink], [q].[QuestionId], [q].[CorrectOption], [q].[OptionA], [q].[OptionB], [q].[OptionC], [q].[OptionD], [q].[QuestionText], [q].[TestLevelId]
FROM [TestLevels] AS [t]
LEFT JOIN [Questions] AS [q] ON [t].[TestLevelId] = [q].[TestLevelId]
WHERE [t].[TestId] = @__testId_0
ORDER BY [t].[TestLevelId]
2025-11-11 14:44:21.319 +05:30 [INF] Retrieved 3 test levels for TestId: 5
2025-11-11 14:44:21.324 +05:30 [INF] Successfully retrieved 3 test levels for TestId: 5
2025-11-11 14:44:21.329 +05:30 [INF] Successfully retrieved 3 test levels for TestId: 5
2025-11-11 14:44:21.333 +05:30 [INF] Executing OkObjectResult, writing value of type 'System.Linq.OrderedEnumerable`2[[SkillAssessmentPortal.DTOs.TestLevel.TestLevelResponseDto, SkillAssesmentPortal, Version=1.0.0.0, Culture=neutral, PublicKeyToken=null],[System.String, System.Private.CoreLib, Version=8.0.0.0, Culture=neutral, PublicKeyToken=7cec85d7bea7798e]]'.
2025-11-11 14:44:21.338 +05:30 [INF] Executed action SkillAssessmentPortal.Controllers.TestLevelController.GetTestLevelsByTest (SkillAssesmentPortal) in 40.1601ms
2025-11-11 14:44:21.342 +05:30 [INF] Executed endpoint 'SkillAssessmentPortal.Controllers.TestLevelController.GetTestLevelsByTest (SkillAssesmentPortal)'
2025-11-11 14:44:21.345 +05:30 [INF] Request finished HTTP/2 GET https://localhost:7186/api/TestLevel/test/5 - 200 null application/json; charset=utf-8 80.9285ms
2025-11-11 14:44:31.777 +05:30 [INF] Request starting HTTP/2 OPTIONS https://localhost:7186/api/Category - null null
2025-11-11 14:44:31.779 +05:30 [INF] Request starting HTTP/2 OPTIONS https://localhost:7186/api/Category - null null
2025-11-11 14:44:31.787 +05:30 [INF] CORS policy execution successful.
2025-11-11 14:44:31.806 +05:30 [INF] CORS policy execution successful.
2025-11-11 14:44:31.810 +05:30 [INF] Request finished HTTP/2 OPTIONS https://localhost:7186/api/Category - 204 null null 33.6396ms
2025-11-11 14:44:31.815 +05:30 [INF] Request starting HTTP/2 GET https://localhost:7186/api/Category - null null
2025-11-11 14:44:31.812 +05:30 [INF] Request finished HTTP/2 OPTIONS https://localhost:7186/api/Category - 204 null null 33.1808ms
2025-11-11 14:44:31.838 +05:30 [INF] CORS policy execution successful.
2025-11-11 14:44:31.854 +05:30 [INF] Executing endpoint 'SkillAssessmentPortal.Controllers.CategoryController.GetAll (SkillAssesmentPortal)'
2025-11-11 14:44:31.858 +05:30 [INF] Route matched with {action = "GetAll", controller = "Category"}. Executing controller action with signature System.Threading.Tasks.Task`1[Microsoft.AspNetCore.Mvc.IActionResult] GetAll() on controller SkillAssessmentPortal.Controllers.CategoryController (SkillAssesmentPortal).
2025-11-11 14:44:31.865 +05:30 [INF] GET /api/Category - Fetching all categories
2025-11-11 14:44:31.869 +05:30 [INF] Fetching all categories from database
2025-11-11 14:44:31.877 +05:30 [INF] Executed DbCommand (3ms) [Parameters=[], CommandType='"Text"', CommandTimeout='30']
SELECT [c].[CategoryId], [c].[CategoryName], [c].[Description]
FROM [Categories] AS [c]
2025-11-11 14:44:31.886 +05:30 [INF] Successfully retrieved 4 categories
2025-11-11 14:44:31.891 +05:30 [INF] Successfully retrieved 4 categories
2025-11-11 14:44:31.895 +05:30 [INF] Executing OkObjectResult, writing value of type 'System.Linq.Enumerable+SelectListIterator`2[[SkillAssessmentPortal.Models.Category, SkillAssesmentPortal, Version=1.0.0.0, Culture=neutral, PublicKeyToken=null],[SkillAssessmentPortal.DTOs.Category.CategoryResponseDto, SkillAssesmentPortal, Version=1.0.0.0, Culture=neutral, PublicKeyToken=null]]'.
2025-11-11 14:44:31.900 +05:30 [INF] Executed action SkillAssessmentPortal.Controllers.CategoryController.GetAll (SkillAssesmentPortal) in 35.2023ms
2025-11-11 14:44:31.905 +05:30 [INF] Request starting HTTP/2 GET https://localhost:7186/api/Category - null null
2025-11-11 14:44:31.907 +05:30 [INF] Executed endpoint 'SkillAssessmentPortal.Controllers.CategoryController.GetAll (SkillAssesmentPortal)'
2025-11-11 14:44:31.918 +05:30 [INF] CORS policy execution successful.
2025-11-11 14:44:31.922 +05:30 [INF] Request finished HTTP/2 GET https://localhost:7186/api/Category - 200 null application/json; charset=utf-8 107.2602ms
2025-11-11 14:44:31.926 +05:30 [INF] Executing endpoint 'SkillAssessmentPortal.Controllers.CategoryController.GetAll (SkillAssesmentPortal)'
2025-11-11 14:44:31.941 +05:30 [INF] Route matched with {action = "GetAll", controller = "Category"}. Executing controller action with signature System.Threading.Tasks.Task`1[Microsoft.AspNetCore.Mvc.IActionResult] GetAll() on controller SkillAssessmentPortal.Controllers.CategoryController (SkillAssesmentPortal).
2025-11-11 14:44:31.948 +05:30 [INF] GET /api/Category - Fetching all categories
2025-11-11 14:44:31.950 +05:30 [INF] Fetching all categories from database
2025-11-11 14:44:31.956 +05:30 [INF] Executed DbCommand (2ms) [Parameters=[], CommandType='"Text"', CommandTimeout='30']
SELECT [c].[CategoryId], [c].[CategoryName], [c].[Description]
FROM [Categories] AS [c]
2025-11-11 14:44:31.967 +05:30 [INF] Successfully retrieved 4 categories
2025-11-11 14:44:31.971 +05:30 [INF] Successfully retrieved 4 categories
2025-11-11 14:44:31.974 +05:30 [INF] Executing OkObjectResult, writing value of type 'System.Linq.Enumerable+SelectListIterator`2[[SkillAssessmentPortal.Models.Category, SkillAssesmentPortal, Version=1.0.0.0, Culture=neutral, PublicKeyToken=null],[SkillAssessmentPortal.DTOs.Category.CategoryResponseDto, SkillAssesmentPortal, Version=1.0.0.0, Culture=neutral, PublicKeyToken=null]]'.
2025-11-11 14:44:31.980 +05:30 [INF] Executed action SkillAssessmentPortal.Controllers.CategoryController.GetAll (SkillAssesmentPortal) in 32.9241ms
2025-11-11 14:44:31.986 +05:30 [INF] Executed endpoint 'SkillAssessmentPortal.Controllers.CategoryController.GetAll (SkillAssesmentPortal)'
2025-11-11 14:44:31.991 +05:30 [INF] Request finished HTTP/2 GET https://localhost:7186/api/Category - 200 null application/json; charset=utf-8 87.9216ms
2025-11-11 14:48:39.799 +05:30 [INF] Request starting HTTP/2 OPTIONS https://localhost:7186/api/Test/category/6 - null null
2025-11-11 14:48:39.826 +05:30 [INF] CORS policy execution successful.
2025-11-11 14:48:39.831 +05:30 [INF] Request finished HTTP/2 OPTIONS https://localhost:7186/api/Test/category/6 - 204 null null 44.3518ms
2025-11-11 14:48:39.863 +05:30 [INF] Request starting HTTP/2 GET https://localhost:7186/api/Test/category/6 - null null
2025-11-11 14:48:39.870 +05:30 [INF] CORS policy execution successful.
2025-11-11 14:48:39.887 +05:30 [INF] Executing endpoint 'SkillAssessmentPortal.Controllers.TestController.GetTestsByCategory (SkillAssesmentPortal)'
2025-11-11 14:48:39.897 +05:30 [INF] Route matched with {action = "GetTestsByCategory", controller = "Test"}. Executing controller action with signature System.Threading.Tasks.Task`1[Microsoft.AspNetCore.Mvc.IActionResult] GetTestsByCategory(Int32) on controller SkillAssessmentPortal.Controllers.TestController (SkillAssesmentPortal).
2025-11-11 14:48:39.955 +05:30 [INF] GET /api/Test/category/6 - Fetching tests by category
2025-11-11 14:48:39.959 +05:30 [INF] Fetching tests for CategoryId: 6
2025-11-11 14:48:39.963 +05:30 [INF] Fetching all tests from database
2025-11-11 14:48:40.255 +05:30 [INF] Executed DbCommand (60ms) [Parameters=[], CommandType='"Text"', CommandTimeout='30']
SELECT [t].[TestId], [t].[CategoryId], [t].[CreatedAt], [t].[CreatedBy], [t].[DurationMins], [t].[TestName], [t].[TotalMarks], [t].[TotalQuestions], [c].[CategoryId], [c].[CategoryName], [c].[Description], [u].[UserId], [u].[CreatedAt], [u].[Email], [u].[Name], [u].[PasswordHash], [u].[Role]
FROM [Tests] AS [t]
INNER JOIN [Categories] AS [c] ON [t].[CategoryId] = [c].[CategoryId]
INNER JOIN [Users] AS [u] ON [t].[CreatedBy] = [u].[UserId]
2025-11-11 14:48:40.285 +05:30 [INF] Successfully retrieved 4 tests
2025-11-11 14:48:40.290 +05:30 [INF] Found 1 tests for CategoryId: 6
2025-11-11 14:48:40.295 +05:30 [INF] Successfully retrieved 1 tests for CategoryId: 6
2025-11-11 14:48:40.303 +05:30 [INF] Executing OkObjectResult, writing value of type 'System.Collections.Generic.List`1[[SkillAssessmentPortal.DTOs.Test.TestResponseDto, SkillAssesmentPortal, Version=1.0.0.0, Culture=neutral, PublicKeyToken=null]]'.
2025-11-11 14:48:40.316 +05:30 [INF] Executed action SkillAssessmentPortal.Controllers.TestController.GetTestsByCategory (SkillAssesmentPortal) in 412.8769ms
2025-11-11 14:48:40.321 +05:30 [INF] Executed endpoint 'SkillAssessmentPortal.Controllers.TestController.GetTestsByCategory (SkillAssesmentPortal)'
2025-11-11 14:48:40.326 +05:30 [INF] Request finished HTTP/2 GET https://localhost:7186/api/Test/category/6 - 200 null application/json; charset=utf-8 463.7908ms
2025-11-11 14:48:44.723 +05:30 [INF] Request starting HTTP/2 OPTIONS https://localhost:7186/api/TestLevel/test/6 - null null
2025-11-11 14:48:44.724 +05:30 [INF] Request starting HTTP/2 OPTIONS https://localhost:7186/api/TestLevel/test/6 - null null
2025-11-11 14:48:44.730 +05:30 [INF] CORS policy execution successful.
2025-11-11 14:48:44.735 +05:30 [INF] CORS policy execution successful.
2025-11-11 14:48:44.736 +05:30 [INF] Request finished HTTP/2 OPTIONS https://localhost:7186/api/TestLevel/test/6 - 204 null null 13.9337ms
2025-11-11 14:48:44.738 +05:30 [INF] Request finished HTTP/2 OPTIONS https://localhost:7186/api/TestLevel/test/6 - 204 null null 14.1735ms
2025-11-11 14:48:44.740 +05:30 [INF] Request starting HTTP/2 GET https://localhost:7186/api/TestLevel/test/6 - null null
2025-11-11 14:48:44.762 +05:30 [INF] CORS policy execution successful.
2025-11-11 14:48:44.768 +05:30 [INF] Executing endpoint 'SkillAssessmentPortal.Controllers.TestLevelController.GetTestLevelsByTest (SkillAssesmentPortal)'
2025-11-11 14:48:44.771 +05:30 [INF] Route matched with {action = "GetTestLevelsByTest", controller = "TestLevel"}. Executing controller action with signature System.Threading.Tasks.Task`1[Microsoft.AspNetCore.Mvc.IActionResult] GetTestLevelsByTest(Int32) on controller SkillAssessmentPortal.Controllers.TestLevelController (SkillAssesmentPortal).
2025-11-11 14:48:44.786 +05:30 [INF] GET /api/TestLevel/test/6 - Fetching test levels by test
2025-11-11 14:48:44.798 +05:30 [INF] Fetching test levels for TestId: 6
2025-11-11 14:48:44.800 +05:30 [INF] Fetching test levels for TestId: 6
2025-11-11 14:48:45.036 +05:30 [INF] Executed DbCommand (214ms) [Parameters=[@__testId_0='?' (DbType = Int32)], CommandType='"Text"', CommandTimeout='30']
SELECT [t].[TestLevelId], [t].[DurationMins], [t].[LevelName], [t].[PassingScore], [t].[TestId], [t].[VideoLink], [q].[QuestionId], [q].[CorrectOption], [q].[OptionA], [q].[OptionB], [q].[OptionC], [q].[OptionD], [q].[QuestionText], [q].[TestLevelId]
FROM [TestLevels] AS [t]
LEFT JOIN [Questions] AS [q] ON [t].[TestLevelId] = [q].[TestLevelId]
WHERE [t].[TestId] = @__testId_0
ORDER BY [t].[TestLevelId]
2025-11-11 14:48:45.054 +05:30 [INF] Retrieved 3 test levels for TestId: 6
2025-11-11 14:48:45.059 +05:30 [INF] Successfully retrieved 3 test levels for TestId: 6
2025-11-11 14:48:45.063 +05:30 [INF] Successfully retrieved 3 test levels for TestId: 6
2025-11-11 14:48:45.069 +05:30 [INF] Executing OkObjectResult, writing value of type 'System.Linq.OrderedEnumerable`2[[SkillAssessmentPortal.DTOs.TestLevel.TestLevelResponseDto, SkillAssesmentPortal, Version=1.0.0.0, Culture=neutral, PublicKeyToken=null],[System.String, System.Private.CoreLib, Version=8.0.0.0, Culture=neutral, PublicKeyToken=7cec85d7bea7798e]]'.
2025-11-11 14:48:45.080 +05:30 [INF] Executed action SkillAssessmentPortal.Controllers.TestLevelController.GetTestLevelsByTest (SkillAssesmentPortal) in 299.1375ms
2025-11-11 14:48:45.084 +05:30 [INF] Request starting HTTP/2 GET https://localhost:7186/api/TestLevel/test/6 - null null
2025-11-11 14:48:45.084 +05:30 [INF] Executed endpoint 'SkillAssessmentPortal.Controllers.TestLevelController.GetTestLevelsByTest (SkillAssesmentPortal)'
2025-11-11 14:48:45.093 +05:30 [INF] CORS policy execution successful.
2025-11-11 14:48:45.097 +05:30 [INF] Request finished HTTP/2 GET https://localhost:7186/api/TestLevel/test/6 - 200 null application/json; charset=utf-8 356.8036ms
2025-11-11 14:48:45.100 +05:30 [INF] Executing endpoint 'SkillAssessmentPortal.Controllers.TestLevelController.GetTestLevelsByTest (SkillAssesmentPortal)'
2025-11-11 14:48:45.121 +05:30 [INF] Route matched with {action = "GetTestLevelsByTest", controller = "TestLevel"}. Executing controller action with signature System.Threading.Tasks.Task`1[Microsoft.AspNetCore.Mvc.IActionResult] GetTestLevelsByTest(Int32) on controller SkillAssessmentPortal.Controllers.TestLevelController (SkillAssesmentPortal).
2025-11-11 14:48:45.124 +05:30 [INF] GET /api/TestLevel/test/6 - Fetching test levels by test
2025-11-11 14:48:45.126 +05:30 [INF] Fetching test levels for TestId: 6
2025-11-11 14:48:45.128 +05:30 [INF] Fetching test levels for TestId: 6
2025-11-11 14:48:45.144 +05:30 [INF] Executed DbCommand (11ms) [Parameters=[@__testId_0='?' (DbType = Int32)], CommandType='"Text"', CommandTimeout='30']
SELECT [t].[TestLevelId], [t].[DurationMins], [t].[LevelName], [t].[PassingScore], [t].[TestId], [t].[VideoLink], [q].[QuestionId], [q].[CorrectOption], [q].[OptionA], [q].[OptionB], [q].[OptionC], [q].[OptionD], [q].[QuestionText], [q].[TestLevelId]
FROM [TestLevels] AS [t]
LEFT JOIN [Questions] AS [q] ON [t].[TestLevelId] = [q].[TestLevelId]
WHERE [t].[TestId] = @__testId_0
ORDER BY [t].[TestLevelId]
2025-11-11 14:48:45.160 +05:30 [INF] Retrieved 3 test levels for TestId: 6
2025-11-11 14:48:45.163 +05:30 [INF] Successfully retrieved 3 test levels for TestId: 6
2025-11-11 14:48:45.169 +05:30 [INF] Successfully retrieved 3 test levels for TestId: 6
2025-11-11 14:48:45.173 +05:30 [INF] Executing OkObjectResult, writing value of type 'System.Linq.OrderedEnumerable`2[[SkillAssessmentPortal.DTOs.TestLevel.TestLevelResponseDto, SkillAssesmentPortal, Version=1.0.0.0, Culture=neutral, PublicKeyToken=null],[System.String, System.Private.CoreLib, Version=8.0.0.0, Culture=neutral, PublicKeyToken=7cec85d7bea7798e]]'.
2025-11-11 14:48:45.178 +05:30 [INF] Executed action SkillAssessmentPortal.Controllers.TestLevelController.GetTestLevelsByTest (SkillAssesmentPortal) in 54.8397ms
2025-11-11 14:48:45.181 +05:30 [INF] Executed endpoint 'SkillAssessmentPortal.Controllers.TestLevelController.GetTestLevelsByTest (SkillAssesmentPortal)'
2025-11-11 14:48:45.185 +05:30 [INF] Request finished HTTP/2 GET https://localhost:7186/api/TestLevel/test/6 - 200 null application/json; charset=utf-8 102.5104ms
2025-11-11 14:50:12.977 +05:30 [INF] Request starting HTTP/2 OPTIONS https://localhost:7186/api/Question/testlevel/14 - null null
2025-11-11 14:50:12.977 +05:30 [INF] Request starting HTTP/2 OPTIONS https://localhost:7186/api/Question/testlevel/14 - null null
2025-11-11 14:50:13.016 +05:30 [INF] CORS policy execution successful.
2025-11-11 14:50:13.024 +05:30 [INF] CORS policy execution successful.
2025-11-11 14:50:13.027 +05:30 [INF] Request finished HTTP/2 OPTIONS https://localhost:7186/api/Question/testlevel/14 - 204 null null 49.8174ms
2025-11-11 14:50:13.029 +05:30 [INF] Request finished HTTP/2 OPTIONS https://localhost:7186/api/Question/testlevel/14 - 204 null null 52.3239ms
2025-11-11 14:50:13.033 +05:30 [INF] Request starting HTTP/2 GET https://localhost:7186/api/Question/testlevel/14 - null null
2025-11-11 14:50:13.064 +05:30 [INF] CORS policy execution successful.
2025-11-11 14:50:13.070 +05:30 [INF] Executing endpoint 'SkillAssessmentPortal.Controllers.QuestionController.GetQuestionsByTestLevel (SkillAssesmentPortal)'
2025-11-11 14:50:13.073 +05:30 [INF] Route matched with {action = "GetQuestionsByTestLevel", controller = "Question"}. Executing controller action with signature System.Threading.Tasks.Task`1[Microsoft.AspNetCore.Mvc.IActionResult] GetQuestionsByTestLevel(Int32) on controller SkillAssessmentPortal.Controllers.QuestionController (SkillAssesmentPortal).
2025-11-11 14:50:13.091 +05:30 [INF] GET Questions by TestLevelId: 14
2025-11-11 14:50:13.128 +05:30 [INF] Executed DbCommand (22ms) [Parameters=[@__testLevelId_0='?' (DbType = Int32)], CommandType='"Text"', CommandTimeout='30']
SELECT [q].[QuestionId], [q].[CorrectOption], [q].[OptionA], [q].[OptionB], [q].[OptionC], [q].[OptionD], [q].[QuestionText], [q].[TestLevelId]
FROM [Questions] AS [q]
WHERE [q].[TestLevelId] = @__testLevelId_0
2025-11-11 14:50:13.139 +05:30 [INF] Retrieved 10 questions for TestLevelId: 14
2025-11-11 14:50:13.143 +05:30 [INF] Executing OkObjectResult, writing value of type 'System.Linq.Enumerable+SelectListIterator`2[[Question, SkillAssesmentPortal, Version=1.0.0.0, Culture=neutral, PublicKeyToken=null],[SkillAssessmentPortal.DTOs.Question.QuestionResponseDto, SkillAssesmentPortal, Version=1.0.0.0, Culture=neutral, PublicKeyToken=null]]'.
2025-11-11 14:50:13.148 +05:30 [INF] Executed action SkillAssessmentPortal.Controllers.QuestionController.GetQuestionsByTestLevel (SkillAssesmentPortal) in 61.3343ms
2025-11-11 14:50:13.151 +05:30 [INF] Request starting HTTP/2 GET https://localhost:7186/api/Question/testlevel/14 - null null
2025-11-11 14:50:13.153 +05:30 [INF] Executed endpoint 'SkillAssessmentPortal.Controllers.QuestionController.GetQuestionsByTestLevel (SkillAssesmentPortal)'
2025-11-11 14:50:13.162 +05:30 [INF] CORS policy execution successful.
2025-11-11 14:50:13.167 +05:30 [INF] Request finished HTTP/2 GET https://localhost:7186/api/Question/testlevel/14 - 200 null application/json; charset=utf-8 135.0747ms
2025-11-11 14:50:13.171 +05:30 [INF] Request starting HTTP/2 OPTIONS https://localhost:7186/api/TestLevel/14 - null null
2025-11-11 14:50:13.171 +05:30 [INF] Executing endpoint 'SkillAssessmentPortal.Controllers.QuestionController.GetQuestionsByTestLevel (SkillAssesmentPortal)'
2025-11-11 14:50:13.186 +05:30 [INF] CORS policy execution successful.
2025-11-11 14:50:13.188 +05:30 [INF] Route matched with {action = "GetQuestionsByTestLevel", controller = "Question"}. Executing controller action with signature System.Threading.Tasks.Task`1[Microsoft.AspNetCore.Mvc.IActionResult] GetQuestionsByTestLevel(Int32) on controller SkillAssessmentPortal.Controllers.QuestionController (SkillAssesmentPortal).
2025-11-11 14:50:13.189 +05:30 [INF] Request finished HTTP/2 OPTIONS https://localhost:7186/api/TestLevel/14 - 204 null null 18.1915ms
2025-11-11 14:50:13.196 +05:30 [INF] GET Questions by TestLevelId: 14
2025-11-11 14:50:13.198 +05:30 [INF] Request starting HTTP/2 GET https://localhost:7186/api/TestLevel/14 - null null
2025-11-11 14:50:13.224 +05:30 [INF] Executed DbCommand (12ms) [Parameters=[@__testLevelId_0='?' (DbType = Int32)], CommandType='"Text"', CommandTimeout='30']
SELECT [q].[QuestionId], [q].[CorrectOption], [q].[OptionA], [q].[OptionB], [q].[OptionC], [q].[OptionD], [q].[QuestionText], [q].[TestLevelId]
FROM [Questions] AS [q]
WHERE [q].[TestLevelId] = @__testLevelId_0
2025-11-11 14:50:13.225 +05:30 [INF] CORS policy execution successful.
2025-11-11 14:50:13.233 +05:30 [INF] Retrieved 10 questions for TestLevelId: 14
2025-11-11 14:50:13.239 +05:30 [INF] Request finished HTTP/2 GET https://localhost:7186/api/TestLevel/14 - 404 0 null 41.6796ms
2025-11-11 14:50:13.240 +05:30 [INF] Executing OkObjectResult, writing value of type 'System.Linq.Enumerable+SelectListIterator`2[[Question, SkillAssesmentPortal, Version=1.0.0.0, Culture=neutral, PublicKeyToken=null],[SkillAssessmentPortal.DTOs.Question.QuestionResponseDto, SkillAssesmentPortal, Version=1.0.0.0, Culture=neutral, PublicKeyToken=null]]'.
2025-11-11 14:50:13.253 +05:30 [INF] Request reached the end of the middleware pipeline without being handled by application code. Request path: GET https://localhost:7186/api/TestLevel/14, Response status code: 404
2025-11-11 14:50:13.253 +05:30 [INF] Executed action SkillAssessmentPortal.Controllers.QuestionController.GetQuestionsByTestLevel (SkillAssesmentPortal) in 58.5639ms
2025-11-11 14:50:13.264 +05:30 [INF] Executed endpoint 'SkillAssessmentPortal.Controllers.QuestionController.GetQuestionsByTestLevel (SkillAssesmentPortal)'
2025-11-11 14:50:13.267 +05:30 [INF] Request finished HTTP/2 GET https://localhost:7186/api/Question/testlevel/14 - 200 null application/json; charset=utf-8 116.4505ms
2025-11-11 14:50:13.270 +05:30 [INF] Request starting HTTP/2 GET https://localhost:7186/api/TestLevel/14 - null null
2025-11-11 14:50:13.284 +05:30 [INF] CORS policy execution successful.
2025-11-11 14:50:13.288 +05:30 [INF] Request finished HTTP/2 GET https://localhost:7186/api/TestLevel/14 - 404 0 null 18.3827ms
2025-11-11 14:50:13.300 +05:30 [INF] Request reached the end of the middleware pipeline without being handled by application code. Request path: GET https://localhost:7186/api/TestLevel/14, Response status code: 404
2025-11-11 14:52:34.221 +05:30 [INF] Request starting HTTP/2 OPTIONS https://localhost:7186/api/TestLevel/test/6 - null null
2025-11-11 14:52:34.221 +05:30 [INF] Request starting HTTP/2 OPTIONS https://localhost:7186/api/TestLevel/test/6 - null null
2025-11-11 14:52:34.235 +05:30 [INF] CORS policy execution successful.
2025-11-11 14:52:34.237 +05:30 [INF] CORS policy execution successful.
2025-11-11 14:52:34.240 +05:30 [INF] Request finished HTTP/2 OPTIONS https://localhost:7186/api/TestLevel/test/6 - 204 null null 21.5537ms
2025-11-11 14:52:34.242 +05:30 [INF] Request finished HTTP/2 OPTIONS https://localhost:7186/api/TestLevel/test/6 - 204 null null 24.1116ms
2025-11-11 14:52:34.258 +05:30 [INF] Request starting HTTP/2 GET https://localhost:7186/api/TestLevel/test/6 - null null
2025-11-11 14:52:34.296 +05:30 [INF] CORS policy execution successful.
2025-11-11 14:52:34.309 +05:30 [INF] Executing endpoint 'SkillAssessmentPortal.Controllers.TestLevelController.GetTestLevelsByTest (SkillAssesmentPortal)'
2025-11-11 14:52:34.317 +05:30 [INF] Route matched with {action = "GetTestLevelsByTest", controller = "TestLevel"}. Executing controller action with signature System.Threading.Tasks.Task`1[Microsoft.AspNetCore.Mvc.IActionResult] GetTestLevelsByTest(Int32) on controller SkillAssessmentPortal.Controllers.TestLevelController (SkillAssesmentPortal).
2025-11-11 14:52:34.337 +05:30 [INF] GET /api/TestLevel/test/6 - Fetching test levels by test
2025-11-11 14:52:34.344 +05:30 [INF] Fetching test levels for TestId: 6
2025-11-11 14:52:34.349 +05:30 [INF] Fetching test levels for TestId: 6
2025-11-11 14:52:34.427 +05:30 [INF] Executed DbCommand (37ms) [Parameters=[@__testId_0='?' (DbType = Int32)], CommandType='"Text"', CommandTimeout='30']
SELECT [t].[TestLevelId], [t].[DurationMins], [t].[LevelName], [t].[PassingScore], [t].[TestId], [t].[VideoLink], [q].[QuestionId], [q].[CorrectOption], [q].[OptionA], [q].[OptionB], [q].[OptionC], [q].[OptionD], [q].[QuestionText], [q].[TestLevelId]
FROM [TestLevels] AS [t]
LEFT JOIN [Questions] AS [q] ON [t].[TestLevelId] = [q].[TestLevelId]
WHERE [t].[TestId] = @__testId_0
ORDER BY [t].[TestLevelId]
2025-11-11 14:52:34.442 +05:30 [INF] Retrieved 3 test levels for TestId: 6
2025-11-11 14:52:34.444 +05:30 [INF] Successfully retrieved 3 test levels for TestId: 6
2025-11-11 14:52:34.447 +05:30 [INF] Successfully retrieved 3 test levels for TestId: 6
2025-11-11 14:52:34.452 +05:30 [INF] Executing OkObjectResult, writing value of type 'System.Linq.OrderedEnumerable`2[[SkillAssessmentPortal.DTOs.TestLevel.TestLevelResponseDto, SkillAssesmentPortal, Version=1.0.0.0, Culture=neutral, PublicKeyToken=null],[System.String, System.Private.CoreLib, Version=8.0.0.0, Culture=neutral, PublicKeyToken=7cec85d7bea7798e]]'.
2025-11-11 14:52:34.460 +05:30 [INF] Executed action SkillAssessmentPortal.Controllers.TestLevelController.GetTestLevelsByTest (SkillAssesmentPortal) in 136.7306ms
2025-11-11 14:52:34.463 +05:30 [INF] Executed endpoint 'SkillAssessmentPortal.Controllers.TestLevelController.GetTestLevelsByTest (SkillAssesmentPortal)'
2025-11-11 14:52:34.464 +05:30 [INF] Request starting HTTP/2 GET https://localhost:7186/api/TestLevel/test/6 - null null
2025-11-11 14:52:34.468 +05:30 [INF] Request finished HTTP/2 GET https://localhost:7186/api/TestLevel/test/6 - 200 null application/json; charset=utf-8 210.4379ms
2025-11-11 14:52:34.477 +05:30 [INF] CORS policy execution successful.
2025-11-11 14:52:34.483 +05:30 [INF] Executing endpoint 'SkillAssessmentPortal.Controllers.TestLevelController.GetTestLevelsByTest (SkillAssesmentPortal)'
2025-11-11 14:52:34.484 +05:30 [INF] Route matched with {action = "GetTestLevelsByTest", controller = "TestLevel"}. Executing controller action with signature System.Threading.Tasks.Task`1[Microsoft.AspNetCore.Mvc.IActionResult] GetTestLevelsByTest(Int32) on controller SkillAssessmentPortal.Controllers.TestLevelController (SkillAssesmentPortal).
2025-11-11 14:52:34.488 +05:30 [INF] GET /api/TestLevel/test/6 - Fetching test levels by test
2025-11-11 14:52:34.490 +05:30 [INF] Fetching test levels for TestId: 6
2025-11-11 14:52:34.492 +05:30 [INF] Fetching test levels for TestId: 6
2025-11-11 14:52:34.501 +05:30 [INF] Executed DbCommand (2ms) [Parameters=[@__testId_0='?' (DbType = Int32)], CommandType='"Text"', CommandTimeout='30']
SELECT [t].[TestLevelId], [t].[DurationMins], [t].[LevelName], [t].[PassingScore], [t].[TestId], [t].[VideoLink], [q].[QuestionId], [q].[CorrectOption], [q].[OptionA], [q].[OptionB], [q].[OptionC], [q].[OptionD], [q].[QuestionText], [q].[TestLevelId]
FROM [TestLevels] AS [t]
LEFT JOIN [Questions] AS [q] ON [t].[TestLevelId] = [q].[TestLevelId]
WHERE [t].[TestId] = @__testId_0
ORDER BY [t].[TestLevelId]
2025-11-11 14:52:34.514 +05:30 [INF] Retrieved 3 test levels for TestId: 6
2025-11-11 14:52:34.517 +05:30 [INF] Successfully retrieved 3 test levels for TestId: 6
2025-11-11 14:52:34.520 +05:30 [INF] Successfully retrieved 3 test levels for TestId: 6
2025-11-11 14:52:34.523 +05:30 [INF] Executing OkObjectResult, writing value of type 'System.Linq.OrderedEnumerable`2[[SkillAssessmentPortal.DTOs.TestLevel.TestLevelResponseDto, SkillAssesmentPortal, Version=1.0.0.0, Culture=neutral, PublicKeyToken=null],[System.String, System.Private.CoreLib, Version=8.0.0.0, Culture=neutral, PublicKeyToken=7cec85d7bea7798e]]'.
2025-11-11 14:52:34.530 +05:30 [INF] Executed action SkillAssessmentPortal.Controllers.TestLevelController.GetTestLevelsByTest (SkillAssesmentPortal) in 42.3791ms
2025-11-11 14:52:34.535 +05:30 [INF] Executed endpoint 'SkillAssessmentPortal.Controllers.TestLevelController.GetTestLevelsByTest (SkillAssesmentPortal)'
2025-11-11 14:52:34.539 +05:30 [INF] Request finished HTTP/2 GET https://localhost:7186/api/TestLevel/test/6 - 200 null application/json; charset=utf-8 75.6304ms
2025-11-11 14:52:34.887 +05:30 [INF] Request starting HTTP/2 OPTIONS https://localhost:7186/api/Category - null null
2025-11-11 14:52:34.894 +05:30 [INF] Request starting HTTP/2 OPTIONS https://localhost:7186/api/Category - null null
2025-11-11 14:52:34.904 +05:30 [INF] CORS policy execution successful.
2025-11-11 14:52:34.912 +05:30 [INF] CORS policy execution successful.
2025-11-11 14:52:34.914 +05:30 [INF] Request finished HTTP/2 OPTIONS https://localhost:7186/api/Category - 204 null null 27.1055ms
2025-11-11 14:52:34.916 +05:30 [INF] Request finished HTTP/2 OPTIONS https://localhost:7186/api/Category - 204 null null 25.3072ms
2025-11-11 14:52:34.920 +05:30 [INF] Request starting HTTP/2 GET https://localhost:7186/api/Category - null null
2025-11-11 14:52:34.948 +05:30 [INF] CORS policy execution successful.
2025-11-11 14:52:34.961 +05:30 [INF] Executing endpoint 'SkillAssessmentPortal.Controllers.CategoryController.GetAll (SkillAssesmentPortal)'
2025-11-11 14:52:34.965 +05:30 [INF] Route matched with {action = "GetAll", controller = "Category"}. Executing controller action with signature System.Threading.Tasks.Task`1[Microsoft.AspNetCore.Mvc.IActionResult] GetAll() on controller SkillAssessmentPortal.Controllers.CategoryController (SkillAssesmentPortal).
2025-11-11 14:52:34.971 +05:30 [INF] GET /api/Category - Fetching all categories
2025-11-11 14:52:34.974 +05:30 [INF] Fetching all categories from database
2025-11-11 14:52:34.997 +05:30 [INF] Executed DbCommand (16ms) [Parameters=[], CommandType='"Text"', CommandTimeout='30']
SELECT [c].[CategoryId], [c].[CategoryName], [c].[Description]
FROM [Categories] AS [c]
2025-11-11 14:52:35.005 +05:30 [INF] Successfully retrieved 4 categories
2025-11-11 14:52:35.031 +05:30 [INF] Successfully retrieved 4 categories
2025-11-11 14:52:35.065 +05:30 [INF] Executing OkObjectResult, writing value of type 'System.Linq.Enumerable+SelectListIterator`2[[SkillAssessmentPortal.Models.Category, SkillAssesmentPortal, Version=1.0.0.0, Culture=neutral, PublicKeyToken=null],[SkillAssessmentPortal.DTOs.Category.CategoryResponseDto, SkillAssesmentPortal, Version=1.0.0.0, Culture=neutral, PublicKeyToken=null]]'.
2025-11-11 14:52:35.075 +05:30 [INF] Executed action SkillAssessmentPortal.Controllers.CategoryController.GetAll (SkillAssesmentPortal) in 106.3654ms
2025-11-11 14:52:35.080 +05:30 [INF] Request starting HTTP/2 GET https://localhost:7186/api/Category - null null
2025-11-11 14:52:35.082 +05:30 [INF] Executed endpoint 'SkillAssessmentPortal.Controllers.CategoryController.GetAll (SkillAssesmentPortal)'
2025-11-11 14:52:35.097 +05:30 [INF] CORS policy execution successful.
2025-11-11 14:52:35.103 +05:30 [INF] Request finished HTTP/2 GET https://localhost:7186/api/Category - 200 null application/json; charset=utf-8 183.3015ms
2025-11-11 14:52:35.117 +05:30 [INF] Executing endpoint 'SkillAssessmentPortal.Controllers.CategoryController.GetAll (SkillAssesmentPortal)'
2025-11-11 14:52:35.144 +05:30 [INF] Route matched with {action = "GetAll", controller = "Category"}. Executing controller action with signature System.Threading.Tasks.Task`1[Microsoft.AspNetCore.Mvc.IActionResult] GetAll() on controller SkillAssessmentPortal.Controllers.CategoryController (SkillAssesmentPortal).
2025-11-11 14:52:35.152 +05:30 [INF] GET /api/Category - Fetching all categories
2025-11-11 14:52:35.157 +05:30 [INF] Fetching all categories from database
2025-11-11 14:52:35.179 +05:30 [INF] Executed DbCommand (11ms) [Parameters=[], CommandType='"Text"', CommandTimeout='30']
SELECT [c].[CategoryId], [c].[CategoryName], [c].[Description]
FROM [Categories] AS [c]
2025-11-11 14:52:35.188 +05:30 [INF] Successfully retrieved 4 categories
2025-11-11 14:52:35.192 +05:30 [INF] Successfully retrieved 4 categories
2025-11-11 14:52:35.197 +05:30 [INF] Executing OkObjectResult, writing value of type 'System.Linq.Enumerable+SelectListIterator`2[[SkillAssessmentPortal.Models.Category, SkillAssesmentPortal, Version=1.0.0.0, Culture=neutral, PublicKeyToken=null],[SkillAssessmentPortal.DTOs.Category.CategoryResponseDto, SkillAssesmentPortal, Version=1.0.0.0, Culture=neutral, PublicKeyToken=null]]'.
2025-11-11 14:52:35.203 +05:30 [INF] Executed action SkillAssessmentPortal.Controllers.CategoryController.GetAll (SkillAssesmentPortal) in 51.8915ms
2025-11-11 14:52:35.206 +05:30 [INF] Executed endpoint 'SkillAssessmentPortal.Controllers.CategoryController.GetAll (SkillAssesmentPortal)'
2025-11-11 14:52:35.212 +05:30 [INF] Request finished HTTP/2 GET https://localhost:7186/api/Category - 200 null application/json; charset=utf-8 134.2629ms
2025-11-11 16:47:38.046 +05:30 [INF] Request starting HTTP/2 OPTIONS https://localhost:7186/api/Test - null null
2025-11-11 16:47:38.046 +05:30 [INF] Request starting HTTP/2 OPTIONS https://localhost:7186/api/Test - null null
2025-11-11 16:47:38.046 +05:30 [INF] Request starting HTTP/2 OPTIONS https://localhost:7186/api/Test - null null
2025-11-11 16:47:38.046 +05:30 [INF] Request starting HTTP/2 OPTIONS https://localhost:7186/api/Category - null null
2025-11-11 16:47:38.046 +05:30 [INF] Request starting HTTP/2 OPTIONS https://localhost:7186/api/Category - null null
2025-11-11 16:47:38.081 +05:30 [INF] Request starting HTTP/2 OPTIONS https://localhost:7186/api/Test - null null
2025-11-11 16:47:38.124 +05:30 [INF] CORS policy execution successful.
2025-11-11 16:47:38.125 +05:30 [INF] CORS policy execution successful.
2025-11-11 16:47:38.125 +05:30 [INF] CORS policy execution successful.
2025-11-11 16:47:38.125 +05:30 [INF] CORS policy execution successful.
2025-11-11 16:47:38.136 +05:30 [INF] CORS policy execution successful.
2025-11-11 16:47:38.146 +05:30 [INF] Request finished HTTP/2 OPTIONS https://localhost:7186/api/Test - 204 null null 174.429ms
2025-11-11 16:47:38.147 +05:30 [INF] Request finished HTTP/2 OPTIONS https://localhost:7186/api/Test - 204 null null 178.218ms
2025-11-11 16:47:38.146 +05:30 [INF] Request finished HTTP/2 OPTIONS https://localhost:7186/api/Category - 204 null null 142.716ms
2025-11-11 16:47:38.163 +05:30 [INF] Request finished HTTP/2 OPTIONS https://localhost:7186/api/Category - 204 null null 195.2066ms
2025-11-11 16:47:38.146 +05:30 [INF] Request finished HTTP/2 OPTIONS https://localhost:7186/api/Test - 204 null null 142.5986ms
2025-11-11 16:47:38.142 +05:30 [INF] CORS policy execution successful.
2025-11-11 16:47:38.173 +05:30 [INF] Request starting HTTP/2 GET https://localhost:7186/api/Category - null null
2025-11-11 16:47:38.186 +05:30 [INF] Request starting HTTP/2 GET https://localhost:7186/api/Test - null null
2025-11-11 16:47:38.221 +05:30 [INF] Request finished HTTP/2 OPTIONS https://localhost:7186/api/Test - 204 null null 139.3737ms
2025-11-11 16:47:38.232 +05:30 [INF] CORS policy execution successful.
2025-11-11 16:47:38.234 +05:30 [INF] CORS policy execution successful.
2025-11-11 16:47:38.275 +05:30 [INF] Executing endpoint 'SkillAssessmentPortal.Controllers.CategoryController.GetAll (SkillAssesmentPortal)'
2025-11-11 16:47:38.276 +05:30 [INF] Executing endpoint 'SkillAssessmentPortal.Controllers.TestController.GetAll (SkillAssesmentPortal)'
2025-11-11 16:47:38.288 +05:30 [INF] Route matched with {action = "GetAll", controller = "Category"}. Executing controller action with signature System.Threading.Tasks.Task`1[Microsoft.AspNetCore.Mvc.IActionResult] GetAll() on controller SkillAssessmentPortal.Controllers.CategoryController (SkillAssesmentPortal).
2025-11-11 16:47:38.326 +05:30 [INF] GET /api/Category - Fetching all categories
2025-11-11 16:47:38.327 +05:30 [INF] Fetching all categories from database
2025-11-11 16:47:38.440 +05:30 [INF] Route matched with {action = "GetAll", controller = "Test"}. Executing controller action with signature System.Threading.Tasks.Task`1[Microsoft.AspNetCore.Mvc.IActionResult] GetAll() on controller SkillAssessmentPortal.Controllers.TestController (SkillAssesmentPortal).
2025-11-11 16:47:38.469 +05:30 [INF] Fetching all tests from database
2025-11-11 16:47:38.565 +05:30 [INF] Executed DbCommand (75ms) [Parameters=[], CommandType='"Text"', CommandTimeout='30']
SELECT [c].[CategoryId], [c].[CategoryName], [c].[Description]
FROM [Categories] AS [c]
2025-11-11 16:47:38.565 +05:30 [INF] Executed DbCommand (52ms) [Parameters=[], CommandType='"Text"', CommandTimeout='30']
SELECT [t].[TestId], [t].[CategoryId], [t].[CreatedAt], [t].[CreatedBy], [t].[DurationMins], [t].[TestName], [t].[TotalMarks], [t].[TotalQuestions], [c].[CategoryId], [c].[CategoryName], [c].[Description], [u].[UserId], [u].[CreatedAt], [u].[Email], [u].[Name], [u].[PasswordHash], [u].[Role]
FROM [Tests] AS [t]
INNER JOIN [Categories] AS [c] ON [t].[CategoryId] = [c].[CategoryId]
INNER JOIN [Users] AS [u] ON [t].[CreatedBy] = [u].[UserId]
2025-11-11 16:47:38.576 +05:30 [INF] Successfully retrieved 4 categories
2025-11-11 16:47:38.577 +05:30 [INF] Successfully retrieved 4 categories
2025-11-11 16:47:38.585 +05:30 [INF] Executing OkObjectResult, writing value of type 'System.Linq.Enumerable+SelectListIterator`2[[SkillAssessmentPortal.Models.Category, SkillAssesmentPortal, Version=1.0.0.0, Culture=neutral, PublicKeyToken=null],[SkillAssessmentPortal.DTOs.Category.CategoryResponseDto, SkillAssesmentPortal, Version=1.0.0.0, Culture=neutral, PublicKeyToken=null]]'.
2025-11-11 16:47:38.592 +05:30 [INF] Successfully retrieved 4 tests
2025-11-11 16:47:38.595 +05:30 [INF] Executed action SkillAssessmentPortal.Controllers.CategoryController.GetAll (SkillAssesmentPortal) in 304.4279ms
2025-11-11 16:47:38.597 +05:30 [INF] Executed endpoint 'SkillAssessmentPortal.Controllers.CategoryController.GetAll (SkillAssesmentPortal)'
2025-11-11 16:47:38.598 +05:30 [INF] Request finished HTTP/2 GET https://localhost:7186/api/Category - 200 null application/json; charset=utf-8 425.518ms
2025-11-11 16:47:38.607 +05:30 [INF] Executing OkObjectResult, writing value of type 'System.Linq.Enumerable+SelectListIterator`2[[SkillAssessmentPortal.Models.Test, SkillAssesmentPortal, Version=1.0.0.0, Culture=neutral, PublicKeyToken=null],[SkillAssessmentPortal.DTOs.Test.TestResponseDto, SkillAssesmentPortal, Version=1.0.0.0, Culture=neutral, PublicKeyToken=null]]'.
2025-11-11 16:47:38.611 +05:30 [INF] Request starting HTTP/2 GET https://localhost:7186/api/Category - null null
2025-11-11 16:47:38.614 +05:30 [INF] CORS policy execution successful.
2025-11-11 16:47:38.615 +05:30 [INF] Executing endpoint 'SkillAssessmentPortal.Controllers.CategoryController.GetAll (SkillAssesmentPortal)'
2025-11-11 16:47:38.615 +05:30 [INF] Route matched with {action = "GetAll", controller = "Category"}. Executing controller action with signature System.Threading.Tasks.Task`1[Microsoft.AspNetCore.Mvc.IActionResult] GetAll() on controller SkillAssessmentPortal.Controllers.CategoryController (SkillAssesmentPortal).
2025-11-11 16:47:38.618 +05:30 [INF] GET /api/Category - Fetching all categories
2025-11-11 16:47:38.619 +05:30 [INF] Fetching all categories from database
2025-11-11 16:47:38.625 +05:30 [INF] Executed DbCommand (3ms) [Parameters=[], CommandType='"Text"', CommandTimeout='30']
SELECT [c].[CategoryId], [c].[CategoryName], [c].[Description]
FROM [Categories] AS [c]
2025-11-11 16:47:38.627 +05:30 [INF] Successfully retrieved 4 categories
2025-11-11 16:47:38.628 +05:30 [INF] Successfully retrieved 4 categories
2025-11-11 16:47:38.629 +05:30 [INF] Executing OkObjectResult, writing value of type 'System.Linq.Enumerable+SelectListIterator`2[[SkillAssessmentPortal.Models.Category, SkillAssesmentPortal, Version=1.0.0.0, Culture=neutral, PublicKeyToken=null],[SkillAssessmentPortal.DTOs.Category.CategoryResponseDto, SkillAssesmentPortal, Version=1.0.0.0, Culture=neutral, PublicKeyToken=null]]'.
2025-11-11 16:47:38.634 +05:30 [INF] Executed action SkillAssessmentPortal.Controllers.CategoryController.GetAll (SkillAssesmentPortal) in 15.9782ms
2025-11-11 16:47:38.635 +05:30 [INF] Executed endpoint 'SkillAssessmentPortal.Controllers.CategoryController.GetAll (SkillAssesmentPortal)'
2025-11-11 16:47:38.636 +05:30 [INF] Request finished HTTP/2 GET https://localhost:7186/api/Category - 200 null application/json; charset=utf-8 25.5771ms
2025-11-11 16:47:38.648 +05:30 [INF] Executed action SkillAssessmentPortal.Controllers.TestController.GetAll (SkillAssesmentPortal) in 206.0376ms
2025-11-11 16:47:38.650 +05:30 [INF] Request starting HTTP/2 GET https://localhost:7186/api/Test - null null
2025-11-11 16:47:38.651 +05:30 [INF] Executed endpoint 'SkillAssessmentPortal.Controllers.TestController.GetAll (SkillAssesmentPortal)'
2025-11-11 16:47:38.653 +05:30 [INF] CORS policy execution successful.
2025-11-11 16:47:38.654 +05:30 [INF] Request finished HTTP/2 GET https://localhost:7186/api/Test - 200 null application/json; charset=utf-8 469.7334ms
2025-11-11 16:47:38.655 +05:30 [INF] Executing endpoint 'SkillAssessmentPortal.Controllers.TestController.GetAll (SkillAssesmentPortal)'
2025-11-11 16:47:38.658 +05:30 [INF] Route matched with {action = "GetAll", controller = "Test"}. Executing controller action with signature System.Threading.Tasks.Task`1[Microsoft.AspNetCore.Mvc.IActionResult] GetAll() on controller SkillAssessmentPortal.Controllers.TestController (SkillAssesmentPortal).
2025-11-11 16:47:38.660 +05:30 [INF] Fetching all tests from database
2025-11-11 16:47:38.670 +05:30 [INF] Executed DbCommand (6ms) [Parameters=[], CommandType='"Text"', CommandTimeout='30']
SELECT [t].[TestId], [t].[CategoryId], [t].[CreatedAt], [t].[CreatedBy], [t].[DurationMins], [t].[TestName], [t].[TotalMarks], [t].[TotalQuestions], [c].[CategoryId], [c].[CategoryName], [c].[Description], [u].[UserId], [u].[CreatedAt], [u].[Email], [u].[Name], [u].[PasswordHash], [u].[Role]
FROM [Tests] AS [t]
INNER JOIN [Categories] AS [c] ON [t].[CategoryId] = [c].[CategoryId]
INNER JOIN [Users] AS [u] ON [t].[CreatedBy] = [u].[UserId]
2025-11-11 16:47:38.674 +05:30 [INF] Successfully retrieved 4 tests
2025-11-11 16:47:38.676 +05:30 [INF] Executing OkObjectResult, writing value of type 'System.Linq.Enumerable+SelectListIterator`2[[SkillAssessmentPortal.Models.Test, SkillAssesmentPortal, Version=1.0.0.0, Culture=neutral, PublicKeyToken=null],[SkillAssessmentPortal.DTOs.Test.TestResponseDto, SkillAssesmentPortal, Version=1.0.0.0, Culture=neutral, PublicKeyToken=null]]'.
2025-11-11 16:47:38.677 +05:30 [INF] Executed action SkillAssessmentPortal.Controllers.TestController.GetAll (SkillAssesmentPortal) in 16.9734ms
2025-11-11 16:47:38.679 +05:30 [INF] Request starting HTTP/2 GET https://localhost:7186/api/Test - null null
2025-11-11 16:47:38.680 +05:30 [INF] Executed endpoint 'SkillAssessmentPortal.Controllers.TestController.GetAll (SkillAssesmentPortal)'
2025-11-11 16:47:38.684 +05:30 [INF] CORS policy execution successful.
2025-11-11 16:47:38.685 +05:30 [INF] Request finished HTTP/2 GET https://localhost:7186/api/Test - 200 null application/json; charset=utf-8 34.6958ms
2025-11-11 16:47:38.686 +05:30 [INF] Executing endpoint 'SkillAssessmentPortal.Controllers.TestController.GetAll (SkillAssesmentPortal)'
2025-11-11 16:47:38.690 +05:30 [INF] Route matched with {action = "GetAll", controller = "Test"}. Executing controller action with signature System.Threading.Tasks.Task`1[Microsoft.AspNetCore.Mvc.IActionResult] GetAll() on controller SkillAssessmentPortal.Controllers.TestController (SkillAssesmentPortal).
2025-11-11 16:47:38.693 +05:30 [INF] Fetching all tests from database
2025-11-11 16:47:38.702 +05:30 [INF] Executed DbCommand (2ms) [Parameters=[], CommandType='"Text"', CommandTimeout='30']
SELECT [t].[TestId], [t].[CategoryId], [t].[CreatedAt], [t].[CreatedBy], [t].[DurationMins], [t].[TestName], [t].[TotalMarks], [t].[TotalQuestions], [c].[CategoryId], [c].[CategoryName], [c].[Description], [u].[UserId], [u].[CreatedAt], [u].[Email], [u].[Name], [u].[PasswordHash], [u].[Role]
FROM [Tests] AS [t]
INNER JOIN [Categories] AS [c] ON [t].[CategoryId] = [c].[CategoryId]
INNER JOIN [Users] AS [u] ON [t].[CreatedBy] = [u].[UserId]
2025-11-11 16:47:38.705 +05:30 [INF] Successfully retrieved 4 tests
2025-11-11 16:47:38.706 +05:30 [INF] Executing OkObjectResult, writing value of type 'System.Linq.Enumerable+SelectListIterator`2[[SkillAssessmentPortal.Models.Test, SkillAssesmentPortal, Version=1.0.0.0, Culture=neutral, PublicKeyToken=null],[SkillAssessmentPortal.DTOs.Test.TestResponseDto, SkillAssesmentPortal, Version=1.0.0.0, Culture=neutral, PublicKeyToken=null]]'.
2025-11-11 16:47:38.709 +05:30 [INF] Executed action SkillAssessmentPortal.Controllers.TestController.GetAll (SkillAssesmentPortal) in 16.8782ms
2025-11-11 16:47:38.710 +05:30 [INF] Executed endpoint 'SkillAssessmentPortal.Controllers.TestController.GetAll (SkillAssesmentPortal)'
2025-11-11 16:47:38.711 +05:30 [INF] Request starting HTTP/2 GET https://localhost:7186/api/Test - null null
2025-11-11 16:47:38.712 +05:30 [INF] Request finished HTTP/2 GET https://localhost:7186/api/Test - 200 null application/json; charset=utf-8 33.0475ms
2025-11-11 16:47:38.714 +05:30 [INF] CORS policy execution successful.
2025-11-11 16:47:38.716 +05:30 [INF] Executing endpoint 'SkillAssessmentPortal.Controllers.TestController.GetAll (SkillAssesmentPortal)'
2025-11-11 16:47:38.717 +05:30 [INF] Route matched with {action = "GetAll", controller = "Test"}. Executing controller action with signature System.Threading.Tasks.Task`1[Microsoft.AspNetCore.Mvc.IActionResult] GetAll() on controller SkillAssessmentPortal.Controllers.TestController (SkillAssesmentPortal).
2025-11-11 16:47:38.719 +05:30 [INF] Fetching all tests from database
2025-11-11 16:47:38.723 +05:30 [INF] Executed DbCommand (1ms) [Parameters=[], CommandType='"Text"', CommandTimeout='30']
SELECT [t].[TestId], [t].[CategoryId], [t].[CreatedAt], [t].[CreatedBy], [t].[DurationMins], [t].[TestName], [t].[TotalMarks], [t].[TotalQuestions], [c].[CategoryId], [c].[CategoryName], [c].[Description], [u].[UserId], [u].[CreatedAt], [u].[Email], [u].[Name], [u].[PasswordHash], [u].[Role]
FROM [Tests] AS [t]
INNER JOIN [Categories] AS [c] ON [t].[CategoryId] = [c].[CategoryId]
INNER JOIN [Users] AS [u] ON [t].[CreatedBy] = [u].[UserId]
2025-11-11 16:47:38.727 +05:30 [INF] Successfully retrieved 4 tests
2025-11-11 16:47:38.728 +05:30 [INF] Executing OkObjectResult, writing value of type 'System.Linq.Enumerable+SelectListIterator`2[[SkillAssessmentPortal.Models.Test, SkillAssesmentPortal, Version=1.0.0.0, Culture=neutral, PublicKeyToken=null],[SkillAssessmentPortal.DTOs.Test.TestResponseDto, SkillAssesmentPortal, Version=1.0.0.0, Culture=neutral, PublicKeyToken=null]]'.
2025-11-11 16:47:38.729 +05:30 [INF] Executed action SkillAssessmentPortal.Controllers.TestController.GetAll (SkillAssesmentPortal) in 11.0003ms
2025-11-11 16:47:38.731 +05:30 [INF] Executed endpoint 'SkillAssessmentPortal.Controllers.TestController.GetAll (SkillAssesmentPortal)'
2025-11-11 16:47:38.731 +05:30 [INF] Request finished HTTP/2 GET https://localhost:7186/api/Test - 200 null application/json; charset=utf-8 20.866ms
2025-11-11 16:47:41.893 +05:30 [INF] Request starting HTTP/2 GET https://localhost:7186/api/Test - null null
2025-11-11 16:47:41.893 +05:30 [INF] Request starting HTTP/2 GET https://localhost:7186/api/Category - null null
2025-11-11 16:47:41.895 +05:30 [INF] CORS policy execution successful.
2025-11-11 16:47:41.900 +05:30 [INF] Executing endpoint 'SkillAssessmentPortal.Controllers.TestController.GetAll (SkillAssesmentPortal)'
2025-11-11 16:47:41.901 +05:30 [INF] CORS policy execution successful.
2025-11-11 16:47:41.902 +05:30 [INF] Route matched with {action = "GetAll", controller = "Test"}. Executing controller action with signature System.Threading.Tasks.Task`1[Microsoft.AspNetCore.Mvc.IActionResult] GetAll() on controller SkillAssessmentPortal.Controllers.TestController (SkillAssesmentPortal).
2025-11-11 16:47:41.902 +05:30 [INF] Executing endpoint 'SkillAssessmentPortal.Controllers.CategoryController.GetAll (SkillAssesmentPortal)'
2025-11-11 16:47:41.904 +05:30 [INF] Fetching all tests from database
2025-11-11 16:47:41.905 +05:30 [INF] Route matched with {action = "GetAll", controller = "Category"}. Executing controller action with signature System.Threading.Tasks.Task`1[Microsoft.AspNetCore.Mvc.IActionResult] GetAll() on controller SkillAssessmentPortal.Controllers.CategoryController (SkillAssesmentPortal).
2025-11-11 16:47:41.907 +05:30 [INF] GET /api/Category - Fetching all categories
2025-11-11 16:47:41.907 +05:30 [INF] Fetching all categories from database
2025-11-11 16:47:41.914 +05:30 [INF] Executed DbCommand (3ms) [Parameters=[], CommandType='"Text"', CommandTimeout='30']
SELECT [c].[CategoryId], [c].[CategoryName], [c].[Description]
FROM [Categories] AS [c]
2025-11-11 16:47:41.915 +05:30 [INF] Executed DbCommand (2ms) [Parameters=[], CommandType='"Text"', CommandTimeout='30']
SELECT [t].[TestId], [t].[CategoryId], [t].[CreatedAt], [t].[CreatedBy], [t].[DurationMins], [t].[TestName], [t].[TotalMarks], [t].[TotalQuestions], [c].[CategoryId], [c].[CategoryName], [c].[Description], [u].[UserId], [u].[CreatedAt], [u].[Email], [u].[Name], [u].[PasswordHash], [u].[Role]
FROM [Tests] AS [t]
INNER JOIN [Categories] AS [c] ON [t].[CategoryId] = [c].[CategoryId]
INNER JOIN [Users] AS [u] ON [t].[CreatedBy] = [u].[UserId]
2025-11-11 16:47:41.916 +05:30 [INF] Successfully retrieved 4 categories
2025-11-11 16:47:41.918 +05:30 [INF] Successfully retrieved 4 categories
2025-11-11 16:47:41.918 +05:30 [INF] Successfully retrieved 4 tests
2025-11-11 16:47:41.919 +05:30 [INF] Executing OkObjectResult, writing value of type 'System.Linq.Enumerable+SelectListIterator`2[[SkillAssessmentPortal.Models.Category, SkillAssesmentPortal, Version=1.0.0.0, Culture=neutral, PublicKeyToken=null],[SkillAssessmentPortal.DTOs.Category.CategoryResponseDto, SkillAssesmentPortal, Version=1.0.0.0, Culture=neutral, PublicKeyToken=null]]'.
2025-11-11 16:47:41.919 +05:30 [INF] Executing OkObjectResult, writing value of type 'System.Linq.Enumerable+SelectListIterator`2[[SkillAssessmentPortal.Models.Test, SkillAssesmentPortal, Version=1.0.0.0, Culture=neutral, PublicKeyToken=null],[SkillAssessmentPortal.DTOs.Test.TestResponseDto, SkillAssesmentPortal, Version=1.0.0.0, Culture=neutral, PublicKeyToken=null]]'.
2025-11-11 16:47:41.921 +05:30 [INF] Executed action SkillAssessmentPortal.Controllers.TestController.GetAll (SkillAssesmentPortal) in 17.8293ms
2025-11-11 16:47:41.922 +05:30 [INF] Executed action SkillAssessmentPortal.Controllers.CategoryController.GetAll (SkillAssesmentPortal) in 15.1959ms
2025-11-11 16:47:41.922 +05:30 [INF] Request starting HTTP/2 GET https://localhost:7186/api/Category - null null
2025-11-11 16:47:41.922 +05:30 [INF] Executed endpoint 'SkillAssessmentPortal.Controllers.TestController.GetAll (SkillAssesmentPortal)'
2025-11-11 16:47:41.922 +05:30 [INF] Request starting HTTP/2 GET https://localhost:7186/api/Test - null null
2025-11-11 16:47:41.924 +05:30 [INF] Executed endpoint 'SkillAssessmentPortal.Controllers.CategoryController.GetAll (SkillAssesmentPortal)'
2025-11-11 16:47:41.926 +05:30 [INF] CORS policy execution successful.
2025-11-11 16:47:41.927 +05:30 [INF] Request finished HTTP/2 GET https://localhost:7186/api/Test - 200 null application/json; charset=utf-8 33.8719ms
2025-11-11 16:47:41.928 +05:30 [INF] CORS policy execution successful.
2025-11-11 16:47:41.929 +05:30 [INF] Request finished HTTP/2 GET https://localhost:7186/api/Category - 200 null application/json; charset=utf-8 35.7607ms
2025-11-11 16:47:41.930 +05:30 [INF] Executing endpoint 'SkillAssessmentPortal.Controllers.CategoryController.GetAll (SkillAssesmentPortal)'
2025-11-11 16:47:41.932 +05:30 [INF] Executing endpoint 'SkillAssessmentPortal.Controllers.TestController.GetAll (SkillAssesmentPortal)'
2025-11-11 16:47:41.935 +05:30 [INF] Route matched with {action = "GetAll", controller = "Category"}. Executing controller action with signature System.Threading.Tasks.Task`1[Microsoft.AspNetCore.Mvc.IActionResult] GetAll() on controller SkillAssessmentPortal.Controllers.CategoryController (SkillAssesmentPortal).
2025-11-11 16:47:41.935 +05:30 [INF] Route matched with {action = "GetAll", controller = "Test"}. Executing controller action with signature System.Threading.Tasks.Task`1[Microsoft.AspNetCore.Mvc.IActionResult] GetAll() on controller SkillAssessmentPortal.Controllers.TestController (SkillAssesmentPortal).
2025-11-11 16:47:41.938 +05:30 [INF] Fetching all tests from database
2025-11-11 16:47:41.938 +05:30 [INF] GET /api/Category - Fetching all categories
2025-11-11 16:47:41.939 +05:30 [INF] Fetching all categories from database
2025-11-11 16:47:41.946 +05:30 [INF] Executed DbCommand (3ms) [Parameters=[], CommandType='"Text"', CommandTimeout='30']
SELECT [t].[TestId], [t].[CategoryId], [t].[CreatedAt], [t].[CreatedBy], [t].[DurationMins], [t].[TestName], [t].[TotalMarks], [t].[TotalQuestions], [c].[CategoryId], [c].[CategoryName], [c].[Description], [u].[UserId], [u].[CreatedAt], [u].[Email], [u].[Name], [u].[PasswordHash], [u].[Role]
FROM [Tests] AS [t]
INNER JOIN [Categories] AS [c] ON [t].[CategoryId] = [c].[CategoryId]
INNER JOIN [Users] AS [u] ON [t].[CreatedBy] = [u].[UserId]
2025-11-11 16:47:41.947 +05:30 [INF] Executed DbCommand (3ms) [Parameters=[], CommandType='"Text"', CommandTimeout='30']
SELECT [c].[CategoryId], [c].[CategoryName], [c].[Description]
FROM [Categories] AS [c]
2025-11-11 16:47:41.952 +05:30 [INF] Successfully retrieved 4 tests
2025-11-11 16:47:41.953 +05:30 [INF] Successfully retrieved 4 categories
2025-11-11 16:47:41.954 +05:30 [INF] Executing OkObjectResult, writing value of type 'System.Linq.Enumerable+SelectListIterator`2[[SkillAssessmentPortal.Models.Test, SkillAssesmentPortal, Version=1.0.0.0, Culture=neutral, PublicKeyToken=null],[SkillAssessmentPortal.DTOs.Test.TestResponseDto, SkillAssesmentPortal, Version=1.0.0.0, Culture=neutral, PublicKeyToken=null]]'.
2025-11-11 16:47:41.954 +05:30 [INF] Successfully retrieved 4 categories
2025-11-11 16:47:41.956 +05:30 [INF] Executed action SkillAssessmentPortal.Controllers.TestController.GetAll (SkillAssesmentPortal) in 19.0892ms
2025-11-11 16:47:41.956 +05:30 [INF] Executing OkObjectResult, writing value of type 'System.Linq.Enumerable+SelectListIterator`2[[SkillAssessmentPortal.Models.Category, SkillAssesmentPortal, Version=1.0.0.0, Culture=neutral, PublicKeyToken=null],[SkillAssessmentPortal.DTOs.Category.CategoryResponseDto, SkillAssesmentPortal, Version=1.0.0.0, Culture=neutral, PublicKeyToken=null]]'.
2025-11-11 16:47:41.957 +05:30 [INF] Request starting HTTP/2 GET https://localhost:7186/api/Test - null null
2025-11-11 16:47:41.959 +05:30 [INF] Executed endpoint 'SkillAssessmentPortal.Controllers.TestController.GetAll (SkillAssesmentPortal)'
2025-11-11 16:47:41.960 +05:30 [INF] Executed action SkillAssessmentPortal.Controllers.CategoryController.GetAll (SkillAssesmentPortal) in 23.9651ms
2025-11-11 16:47:41.962 +05:30 [INF] CORS policy execution successful.
2025-11-11 16:47:41.963 +05:30 [INF] Request finished HTTP/2 GET https://localhost:7186/api/Test - 200 null application/json; charset=utf-8 40.4609ms
2025-11-11 16:47:41.964 +05:30 [INF] Executed endpoint 'SkillAssessmentPortal.Controllers.CategoryController.GetAll (SkillAssesmentPortal)'
2025-11-11 16:47:41.965 +05:30 [INF] Executing endpoint 'SkillAssessmentPortal.Controllers.TestController.GetAll (SkillAssesmentPortal)'
2025-11-11 16:47:41.968 +05:30 [INF] Request finished HTTP/2 GET https://localhost:7186/api/Category - 200 null application/json; charset=utf-8 45.8467ms
2025-11-11 16:47:41.969 +05:30 [INF] Route matched with {action = "GetAll", controller = "Test"}. Executing controller action with signature System.Threading.Tasks.Task`1[Microsoft.AspNetCore.Mvc.IActionResult] GetAll() on controller SkillAssessmentPortal.Controllers.TestController (SkillAssesmentPortal).
2025-11-11 16:47:41.972 +05:30 [INF] Fetching all tests from database
2025-11-11 16:47:41.977 +05:30 [INF] Executed DbCommand (3ms) [Parameters=[], CommandType='"Text"', CommandTimeout='30']
SELECT [t].[TestId], [t].[CategoryId], [t].[CreatedAt], [t].[CreatedBy], [t].[DurationMins], [t].[TestName], [t].[TotalMarks], [t].[TotalQuestions], [c].[CategoryId], [c].[CategoryName], [c].[Description], [u].[UserId], [u].[CreatedAt], [u].[Email], [u].[Name], [u].[PasswordHash], [u].[Role]
FROM [Tests] AS [t]
INNER JOIN [Categories] AS [c] ON [t].[CategoryId] = [c].[CategoryId]
INNER JOIN [Users] AS [u] ON [t].[CreatedBy] = [u].[UserId]
2025-11-11 16:47:41.980 +05:30 [INF] Successfully retrieved 4 tests
2025-11-11 16:47:41.981 +05:30 [INF] Executing OkObjectResult, writing value of type 'System.Linq.Enumerable+SelectListIterator`2[[SkillAssessmentPortal.Models.Test, SkillAssesmentPortal, Version=1.0.0.0, Culture=neutral, PublicKeyToken=null],[SkillAssessmentPortal.DTOs.Test.TestResponseDto, SkillAssesmentPortal, Version=1.0.0.0, Culture=neutral, PublicKeyToken=null]]'.
2025-11-11 16:47:41.983 +05:30 [INF] Executed action SkillAssessmentPortal.Controllers.TestController.GetAll (SkillAssesmentPortal) in 11.1837ms
2025-11-11 16:47:41.984 +05:30 [INF] Executed endpoint 'SkillAssessmentPortal.Controllers.TestController.GetAll (SkillAssesmentPortal)'
2025-11-11 16:47:41.985 +05:30 [INF] Request starting HTTP/2 GET https://localhost:7186/api/Test - null null
2025-11-11 16:47:41.986 +05:30 [INF] Request finished HTTP/2 GET https://localhost:7186/api/Test - 200 null application/json; charset=utf-8 28.6978ms
2025-11-11 16:47:41.987 +05:30 [INF] CORS policy execution successful.
2025-11-11 16:47:41.992 +05:30 [INF] Executing endpoint 'SkillAssessmentPortal.Controllers.TestController.GetAll (SkillAssesmentPortal)'
2025-11-11 16:47:41.993 +05:30 [INF] Route matched with {action = "GetAll", controller = "Test"}. Executing controller action with signature System.Threading.Tasks.Task`1[Microsoft.AspNetCore.Mvc.IActionResult] GetAll() on controller SkillAssessmentPortal.Controllers.TestController (SkillAssesmentPortal).
2025-11-11 16:47:41.995 +05:30 [INF] Fetching all tests from database
2025-11-11 16:47:41.999 +05:30 [INF] Executed DbCommand (2ms) [Parameters=[], CommandType='"Text"', CommandTimeout='30']
SELECT [t].[TestId], [t].[CategoryId], [t].[CreatedAt], [t].[CreatedBy], [t].[DurationMins], [t].[TestName], [t].[TotalMarks], [t].[TotalQuestions], [c].[CategoryId], [c].[CategoryName], [c].[Description], [u].[UserId], [u].[CreatedAt], [u].[Email], [u].[Name], [u].[PasswordHash], [u].[Role]
FROM [Tests] AS [t]
INNER JOIN [Categories] AS [c] ON [t].[CategoryId] = [c].[CategoryId]
INNER JOIN [Users] AS [u] ON [t].[CreatedBy] = [u].[UserId]
2025-11-11 16:47:42.001 +05:30 [INF] Successfully retrieved 4 tests
2025-11-11 16:47:42.002 +05:30 [INF] Executing OkObjectResult, writing value of type 'System.Linq.Enumerable+SelectListIterator`2[[SkillAssessmentPortal.Models.Test, SkillAssesmentPortal, Version=1.0.0.0, Culture=neutral, PublicKeyToken=null],[SkillAssessmentPortal.DTOs.Test.TestResponseDto, SkillAssesmentPortal, Version=1.0.0.0, Culture=neutral, PublicKeyToken=null]]'.
2025-11-11 16:47:42.003 +05:30 [INF] Executed action SkillAssessmentPortal.Controllers.TestController.GetAll (SkillAssesmentPortal) in 8.5004ms
2025-11-11 16:47:42.004 +05:30 [INF] Executed endpoint 'SkillAssessmentPortal.Controllers.TestController.GetAll (SkillAssesmentPortal)'
2025-11-11 16:47:42.005 +05:30 [INF] Request finished HTTP/2 GET https://localhost:7186/api/Test - 200 null application/json; charset=utf-8 20.2985ms
2025-11-11 16:47:51.780 +05:30 [INF] Request starting HTTP/2 OPTIONS https://localhost:7186/api/Test/category/6 - null null
2025-11-11 16:47:51.782 +05:30 [INF] CORS policy execution successful.
2025-11-11 16:47:51.784 +05:30 [INF] Request finished HTTP/2 OPTIONS https://localhost:7186/api/Test/category/6 - 204 null null 3.7013ms
2025-11-11 16:47:51.787 +05:30 [INF] Request starting HTTP/2 GET https://localhost:7186/api/Test/category/6 - null null
2025-11-11 16:47:51.791 +05:30 [INF] CORS policy execution successful.
2025-11-11 16:47:51.793 +05:30 [INF] Executing endpoint 'SkillAssessmentPortal.Controllers.TestController.GetTestsByCategory (SkillAssesmentPortal)'
2025-11-11 16:47:51.794 +05:30 [INF] Route matched with {action = "GetTestsByCategory", controller = "Test"}. Executing controller action with signature System.Threading.Tasks.Task`1[Microsoft.AspNetCore.Mvc.IActionResult] GetTestsByCategory(Int32) on controller SkillAssessmentPortal.Controllers.TestController (SkillAssesmentPortal).
2025-11-11 16:47:51.799 +05:30 [INF] GET /api/Test/category/6 - Fetching tests by category
2025-11-11 16:47:51.800 +05:30 [INF] Fetching tests for CategoryId: 6
2025-11-11 16:47:51.800 +05:30 [INF] Fetching all tests from database
2025-11-11 16:47:51.806 +05:30 [INF] Executed DbCommand (2ms) [Parameters=[], CommandType='"Text"', CommandTimeout='30']
SELECT [t].[TestId], [t].[CategoryId], [t].[CreatedAt], [t].[CreatedBy], [t].[DurationMins], [t].[TestName], [t].[TotalMarks], [t].[TotalQuestions], [c].[CategoryId], [c].[CategoryName], [c].[Description], [u].[UserId], [u].[CreatedAt], [u].[Email], [u].[Name], [u].[PasswordHash], [u].[Role]
FROM [Tests] AS [t]
INNER JOIN [Categories] AS [c] ON [t].[CategoryId] = [c].[CategoryId]
INNER JOIN [Users] AS [u] ON [t].[CreatedBy] = [u].[UserId]
2025-11-11 16:47:51.808 +05:30 [INF] Successfully retrieved 4 tests
2025-11-11 16:47:51.811 +05:30 [INF] Found 1 tests for CategoryId: 6
2025-11-11 16:47:51.813 +05:30 [INF] Successfully retrieved 1 tests for CategoryId: 6
2025-11-11 16:47:51.814 +05:30 [INF] Executing OkObjectResult, writing value of type 'System.Collections.Generic.List`1[[SkillAssessmentPortal.DTOs.Test.TestResponseDto, SkillAssesmentPortal, Version=1.0.0.0, Culture=neutral, PublicKeyToken=null]]'.
2025-11-11 16:47:51.816 +05:30 [INF] Executed action SkillAssessmentPortal.Controllers.TestController.GetTestsByCategory (SkillAssesmentPortal) in 20.047ms
2025-11-11 16:47:51.817 +05:30 [INF] Executed endpoint 'SkillAssessmentPortal.Controllers.TestController.GetTestsByCategory (SkillAssesmentPortal)'
2025-11-11 16:47:51.818 +05:30 [INF] Request finished HTTP/2 GET https://localhost:7186/api/Test/category/6 - 200 null application/json; charset=utf-8 30.967ms
2025-11-11 16:47:53.903 +05:30 [INF] Request starting HTTP/2 OPTIONS https://localhost:7186/api/TestLevel/test/6 - null null
2025-11-11 16:47:53.903 +05:30 [INF] Request starting HTTP/2 OPTIONS https://localhost:7186/api/TestLevel/test/6 - null null
2025-11-11 16:47:53.906 +05:30 [INF] CORS policy execution successful.
2025-11-11 16:47:53.909 +05:30 [INF] CORS policy execution successful.
2025-11-11 16:47:53.911 +05:30 [INF] Request finished HTTP/2 OPTIONS https://localhost:7186/api/TestLevel/test/6 - 204 null null 7.8044ms
2025-11-11 16:47:53.911 +05:30 [INF] Request finished HTTP/2 OPTIONS https://localhost:7186/api/TestLevel/test/6 - 204 null null 8.5074ms
2025-11-11 16:47:53.914 +05:30 [INF] Request starting HTTP/2 GET https://localhost:7186/api/TestLevel/test/6 - null null
2025-11-11 16:47:53.919 +05:30 [INF] CORS policy execution successful.
2025-11-11 16:47:53.920 +05:30 [INF] Executing endpoint 'SkillAssessmentPortal.Controllers.TestLevelController.GetTestLevelsByTest (SkillAssesmentPortal)'
2025-11-11 16:47:53.921 +05:30 [INF] Route matched with {action = "GetTestLevelsByTest", controller = "TestLevel"}. Executing controller action with signature System.Threading.Tasks.Task`1[Microsoft.AspNetCore.Mvc.IActionResult] GetTestLevelsByTest(Int32) on controller SkillAssessmentPortal.Controllers.TestLevelController (SkillAssesmentPortal).
2025-11-11 16:47:53.922 +05:30 [INF] GET /api/TestLevel/test/6 - Fetching test levels by test
2025-11-11 16:47:53.923 +05:30 [INF] Fetching test levels for TestId: 6
2025-11-11 16:47:53.924 +05:30 [INF] Fetching test levels for TestId: 6
2025-11-11 16:47:53.985 +05:30 [INF] Executed DbCommand (54ms) [Parameters=[@__testId_0='?' (DbType = Int32)], CommandType='"Text"', CommandTimeout='30']
SELECT [t].[TestLevelId], [t].[DurationMins], [t].[LevelName], [t].[PassingScore], [t].[TestId], [t].[VideoLink], [q].[QuestionId], [q].[CorrectOption], [q].[OptionA], [q].[OptionB], [q].[OptionC], [q].[OptionD], [q].[QuestionText], [q].[TestLevelId]
FROM [TestLevels] AS [t]
LEFT JOIN [Questions] AS [q] ON [t].[TestLevelId] = [q].[TestLevelId]
WHERE [t].[TestId] = @__testId_0
ORDER BY [t].[TestLevelId]
2025-11-11 16:47:53.997 +05:30 [INF] Retrieved 3 test levels for TestId: 6
2025-11-11 16:47:53.999 +05:30 [INF] Successfully retrieved 3 test levels for TestId: 6
2025-11-11 16:47:54.001 +05:30 [INF] Successfully retrieved 3 test levels for TestId: 6
2025-11-11 16:47:54.003 +05:30 [INF] Executing OkObjectResult, writing value of type 'System.Linq.OrderedEnumerable`2[[SkillAssessmentPortal.DTOs.TestLevel.TestLevelResponseDto, SkillAssesmentPortal, Version=1.0.0.0, Culture=neutral, PublicKeyToken=null],[System.String, System.Private.CoreLib, Version=8.0.0.0, Culture=neutral, PublicKeyToken=7cec85d7bea7798e]]'.
2025-11-11 16:47:54.006 +05:30 [INF] Executed action SkillAssessmentPortal.Controllers.TestLevelController.GetTestLevelsByTest (SkillAssesmentPortal) in 83.5562ms
2025-11-11 16:47:54.009 +05:30 [INF] Request starting HTTP/2 GET https://localhost:7186/api/TestLevel/test/6 - null null
2025-11-11 16:47:54.009 +05:30 [INF] Executed endpoint 'SkillAssessmentPortal.Controllers.TestLevelController.GetTestLevelsByTest (SkillAssesmentPortal)'
2025-11-11 16:47:54.012 +05:30 [INF] CORS policy execution successful.
2025-11-11 16:47:54.013 +05:30 [INF] Request finished HTTP/2 GET https://localhost:7186/api/TestLevel/test/6 - 200 null application/json; charset=utf-8 99.2288ms
2025-11-11 16:47:54.014 +05:30 [INF] Executing endpoint 'SkillAssessmentPortal.Controllers.TestLevelController.GetTestLevelsByTest (SkillAssesmentPortal)'
2025-11-11 16:47:54.018 +05:30 [INF] Route matched with {action = "GetTestLevelsByTest", controller = "TestLevel"}. Executing controller action with signature System.Threading.Tasks.Task`1[Microsoft.AspNetCore.Mvc.IActionResult] GetTestLevelsByTest(Int32) on controller SkillAssessmentPortal.Controllers.TestLevelController (SkillAssesmentPortal).
2025-11-11 16:47:54.021 +05:30 [INF] GET /api/TestLevel/test/6 - Fetching test levels by test
2025-11-11 16:47:54.022 +05:30 [INF] Fetching test levels for TestId: 6
2025-11-11 16:47:54.023 +05:30 [INF] Fetching test levels for TestId: 6
2025-11-11 16:47:54.028 +05:30 [INF] Executed DbCommand (2ms) [Parameters=[@__testId_0='?' (DbType = Int32)], CommandType='"Text"', CommandTimeout='30']
SELECT [t].[TestLevelId], [t].[DurationMins], [t].[LevelName], [t].[PassingScore], [t].[TestId], [t].[VideoLink], [q].[QuestionId], [q].[CorrectOption], [q].[OptionA], [q].[OptionB], [q].[OptionC], [q].[OptionD], [q].[QuestionText], [q].[TestLevelId]
FROM [TestLevels] AS [t]
LEFT JOIN [Questions] AS [q] ON [t].[TestLevelId] = [q].[TestLevelId]
WHERE [t].[TestId] = @__testId_0
ORDER BY [t].[TestLevelId]
2025-11-11 16:47:54.033 +05:30 [INF] Retrieved 3 test levels for TestId: 6
2025-11-11 16:47:54.035 +05:30 [INF] Successfully retrieved 3 test levels for TestId: 6
2025-11-11 16:47:54.036 +05:30 [INF] Successfully retrieved 3 test levels for TestId: 6
2025-11-11 16:47:54.038 +05:30 [INF] Executing OkObjectResult, writing value of type 'System.Linq.OrderedEnumerable`2[[SkillAssessmentPortal.DTOs.TestLevel.TestLevelResponseDto, SkillAssesmentPortal, Version=1.0.0.0, Culture=neutral, PublicKeyToken=null],[System.String, System.Private.CoreLib, Version=8.0.0.0, Culture=neutral, PublicKeyToken=7cec85d7bea7798e]]'.
2025-11-11 16:47:54.040 +05:30 [INF] Executed action SkillAssessmentPortal.Controllers.TestLevelController.GetTestLevelsByTest (SkillAssesmentPortal) in 19.6037ms
2025-11-11 16:47:54.041 +05:30 [INF] Executed endpoint 'SkillAssessmentPortal.Controllers.TestLevelController.GetTestLevelsByTest (SkillAssesmentPortal)'
2025-11-11 16:47:54.043 +05:30 [INF] Request finished HTTP/2 GET https://localhost:7186/api/TestLevel/test/6 - 200 null application/json; charset=utf-8 34.2331ms
2025-11-11 16:47:59.930 +05:30 [INF] Request starting HTTP/2 OPTIONS https://localhost:7186/api/Category - null null
2025-11-11 16:47:59.931 +05:30 [INF] Request starting HTTP/2 OPTIONS https://localhost:7186/api/Test - null null
2025-11-11 16:47:59.931 +05:30 [INF] Request starting HTTP/2 OPTIONS https://localhost:7186/api/Test - null null
2025-11-11 16:47:59.931 +05:30 [INF] Request starting HTTP/2 OPTIONS https://localhost:7186/api/Category - null null
2025-11-11 16:47:59.931 +05:30 [INF] Request starting HTTP/2 OPTIONS https://localhost:7186/api/Test - null null
2025-11-11 16:47:59.932 +05:30 [INF] Request starting HTTP/2 OPTIONS https://localhost:7186/api/Test - null null
2025-11-11 16:47:59.937 +05:30 [INF] CORS policy execution successful.
2025-11-11 16:47:59.940 +05:30 [INF] CORS policy execution successful.
2025-11-11 16:47:59.943 +05:30 [INF] CORS policy execution successful.
2025-11-11 16:47:59.944 +05:30 [INF] CORS policy execution successful.
2025-11-11 16:47:59.947 +05:30 [INF] CORS policy execution successful.
2025-11-11 16:47:59.950 +05:30 [INF] Request starting HTTP/2 GET https://localhost:7186/api/Test - null null
2025-11-11 16:47:59.958 +05:30 [INF] Request finished HTTP/2 OPTIONS https://localhost:7186/api/Test - 204 null null 25.6777ms
2025-11-11 16:47:59.948 +05:30 [INF] Request finished HTTP/2 OPTIONS https://localhost:7186/api/Test - 204 null null 17.5252ms
2025-11-11 16:47:59.950 +05:30 [INF] Request starting HTTP/2 GET https://localhost:7186/api/Category - null null
2025-11-11 16:47:59.949 +05:30 [INF] Request finished HTTP/2 OPTIONS https://localhost:7186/api/Test - 204 null null 18.3337ms
2025-11-11 16:47:59.951 +05:30 [INF] Request finished HTTP/2 OPTIONS https://localhost:7186/api/Category - 204 null null 20.3914ms
2025-11-11 16:47:59.946 +05:30 [INF] CORS policy execution successful.
2025-11-11 16:47:59.948 +05:30 [INF] Request finished HTTP/2 OPTIONS https://localhost:7186/api/Category - 204 null null 17.7ms
2025-11-11 16:47:59.966 +05:30 [INF] CORS policy execution successful.
2025-11-11 16:47:59.975 +05:30 [INF] CORS policy execution successful.
2025-11-11 16:47:59.981 +05:30 [INF] Request finished HTTP/2 OPTIONS https://localhost:7186/api/Test - 204 null null 49.5748ms
2025-11-11 16:47:59.984 +05:30 [INF] Executing endpoint 'SkillAssessmentPortal.Controllers.TestController.GetAll (SkillAssesmentPortal)'
2025-11-11 16:47:59.984 +05:30 [INF] Executing endpoint 'SkillAssessmentPortal.Controllers.CategoryController.GetAll (SkillAssesmentPortal)'
2025-11-11 16:47:59.987 +05:30 [INF] Route matched with {action = "GetAll", controller = "Test"}. Executing controller action with signature System.Threading.Tasks.Task`1[Microsoft.AspNetCore.Mvc.IActionResult] GetAll() on controller SkillAssessmentPortal.Controllers.TestController (SkillAssesmentPortal).
2025-11-11 16:47:59.988 +05:30 [INF] Route matched with {action = "GetAll", controller = "Category"}. Executing controller action with signature System.Threading.Tasks.Task`1[Microsoft.AspNetCore.Mvc.IActionResult] GetAll() on controller SkillAssessmentPortal.Controllers.CategoryController (SkillAssesmentPortal).
2025-11-11 16:47:59.989 +05:30 [INF] Fetching all tests from database
2025-11-11 16:47:59.993 +05:30 [INF] GET /api/Category - Fetching all categories
2025-11-11 16:47:59.993 +05:30 [INF] Fetching all categories from database
2025-11-11 16:47:59.996 +05:30 [INF] Executed DbCommand (2ms) [Parameters=[], CommandType='"Text"', CommandTimeout='30']
SELECT [t].[TestId], [t].[CategoryId], [t].[CreatedAt], [t].[CreatedBy], [t].[DurationMins], [t].[TestName], [t].[TotalMarks], [t].[TotalQuestions], [c].[CategoryId], [c].[CategoryName], [c].[Description], [u].[UserId], [u].[CreatedAt], [u].[Email], [u].[Name], [u].[PasswordHash], [u].[Role]
FROM [Tests] AS [t]
INNER JOIN [Categories] AS [c] ON [t].[CategoryId] = [c].[CategoryId]
INNER JOIN [Users] AS [u] ON [t].[CreatedBy] = [u].[UserId]
2025-11-11 16:47:59.999 +05:30 [INF] Executed DbCommand (3ms) [Parameters=[], CommandType='"Text"', CommandTimeout='30']
SELECT [c].[CategoryId], [c].[CategoryName], [c].[Description]
FROM [Categories] AS [c]
2025-11-11 16:48:00.000 +05:30 [INF] Successfully retrieved 4 tests
2025-11-11 16:48:00.001 +05:30 [INF] Successfully retrieved 4 categories
2025-11-11 16:48:00.001 +05:30 [INF] Executing OkObjectResult, writing value of type 'System.Linq.Enumerable+SelectListIterator`2[[SkillAssessmentPortal.Models.Test, SkillAssesmentPortal, Version=1.0.0.0, Culture=neutral, PublicKeyToken=null],[SkillAssessmentPortal.DTOs.Test.TestResponseDto, SkillAssesmentPortal, Version=1.0.0.0, Culture=neutral, PublicKeyToken=null]]'.
2025-11-11 16:48:00.002 +05:30 [INF] Successfully retrieved 4 categories
2025-11-11 16:48:00.003 +05:30 [INF] Executed action SkillAssessmentPortal.Controllers.TestController.GetAll (SkillAssesmentPortal) in 13.985ms
2025-11-11 16:48:00.004 +05:30 [INF] Executing OkObjectResult, writing value of type 'System.Linq.Enumerable+SelectListIterator`2[[SkillAssessmentPortal.Models.Category, SkillAssesmentPortal, Version=1.0.0.0, Culture=neutral, PublicKeyToken=null],[SkillAssessmentPortal.DTOs.Category.CategoryResponseDto, SkillAssesmentPortal, Version=1.0.0.0, Culture=neutral, PublicKeyToken=null]]'.
2025-11-11 16:48:00.004 +05:30 [INF] Request starting HTTP/2 GET https://localhost:7186/api/Test - null null
2025-11-11 16:48:00.005 +05:30 [INF] Executed endpoint 'SkillAssessmentPortal.Controllers.TestController.GetAll (SkillAssesmentPortal)'
2025-11-11 16:48:00.007 +05:30 [INF] Executed action SkillAssessmentPortal.Controllers.CategoryController.GetAll (SkillAssesmentPortal) in 14.8145ms
2025-11-11 16:48:00.009 +05:30 [INF] Request starting HTTP/2 GET https://localhost:7186/api/Category - null null
2025-11-11 16:48:00.010 +05:30 [INF] Request finished HTTP/2 GET https://localhost:7186/api/Test - 200 null application/json; charset=utf-8 60.6749ms
2025-11-11 16:48:00.012 +05:30 [INF] Executed endpoint 'SkillAssessmentPortal.Controllers.CategoryController.GetAll (SkillAssesmentPortal)'
2025-11-11 16:48:00.013 +05:30 [INF] CORS policy execution successful.
2025-11-11 16:48:00.013 +05:30 [INF] CORS policy execution successful.
2025-11-11 16:48:00.016 +05:30 [INF] Request finished HTTP/2 GET https://localhost:7186/api/Category - 200 null application/json; charset=utf-8 66.0741ms
2025-11-11 16:48:00.017 +05:30 [INF] Executing endpoint 'SkillAssessmentPortal.Controllers.CategoryController.GetAll (SkillAssesmentPortal)'
2025-11-11 16:48:00.017 +05:30 [INF] Executing endpoint 'SkillAssessmentPortal.Controllers.TestController.GetAll (SkillAssesmentPortal)'
2025-11-11 16:48:00.020 +05:30 [INF] Route matched with {action = "GetAll", controller = "Category"}. Executing controller action with signature System.Threading.Tasks.Task`1[Microsoft.AspNetCore.Mvc.IActionResult] GetAll() on controller SkillAssessmentPortal.Controllers.CategoryController (SkillAssesmentPortal).
2025-11-11 16:48:00.021 +05:30 [INF] Route matched with {action = "GetAll", controller = "Test"}. Executing controller action with signature System.Threading.Tasks.Task`1[Microsoft.AspNetCore.Mvc.IActionResult] GetAll() on controller SkillAssessmentPortal.Controllers.TestController (SkillAssesmentPortal).
2025-11-11 16:48:00.023 +05:30 [INF] GET /api/Category - Fetching all categories
2025-11-11 16:48:00.024 +05:30 [INF] Fetching all categories from database
2025-11-11 16:48:00.024 +05:30 [INF] Fetching all tests from database
2025-11-11 16:48:00.027 +05:30 [INF] Executed DbCommand (1ms) [Parameters=[], CommandType='"Text"', CommandTimeout='30']
SELECT [c].[CategoryId], [c].[CategoryName], [c].[Description]
FROM [Categories] AS [c]
2025-11-11 16:48:00.030 +05:30 [INF] Executed DbCommand (1ms) [Parameters=[], CommandType='"Text"', CommandTimeout='30']
SELECT [t].[TestId], [t].[CategoryId], [t].[CreatedAt], [t].[CreatedBy], [t].[DurationMins], [t].[TestName], [t].[TotalMarks], [t].[TotalQuestions], [c].[CategoryId], [c].[CategoryName], [c].[Description], [u].[UserId], [u].[CreatedAt], [u].[Email], [u].[Name], [u].[PasswordHash], [u].[Role]
FROM [Tests] AS [t]
INNER JOIN [Categories] AS [c] ON [t].[CategoryId] = [c].[CategoryId]
INNER JOIN [Users] AS [u] ON [t].[CreatedBy] = [u].[UserId]
2025-11-11 16:48:00.031 +05:30 [INF] Successfully retrieved 4 categories
2025-11-11 16:48:00.032 +05:30 [INF] Successfully retrieved 4 tests
2025-11-11 16:48:00.033 +05:30 [INF] Successfully retrieved 4 categories
2025-11-11 16:48:00.033 +05:30 [INF] Executing OkObjectResult, writing value of type 'System.Linq.Enumerable+SelectListIterator`2[[SkillAssessmentPortal.Models.Test, SkillAssesmentPortal, Version=1.0.0.0, Culture=neutral, PublicKeyToken=null],[SkillAssessmentPortal.DTOs.Test.TestResponseDto, SkillAssesmentPortal, Version=1.0.0.0, Culture=neutral, PublicKeyToken=null]]'.
2025-11-11 16:48:00.034 +05:30 [INF] Executing OkObjectResult, writing value of type 'System.Linq.Enumerable+SelectListIterator`2[[SkillAssessmentPortal.Models.Category, SkillAssesmentPortal, Version=1.0.0.0, Culture=neutral, PublicKeyToken=null],[SkillAssessmentPortal.DTOs.Category.CategoryResponseDto, SkillAssesmentPortal, Version=1.0.0.0, Culture=neutral, PublicKeyToken=null]]'.
2025-11-11 16:48:00.035 +05:30 [INF] Executed action SkillAssessmentPortal.Controllers.TestController.GetAll (SkillAssesmentPortal) in 11.1984ms
2025-11-11 16:48:00.036 +05:30 [INF] Executed action SkillAssessmentPortal.Controllers.CategoryController.GetAll (SkillAssesmentPortal) in 13.1234ms
2025-11-11 16:48:00.037 +05:30 [INF] Request starting HTTP/2 GET https://localhost:7186/api/Test - null null
2025-11-11 16:48:00.037 +05:30 [INF] Executed endpoint 'SkillAssessmentPortal.Controllers.TestController.GetAll (SkillAssesmentPortal)'
2025-11-11 16:48:00.038 +05:30 [INF] Executed endpoint 'SkillAssessmentPortal.Controllers.CategoryController.GetAll (SkillAssesmentPortal)'
2025-11-11 16:48:00.040 +05:30 [INF] CORS policy execution successful.
2025-11-11 16:48:00.041 +05:30 [INF] Request finished HTTP/2 GET https://localhost:7186/api/Test - 200 null application/json; charset=utf-8 36.4437ms
2025-11-11 16:48:00.042 +05:30 [INF] Request finished HTTP/2 GET https://localhost:7186/api/Category - 200 null application/json; charset=utf-8 33.9639ms
2025-11-11 16:48:00.043 +05:30 [INF] Executing endpoint 'SkillAssessmentPortal.Controllers.TestController.GetAll (SkillAssesmentPortal)'
2025-11-11 16:48:00.048 +05:30 [INF] Route matched with {action = "GetAll", controller = "Test"}. Executing controller action with signature System.Threading.Tasks.Task`1[Microsoft.AspNetCore.Mvc.IActionResult] GetAll() on controller SkillAssessmentPortal.Controllers.TestController (SkillAssesmentPortal).
2025-11-11 16:48:00.049 +05:30 [INF] Fetching all tests from database
2025-11-11 16:48:00.052 +05:30 [INF] Executed DbCommand (1ms) [Parameters=[], CommandType='"Text"', CommandTimeout='30']
SELECT [t].[TestId], [t].[CategoryId], [t].[CreatedAt], [t].[CreatedBy], [t].[DurationMins], [t].[TestName], [t].[TotalMarks], [t].[TotalQuestions], [c].[CategoryId], [c].[CategoryName], [c].[Description], [u].[UserId], [u].[CreatedAt], [u].[Email], [u].[Name], [u].[PasswordHash], [u].[Role]
FROM [Tests] AS [t]
INNER JOIN [Categories] AS [c] ON [t].[CategoryId] = [c].[CategoryId]
INNER JOIN [Users] AS [u] ON [t].[CreatedBy] = [u].[UserId]
2025-11-11 16:48:00.056 +05:30 [INF] Successfully retrieved 4 tests
2025-11-11 16:48:00.057 +05:30 [INF] Executing OkObjectResult, writing value of type 'System.Linq.Enumerable+SelectListIterator`2[[SkillAssessmentPortal.Models.Test, SkillAssesmentPortal, Version=1.0.0.0, Culture=neutral, PublicKeyToken=null],[SkillAssessmentPortal.DTOs.Test.TestResponseDto, SkillAssesmentPortal, Version=1.0.0.0, Culture=neutral, PublicKeyToken=null]]'.
2025-11-11 16:48:00.059 +05:30 [INF] Executed action SkillAssessmentPortal.Controllers.TestController.GetAll (SkillAssesmentPortal) in 9.6293ms
2025-11-11 16:48:00.060 +05:30 [INF] Executed endpoint 'SkillAssessmentPortal.Controllers.TestController.GetAll (SkillAssesmentPortal)'
2025-11-11 16:48:00.060 +05:30 [INF] Request starting HTTP/2 GET https://localhost:7186/api/Test - null null
2025-11-11 16:48:00.061 +05:30 [INF] Request finished HTTP/2 GET https://localhost:7186/api/Test - 200 null application/json; charset=utf-8 24.6798ms
2025-11-11 16:48:00.063 +05:30 [INF] CORS policy execution successful.
2025-11-11 16:48:00.066 +05:30 [INF] Executing endpoint 'SkillAssessmentPortal.Controllers.TestController.GetAll (SkillAssesmentPortal)'
2025-11-11 16:48:00.067 +05:30 [INF] Route matched with {action = "GetAll", controller = "Test"}. Executing controller action with signature System.Threading.Tasks.Task`1[Microsoft.AspNetCore.Mvc.IActionResult] GetAll() on controller SkillAssessmentPortal.Controllers.TestController (SkillAssesmentPortal).
2025-11-11 16:48:00.068 +05:30 [INF] Fetching all tests from database
2025-11-11 16:48:00.071 +05:30 [INF] Executed DbCommand (1ms) [Parameters=[], CommandType='"Text"', CommandTimeout='30']
SELECT [t].[TestId], [t].[CategoryId], [t].[CreatedAt], [t].[CreatedBy], [t].[DurationMins], [t].[TestName], [t].[TotalMarks], [t].[TotalQuestions], [c].[CategoryId], [c].[CategoryName], [c].[Description], [u].[UserId], [u].[CreatedAt], [u].[Email], [u].[Name], [u].[PasswordHash], [u].[Role]
FROM [Tests] AS [t]
INNER JOIN [Categories] AS [c] ON [t].[CategoryId] = [c].[CategoryId]
INNER JOIN [Users] AS [u] ON [t].[CreatedBy] = [u].[UserId]
2025-11-11 16:48:00.073 +05:30 [INF] Successfully retrieved 4 tests
2025-11-11 16:48:00.076 +05:30 [INF] Executing OkObjectResult, writing value of type 'System.Linq.Enumerable+SelectListIterator`2[[SkillAssessmentPortal.Models.Test, SkillAssesmentPortal, Version=1.0.0.0, Culture=neutral, PublicKeyToken=null],[SkillAssessmentPortal.DTOs.Test.TestResponseDto, SkillAssesmentPortal, Version=1.0.0.0, Culture=neutral, PublicKeyToken=null]]'.
2025-11-11 16:48:00.077 +05:30 [INF] Executed action SkillAssessmentPortal.Controllers.TestController.GetAll (SkillAssesmentPortal) in 9.673ms
2025-11-11 16:48:00.079 +05:30 [INF] Executed endpoint 'SkillAssessmentPortal.Controllers.TestController.GetAll (SkillAssesmentPortal)'
2025-11-11 16:48:00.080 +05:30 [INF] Request finished HTTP/2 GET https://localhost:7186/api/Test - 200 null application/json; charset=utf-8 19.7967ms
2025-11-11 16:48:02.463 +05:30 [INF] Request starting HTTP/2 OPTIONS https://localhost:7186/api/TestLevel/test/6 - null null
2025-11-11 16:48:02.463 +05:30 [INF] Request starting HTTP/2 OPTIONS https://localhost:7186/api/TestLevel/test/6 - null null
2025-11-11 16:48:02.466 +05:30 [INF] CORS policy execution successful.
2025-11-11 16:48:02.468 +05:30 [INF] CORS policy execution successful.
2025-11-11 16:48:02.468 +05:30 [INF] Request finished HTTP/2 OPTIONS https://localhost:7186/api/TestLevel/test/6 - 204 null null 5.6078ms
2025-11-11 16:48:02.469 +05:30 [INF] Request finished HTTP/2 OPTIONS https://localhost:7186/api/TestLevel/test/6 - 204 null null 6.5427ms
2025-11-11 16:48:02.471 +05:30 [INF] Request starting HTTP/2 GET https://localhost:7186/api/TestLevel/test/6 - null null
2025-11-11 16:48:02.476 +05:30 [INF] CORS policy execution successful.
2025-11-11 16:48:02.477 +05:30 [INF] Executing endpoint 'SkillAssessmentPortal.Controllers.TestLevelController.GetTestLevelsByTest (SkillAssesmentPortal)'
2025-11-11 16:48:02.478 +05:30 [INF] Route matched with {action = "GetTestLevelsByTest", controller = "TestLevel"}. Executing controller action with signature System.Threading.Tasks.Task`1[Microsoft.AspNetCore.Mvc.IActionResult] GetTestLevelsByTest(Int32) on controller SkillAssessmentPortal.Controllers.TestLevelController (SkillAssesmentPortal).
2025-11-11 16:48:02.479 +05:30 [INF] GET /api/TestLevel/test/6 - Fetching test levels by test
2025-11-11 16:48:02.480 +05:30 [INF] Fetching test levels for TestId: 6
2025-11-11 16:48:02.481 +05:30 [INF] Fetching test levels for TestId: 6
2025-11-11 16:48:02.488 +05:30 [INF] Executed DbCommand (5ms) [Parameters=[@__testId_0='?' (DbType = Int32)], CommandType='"Text"', CommandTimeout='30']
SELECT [t].[TestLevelId], [t].[DurationMins], [t].[LevelName], [t].[PassingScore], [t].[TestId], [t].[VideoLink], [q].[QuestionId], [q].[CorrectOption], [q].[OptionA], [q].[OptionB], [q].[OptionC], [q].[OptionD], [q].[QuestionText], [q].[TestLevelId]
FROM [TestLevels] AS [t]
LEFT JOIN [Questions] AS [q] ON [t].[TestLevelId] = [q].[TestLevelId]
WHERE [t].[TestId] = @__testId_0
ORDER BY [t].[TestLevelId]
2025-11-11 16:48:02.491 +05:30 [INF] Retrieved 3 test levels for TestId: 6
2025-11-11 16:48:02.493 +05:30 [INF] Successfully retrieved 3 test levels for TestId: 6
2025-11-11 16:48:02.494 +05:30 [INF] Successfully retrieved 3 test levels for TestId: 6
2025-11-11 16:48:02.495 +05:30 [INF] Executing OkObjectResult, writing value of type 'System.Linq.OrderedEnumerable`2[[SkillAssessmentPortal.DTOs.TestLevel.TestLevelResponseDto, SkillAssesmentPortal, Version=1.0.0.0, Culture=neutral, PublicKeyToken=null],[System.String, System.Private.CoreLib, Version=8.0.0.0, Culture=neutral, PublicKeyToken=7cec85d7bea7798e]]'.
2025-11-11 16:48:02.496 +05:30 [INF] Executed action SkillAssessmentPortal.Controllers.TestLevelController.GetTestLevelsByTest (SkillAssesmentPortal) in 16.6854ms
2025-11-11 16:48:02.497 +05:30 [INF] Request starting HTTP/2 GET https://localhost:7186/api/TestLevel/test/6 - null null
2025-11-11 16:48:02.497 +05:30 [INF] Executed endpoint 'SkillAssessmentPortal.Controllers.TestLevelController.GetTestLevelsByTest (SkillAssesmentPortal)'
2025-11-11 16:48:02.499 +05:30 [INF] CORS policy execution successful.
2025-11-11 16:48:02.500 +05:30 [INF] Request finished HTTP/2 GET https://localhost:7186/api/TestLevel/test/6 - 200 null application/json; charset=utf-8 28.4802ms
2025-11-11 16:48:02.500 +05:30 [INF] Executing endpoint 'SkillAssessmentPortal.Controllers.TestLevelController.GetTestLevelsByTest (SkillAssesmentPortal)'
2025-11-11 16:48:02.503 +05:30 [INF] Route matched with {action = "GetTestLevelsByTest", controller = "TestLevel"}. Executing controller action with signature System.Threading.Tasks.Task`1[Microsoft.AspNetCore.Mvc.IActionResult] GetTestLevelsByTest(Int32) on controller SkillAssessmentPortal.Controllers.TestLevelController (SkillAssesmentPortal).
2025-11-11 16:48:02.505 +05:30 [INF] GET /api/TestLevel/test/6 - Fetching test levels by test
2025-11-11 16:48:02.505 +05:30 [INF] Fetching test levels for TestId: 6
2025-11-11 16:48:02.507 +05:30 [INF] Fetching test levels for TestId: 6
2025-11-11 16:48:02.515 +05:30 [INF] Executed DbCommand (5ms) [Parameters=[@__testId_0='?' (DbType = Int32)], CommandType='"Text"', CommandTimeout='30']
SELECT [t].[TestLevelId], [t].[DurationMins], [t].[LevelName], [t].[PassingScore], [t].[TestId], [t].[VideoLink], [q].[QuestionId], [q].[CorrectOption], [q].[OptionA], [q].[OptionB], [q].[OptionC], [q].[OptionD], [q].[QuestionText], [q].[TestLevelId]
FROM [TestLevels] AS [t]
LEFT JOIN [Questions] AS [q] ON [t].[TestLevelId] = [q].[TestLevelId]
WHERE [t].[TestId] = @__testId_0
ORDER BY [t].[TestLevelId]
2025-11-11 16:48:02.518 +05:30 [INF] Retrieved 3 test levels for TestId: 6
2025-11-11 16:48:02.519 +05:30 [INF] Successfully retrieved 3 test levels for TestId: 6
2025-11-11 16:48:02.519 +05:30 [INF] Successfully retrieved 3 test levels for TestId: 6
2025-11-11 16:48:02.520 +05:30 [INF] Executing OkObjectResult, writing value of type 'System.Linq.OrderedEnumerable`2[[SkillAssessmentPortal.DTOs.TestLevel.TestLevelResponseDto, SkillAssesmentPortal, Version=1.0.0.0, Culture=neutral, PublicKeyToken=null],[System.String, System.Private.CoreLib, Version=8.0.0.0, Culture=neutral, PublicKeyToken=7cec85d7bea7798e]]'.
2025-11-11 16:48:02.522 +05:30 [INF] Executed action SkillAssessmentPortal.Controllers.TestLevelController.GetTestLevelsByTest (SkillAssesmentPortal) in 17.4569ms
2025-11-11 16:48:02.523 +05:30 [INF] Executed endpoint 'SkillAssessmentPortal.Controllers.TestLevelController.GetTestLevelsByTest (SkillAssesmentPortal)'
2025-11-11 16:48:02.524 +05:30 [INF] Request finished HTTP/2 GET https://localhost:7186/api/TestLevel/test/6 - 200 null application/json; charset=utf-8 27.1087ms
2025-11-11 16:48:09.626 +05:30 [INF] Request starting HTTP/2 OPTIONS https://localhost:7186/api/Question/testlevel/14 - null null
2025-11-11 16:48:09.627 +05:30 [INF] Request starting HTTP/2 OPTIONS https://localhost:7186/api/Question/testlevel/14 - null null
2025-11-11 16:48:09.631 +05:30 [INF] CORS policy execution successful.
2025-11-11 16:48:09.633 +05:30 [INF] CORS policy execution successful.
2025-11-11 16:48:09.633 +05:30 [INF] Request finished HTTP/2 OPTIONS https://localhost:7186/api/Question/testlevel/14 - 204 null null 7.6043ms
2025-11-11 16:48:09.634 +05:30 [INF] Request finished HTTP/2 OPTIONS https://localhost:7186/api/Question/testlevel/14 - 204 null null 6.9697ms
2025-11-11 16:48:09.636 +05:30 [INF] Request starting HTTP/2 GET https://localhost:7186/api/Question/testlevel/14 - null null
2025-11-11 16:48:09.641 +05:30 [INF] CORS policy execution successful.
2025-11-11 16:48:09.642 +05:30 [INF] Executing endpoint 'SkillAssessmentPortal.Controllers.QuestionController.GetQuestionsByTestLevel (SkillAssesmentPortal)'
2025-11-11 16:48:09.644 +05:30 [INF] Route matched with {action = "GetQuestionsByTestLevel", controller = "Question"}. Executing controller action with signature System.Threading.Tasks.Task`1[Microsoft.AspNetCore.Mvc.IActionResult] GetQuestionsByTestLevel(Int32) on controller SkillAssessmentPortal.Controllers.QuestionController (SkillAssesmentPortal).
2025-11-11 16:48:09.648 +05:30 [INF] GET Questions by TestLevelId: 14
2025-11-11 16:48:09.659 +05:30 [INF] Executed DbCommand (9ms) [Parameters=[@__testLevelId_0='?' (DbType = Int32)], CommandType='"Text"', CommandTimeout='30']
SELECT [q].[QuestionId], [q].[CorrectOption], [q].[OptionA], [q].[OptionB], [q].[OptionC], [q].[OptionD], [q].[QuestionText], [q].[TestLevelId]
FROM [Questions] AS [q]
WHERE [q].[TestLevelId] = @__testLevelId_0
2025-11-11 16:48:09.661 +05:30 [INF] Retrieved 10 questions for TestLevelId: 14
2025-11-11 16:48:09.662 +05:30 [INF] Executing OkObjectResult, writing value of type 'System.Linq.Enumerable+SelectListIterator`2[[Question, SkillAssesmentPortal, Version=1.0.0.0, Culture=neutral, PublicKeyToken=null],[SkillAssessmentPortal.DTOs.Question.QuestionResponseDto, SkillAssesmentPortal, Version=1.0.0.0, Culture=neutral, PublicKeyToken=null]]'.
2025-11-11 16:48:09.662 +05:30 [INF] Executed action SkillAssessmentPortal.Controllers.QuestionController.GetQuestionsByTestLevel (SkillAssesmentPortal) in 17.3236ms
2025-11-11 16:48:09.663 +05:30 [INF] Executed endpoint 'SkillAssessmentPortal.Controllers.QuestionController.GetQuestionsByTestLevel (SkillAssesmentPortal)'
2025-11-11 16:48:09.664 +05:30 [INF] Request starting HTTP/2 GET https://localhost:7186/api/Question/testlevel/14 - null null
2025-11-11 16:48:09.665 +05:30 [INF] Request finished HTTP/2 GET https://localhost:7186/api/Question/testlevel/14 - 200 null application/json; charset=utf-8 28.9763ms
2025-11-11 16:48:09.666 +05:30 [INF] CORS policy execution successful.
2025-11-11 16:48:09.667 +05:30 [INF] Request starting HTTP/2 OPTIONS https://localhost:7186/api/TestLevel/details/14 - null null
2025-11-11 16:48:09.670 +05:30 [INF] Executing endpoint 'SkillAssessmentPortal.Controllers.QuestionController.GetQuestionsByTestLevel (SkillAssesmentPortal)'
2025-11-11 16:48:09.672 +05:30 [INF] CORS policy execution successful.
2025-11-11 16:48:09.672 +05:30 [INF] Route matched with {action = "GetQuestionsByTestLevel", controller = "Question"}. Executing controller action with signature System.Threading.Tasks.Task`1[Microsoft.AspNetCore.Mvc.IActionResult] GetQuestionsByTestLevel(Int32) on controller SkillAssessmentPortal.Controllers.QuestionController (SkillAssesmentPortal).
2025-11-11 16:48:09.673 +05:30 [INF] Request finished HTTP/2 OPTIONS https://localhost:7186/api/TestLevel/details/14 - 204 null null 5.8378ms
2025-11-11 16:48:09.675 +05:30 [INF] Request starting HTTP/2 GET https://localhost:7186/api/TestLevel/details/14 - null null
2025-11-11 16:48:09.678 +05:30 [INF] GET Questions by TestLevelId: 14
2025-11-11 16:48:09.681 +05:30 [INF] CORS policy execution successful.
2025-11-11 16:48:09.683 +05:30 [INF] Executed DbCommand (1ms) [Parameters=[@__testLevelId_0='?' (DbType = Int32)], CommandType='"Text"', CommandTimeout='30']
SELECT [q].[QuestionId], [q].[CorrectOption], [q].[OptionA], [q].[OptionB], [q].[OptionC], [q].[OptionD], [q].[QuestionText], [q].[TestLevelId]
FROM [Questions] AS [q]
WHERE [q].[TestLevelId] = @__testLevelId_0
2025-11-11 16:48:09.686 +05:30 [INF] Request finished HTTP/2 GET https://localhost:7186/api/TestLevel/details/14 - 404 0 null 11.5529ms
2025-11-11 16:48:09.686 +05:30 [INF] Retrieved 10 questions for TestLevelId: 14
2025-11-11 16:48:09.690 +05:30 [INF] Executing OkObjectResult, writing value of type 'System.Linq.Enumerable+SelectListIterator`2[[Question, SkillAssesmentPortal, Version=1.0.0.0, Culture=neutral, PublicKeyToken=null],[SkillAssessmentPortal.DTOs.Question.QuestionResponseDto, SkillAssesmentPortal, Version=1.0.0.0, Culture=neutral, PublicKeyToken=null]]'.
2025-11-11 16:48:09.692 +05:30 [INF] Executed action SkillAssessmentPortal.Controllers.QuestionController.GetQuestionsByTestLevel (SkillAssesmentPortal) in 16.5526ms
2025-11-11 16:48:09.692 +05:30 [INF] Request reached the end of the middleware pipeline without being handled by application code. Request path: GET https://localhost:7186/api/TestLevel/details/14, Response status code: 404
2025-11-11 16:48:09.693 +05:30 [INF] Executed endpoint 'SkillAssessmentPortal.Controllers.QuestionController.GetQuestionsByTestLevel (SkillAssesmentPortal)'
2025-11-11 16:48:09.695 +05:30 [INF] Request finished HTTP/2 GET https://localhost:7186/api/Question/testlevel/14 - 200 null application/json; charset=utf-8 30.8045ms
2025-11-11 16:48:09.697 +05:30 [INF] Request starting HTTP/2 GET https://localhost:7186/api/TestLevel/details/14 - null null
2025-11-11 16:48:09.699 +05:30 [INF] CORS policy execution successful.
2025-11-11 16:48:09.700 +05:30 [INF] Request finished HTTP/2 GET https://localhost:7186/api/TestLevel/details/14 - 404 0 null 2.582ms
2025-11-11 16:48:09.701 +05:30 [INF] Request reached the end of the middleware pipeline without being handled by application code. Request path: GET https://localhost:7186/api/TestLevel/details/14, Response status code: 404
2025-11-11 16:51:34.585 +05:30 [INF] Request starting HTTP/2 OPTIONS https://localhost:7186/api/TestLevel/test/6 - null null
2025-11-11 16:51:34.585 +05:30 [INF] Request starting HTTP/2 OPTIONS https://localhost:7186/api/TestLevel/test/6 - null null
2025-11-11 16:51:34.603 +05:30 [INF] CORS policy execution successful.
2025-11-11 16:51:34.603 +05:30 [INF] CORS policy execution successful.
2025-11-11 16:51:34.606 +05:30 [INF] Request finished HTTP/2 OPTIONS https://localhost:7186/api/TestLevel/test/6 - 204 null null 24.8526ms
2025-11-11 16:51:34.609 +05:30 [INF] Request finished HTTP/2 OPTIONS https://localhost:7186/api/TestLevel/test/6 - 204 null null 27.6197ms
2025-11-11 16:51:34.623 +05:30 [INF] Request starting HTTP/2 GET https://localhost:7186/api/TestLevel/test/6 - null null
2025-11-11 16:51:34.633 +05:30 [INF] CORS policy execution successful.
2025-11-11 16:51:34.644 +05:30 [INF] Executing endpoint 'SkillAssessmentPortal.Controllers.TestLevelController.GetTestLevelsByTest (SkillAssesmentPortal)'
2025-11-11 16:51:34.647 +05:30 [INF] Route matched with {action = "GetTestLevelsByTest", controller = "TestLevel"}. Executing controller action with signature System.Threading.Tasks.Task`1[Microsoft.AspNetCore.Mvc.IActionResult] GetTestLevelsByTest(Int32) on controller SkillAssessmentPortal.Controllers.TestLevelController (SkillAssesmentPortal).
2025-11-11 16:51:34.665 +05:30 [INF] GET /api/TestLevel/test/6 - Fetching test levels by test
2025-11-11 16:51:34.666 +05:30 [INF] Fetching test levels for TestId: 6
2025-11-11 16:51:34.667 +05:30 [INF] Fetching test levels for TestId: 6
2025-11-11 16:51:35.190 +05:30 [INF] Executed DbCommand (488ms) [Parameters=[@__testId_0='?' (DbType = Int32)], CommandType='"Text"', CommandTimeout='30']
SELECT [t].[TestLevelId], [t].[DurationMins], [t].[LevelName], [t].[PassingScore], [t].[TestId], [t].[VideoLink], [q].[QuestionId], [q].[CorrectOption], [q].[OptionA], [q].[OptionB], [q].[OptionC], [q].[OptionD], [q].[QuestionText], [q].[TestLevelId]
FROM [TestLevels] AS [t]
LEFT JOIN [Questions] AS [q] ON [t].[TestLevelId] = [q].[TestLevelId]
WHERE [t].[TestId] = @__testId_0
ORDER BY [t].[TestLevelId]
2025-11-11 16:51:35.209 +05:30 [INF] Retrieved 3 test levels for TestId: 6
2025-11-11 16:51:35.211 +05:30 [INF] Successfully retrieved 3 test levels for TestId: 6
2025-11-11 16:51:35.212 +05:30 [INF] Successfully retrieved 3 test levels for TestId: 6
2025-11-11 16:51:35.215 +05:30 [INF] Executing OkObjectResult, writing value of type 'System.Linq.OrderedEnumerable`2[[SkillAssessmentPortal.DTOs.TestLevel.TestLevelResponseDto, SkillAssesmentPortal, Version=1.0.0.0, Culture=neutral, PublicKeyToken=null],[System.String, System.Private.CoreLib, Version=8.0.0.0, Culture=neutral, PublicKeyToken=7cec85d7bea7798e]]'.
2025-11-11 16:51:35.219 +05:30 [INF] Executed action SkillAssessmentPortal.Controllers.TestLevelController.GetTestLevelsByTest (SkillAssesmentPortal) in 568.6617ms
2025-11-11 16:51:35.221 +05:30 [INF] Executed endpoint 'SkillAssessmentPortal.Controllers.TestLevelController.GetTestLevelsByTest (SkillAssesmentPortal)'
2025-11-11 16:51:35.222 +05:30 [INF] Request finished HTTP/2 GET https://localhost:7186/api/TestLevel/test/6 - 200 null application/json; charset=utf-8 598.7265ms
2025-11-11 16:51:35.224 +05:30 [INF] Request starting HTTP/2 GET https://localhost:7186/api/TestLevel/test/6 - null null
2025-11-11 16:51:35.229 +05:30 [INF] CORS policy execution successful.
2025-11-11 16:51:35.230 +05:30 [INF] Executing endpoint 'SkillAssessmentPortal.Controllers.TestLevelController.GetTestLevelsByTest (SkillAssesmentPortal)'
2025-11-11 16:51:35.231 +05:30 [INF] Route matched with {action = "GetTestLevelsByTest", controller = "TestLevel"}. Executing controller action with signature System.Threading.Tasks.Task`1[Microsoft.AspNetCore.Mvc.IActionResult] GetTestLevelsByTest(Int32) on controller SkillAssessmentPortal.Controllers.TestLevelController (SkillAssesmentPortal).
2025-11-11 16:51:35.234 +05:30 [INF] GET /api/TestLevel/test/6 - Fetching test levels by test
2025-11-11 16:51:35.236 +05:30 [INF] Fetching test levels for TestId: 6
2025-11-11 16:51:35.237 +05:30 [INF] Fetching test levels for TestId: 6
2025-11-11 16:51:35.243 +05:30 [INF] Executed DbCommand (3ms) [Parameters=[@__testId_0='?' (DbType = Int32)], CommandType='"Text"', CommandTimeout='30']
SELECT [t].[TestLevelId], [t].[DurationMins], [t].[LevelName], [t].[PassingScore], [t].[TestId], [t].[VideoLink], [q].[QuestionId], [q].[CorrectOption], [q].[OptionA], [q].[OptionB], [q].[OptionC], [q].[OptionD], [q].[QuestionText], [q].[TestLevelId]
FROM [TestLevels] AS [t]
LEFT JOIN [Questions] AS [q] ON [t].[TestLevelId] = [q].[TestLevelId]
WHERE [t].[TestId] = @__testId_0
ORDER BY [t].[TestLevelId]
2025-11-11 16:51:35.247 +05:30 [INF] Retrieved 3 test levels for TestId: 6
2025-11-11 16:51:35.248 +05:30 [INF] Successfully retrieved 3 test levels for TestId: 6
2025-11-11 16:51:35.249 +05:30 [INF] Successfully retrieved 3 test levels for TestId: 6
2025-11-11 16:51:35.250 +05:30 [INF] Executing OkObjectResult, writing value of type 'System.Linq.OrderedEnumerable`2[[SkillAssessmentPortal.DTOs.TestLevel.TestLevelResponseDto, SkillAssesmentPortal, Version=1.0.0.0, Culture=neutral, PublicKeyToken=null],[System.String, System.Private.CoreLib, Version=8.0.0.0, Culture=neutral, PublicKeyToken=7cec85d7bea7798e]]'.
2025-11-11 16:51:35.251 +05:30 [INF] Executed action SkillAssessmentPortal.Controllers.TestLevelController.GetTestLevelsByTest (SkillAssesmentPortal) in 17.6788ms
2025-11-11 16:51:35.253 +05:30 [INF] Executed endpoint 'SkillAssessmentPortal.Controllers.TestLevelController.GetTestLevelsByTest (SkillAssesmentPortal)'
2025-11-11 16:51:35.254 +05:30 [INF] Request finished HTTP/2 GET https://localhost:7186/api/TestLevel/test/6 - 200 null application/json; charset=utf-8 29.9691ms
2025-11-11 16:59:58.227 +05:30 [INF] Request starting HTTP/2 OPTIONS https://localhost:7186/api/TestLevel/test/6 - null null
2025-11-11 16:59:59.244 +05:30 [INF] CORS policy execution successful.
2025-11-11 16:59:59.391 +05:30 [INF] Request finished HTTP/2 OPTIONS https://localhost:7186/api/TestLevel/test/6 - 204 null null 1178.6043ms
2025-11-11 16:59:59.538 +05:30 [INF] Request starting HTTP/2 GET https://localhost:7186/api/TestLevel/test/6 - null null
2025-11-11 17:00:00.963 +05:30 [INF] CORS policy execution successful.
2025-11-11 17:00:01.006 +05:30 [INF] Executing endpoint 'SkillAssessmentPortal.Controllers.TestLevelController.GetTestLevelsByTest (SkillAssesmentPortal)'
2025-11-11 17:00:01.024 +05:30 [INF] Route matched with {action = "GetTestLevelsByTest", controller = "TestLevel"}. Executing controller action with signature System.Threading.Tasks.Task`1[Microsoft.AspNetCore.Mvc.IActionResult] GetTestLevelsByTest(Int32) on controller SkillAssessmentPortal.Controllers.TestLevelController (SkillAssesmentPortal).
2025-11-11 17:00:01.097 +05:30 [INF] GET /api/TestLevel/test/6 - Fetching test levels by test
2025-11-11 17:00:01.114 +05:30 [INF] Fetching test levels for TestId: 6
2025-11-11 17:00:01.120 +05:30 [INF] Fetching test levels for TestId: 6
2025-11-11 17:00:02.003 +05:30 [INF] Executed DbCommand (352ms) [Parameters=[@__testId_0='?' (DbType = Int32)], CommandType='"Text"', CommandTimeout='30']
SELECT [t].[TestLevelId], [t].[DurationMins], [t].[LevelName], [t].[PassingScore], [t].[TestId], [t].[VideoLink], [q].[QuestionId], [q].[CorrectOption], [q].[OptionA], [q].[OptionB], [q].[OptionC], [q].[OptionD], [q].[QuestionText], [q].[TestLevelId]
FROM [TestLevels] AS [t]
LEFT JOIN [Questions] AS [q] ON [t].[TestLevelId] = [q].[TestLevelId]
WHERE [t].[TestId] = @__testId_0
ORDER BY [t].[TestLevelId]
2025-11-11 17:00:02.143 +05:30 [INF] Retrieved 3 test levels for TestId: 6
2025-11-11 17:00:02.155 +05:30 [INF] Successfully retrieved 3 test levels for TestId: 6
2025-11-11 17:00:02.166 +05:30 [INF] Successfully retrieved 3 test levels for TestId: 6
2025-11-11 17:00:02.178 +05:30 [INF] Executing OkObjectResult, writing value of type 'System.Linq.OrderedEnumerable`2[[SkillAssessmentPortal.DTOs.TestLevel.TestLevelResponseDto, SkillAssesmentPortal, Version=1.0.0.0, Culture=neutral, PublicKeyToken=null],[System.String, System.Private.CoreLib, Version=8.0.0.0, Culture=neutral, PublicKeyToken=7cec85d7bea7798e]]'.
2025-11-11 17:00:02.192 +05:30 [INF] Executed action SkillAssessmentPortal.Controllers.TestLevelController.GetTestLevelsByTest (SkillAssesmentPortal) in 1140.8279ms
2025-11-11 17:00:02.197 +05:30 [INF] Executed endpoint 'SkillAssessmentPortal.Controllers.TestLevelController.GetTestLevelsByTest (SkillAssesmentPortal)'
2025-11-11 17:00:02.201 +05:30 [INF] Request finished HTTP/2 GET https://localhost:7186/api/TestLevel/test/6 - 200 null application/json; charset=utf-8 2764.2707ms
2025-11-11 17:02:17.289 +05:30 [INF] Request starting HTTP/2 OPTIONS https://localhost:7186/api/TestLevel/test/6 - null null
2025-11-11 17:02:17.289 +05:30 [INF] Request starting HTTP/2 OPTIONS https://localhost:7186/api/TestLevel/test/6 - null null
2025-11-11 17:02:17.352 +05:30 [INF] CORS policy execution successful.
2025-11-11 17:02:17.369 +05:30 [INF] CORS policy execution successful.
2025-11-11 17:02:17.372 +05:30 [INF] Request finished HTTP/2 OPTIONS https://localhost:7186/api/TestLevel/test/6 - 204 null null 91.8746ms
2025-11-11 17:02:17.375 +05:30 [INF] Request finished HTTP/2 OPTIONS https://localhost:7186/api/TestLevel/test/6 - 204 null null 94.3947ms
2025-11-11 17:02:17.398 +05:30 [INF] Request starting HTTP/2 GET https://localhost:7186/api/TestLevel/test/6 - null null
2025-11-11 17:02:17.432 +05:30 [INF] CORS policy execution successful.
2025-11-11 17:02:17.443 +05:30 [INF] Executing endpoint 'SkillAssessmentPortal.Controllers.TestLevelController.GetTestLevelsByTest (SkillAssesmentPortal)'
2025-11-11 17:02:17.448 +05:30 [INF] Route matched with {action = "GetTestLevelsByTest", controller = "TestLevel"}. Executing controller action with signature System.Threading.Tasks.Task`1[Microsoft.AspNetCore.Mvc.IActionResult] GetTestLevelsByTest(Int32) on controller SkillAssessmentPortal.Controllers.TestLevelController (SkillAssesmentPortal).
2025-11-11 17:02:17.463 +05:30 [INF] GET /api/TestLevel/test/6 - Fetching test levels by test
2025-11-11 17:02:17.466 +05:30 [INF] Fetching test levels for TestId: 6
2025-11-11 17:02:17.469 +05:30 [INF] Fetching test levels for TestId: 6
2025-11-11 17:02:17.780 +05:30 [INF] Executed DbCommand (288ms) [Parameters=[@__testId_0='?' (DbType = Int32)], CommandType='"Text"', CommandTimeout='30']
SELECT [t].[TestLevelId], [t].[DurationMins], [t].[LevelName], [t].[PassingScore], [t].[TestId], [t].[VideoLink], [q].[QuestionId], [q].[CorrectOption], [q].[OptionA], [q].[OptionB], [q].[OptionC], [q].[OptionD], [q].[QuestionText], [q].[TestLevelId]
FROM [TestLevels] AS [t]
LEFT JOIN [Questions] AS [q] ON [t].[TestLevelId] = [q].[TestLevelId]
WHERE [t].[TestId] = @__testId_0
ORDER BY [t].[TestLevelId]
2025-11-11 17:02:17.792 +05:30 [INF] Retrieved 3 test levels for TestId: 6
2025-11-11 17:02:17.797 +05:30 [INF] Successfully retrieved 3 test levels for TestId: 6
2025-11-11 17:02:17.801 +05:30 [INF] Successfully retrieved 3 test levels for TestId: 6
2025-11-11 17:02:17.809 +05:30 [INF] Executing OkObjectResult, writing value of type 'System.Linq.OrderedEnumerable`2[[SkillAssessmentPortal.DTOs.TestLevel.TestLevelResponseDto, SkillAssesmentPortal, Version=1.0.0.0, Culture=neutral, PublicKeyToken=null],[System.String, System.Private.CoreLib, Version=8.0.0.0, Culture=neutral, PublicKeyToken=7cec85d7bea7798e]]'.
2025-11-11 17:02:17.814 +05:30 [INF] Executed action SkillAssessmentPortal.Controllers.TestLevelController.GetTestLevelsByTest (SkillAssesmentPortal) in 360.3918ms
2025-11-11 17:02:17.819 +05:30 [INF] Request starting HTTP/2 GET https://localhost:7186/api/TestLevel/test/6 - null null
2025-11-11 17:02:17.824 +05:30 [INF] Executed endpoint 'SkillAssessmentPortal.Controllers.TestLevelController.GetTestLevelsByTest (SkillAssesmentPortal)'
2025-11-11 17:02:17.834 +05:30 [INF] CORS policy execution successful.
2025-11-11 17:02:17.839 +05:30 [INF] Request finished HTTP/2 GET https://localhost:7186/api/TestLevel/test/6 - 200 null application/json; charset=utf-8 441.1636ms
2025-11-11 17:02:17.845 +05:30 [INF] Executing endpoint 'SkillAssessmentPortal.Controllers.TestLevelController.GetTestLevelsByTest (SkillAssesmentPortal)'
2025-11-11 17:02:17.870 +05:30 [INF] Route matched with {action = "GetTestLevelsByTest", controller = "TestLevel"}. Executing controller action with signature System.Threading.Tasks.Task`1[Microsoft.AspNetCore.Mvc.IActionResult] GetTestLevelsByTest(Int32) on controller SkillAssessmentPortal.Controllers.TestLevelController (SkillAssesmentPortal).
2025-11-11 17:02:17.880 +05:30 [INF] GET /api/TestLevel/test/6 - Fetching test levels by test
2025-11-11 17:02:17.883 +05:30 [INF] Fetching test levels for TestId: 6
2025-11-11 17:02:17.885 +05:30 [INF] Fetching test levels for TestId: 6
2025-11-11 17:02:17.912 +05:30 [INF] Executed DbCommand (14ms) [Parameters=[@__testId_0='?' (DbType = Int32)], CommandType='"Text"', CommandTimeout='30']
SELECT [t].[TestLevelId], [t].[DurationMins], [t].[LevelName], [t].[PassingScore], [t].[TestId], [t].[VideoLink], [q].[QuestionId], [q].[CorrectOption], [q].[OptionA], [q].[OptionB], [q].[OptionC], [q].[OptionD], [q].[QuestionText], [q].[TestLevelId]
FROM [TestLevels] AS [t]
LEFT JOIN [Questions] AS [q] ON [t].[TestLevelId] = [q].[TestLevelId]
WHERE [t].[TestId] = @__testId_0
ORDER BY [t].[TestLevelId]
2025-11-11 17:02:17.920 +05:30 [INF] Retrieved 3 test levels for TestId: 6
2025-11-11 17:02:17.927 +05:30 [INF] Successfully retrieved 3 test levels for TestId: 6
2025-11-11 17:02:17.930 +05:30 [INF] Successfully retrieved 3 test levels for TestId: 6
2025-11-11 17:02:17.933 +05:30 [INF] Executing OkObjectResult, writing value of type 'System.Linq.OrderedEnumerable`2[[SkillAssessmentPortal.DTOs.TestLevel.TestLevelResponseDto, SkillAssesmentPortal, Version=1.0.0.0, Culture=neutral, PublicKeyToken=null],[System.String, System.Private.CoreLib, Version=8.0.0.0, Culture=neutral, PublicKeyToken=7cec85d7bea7798e]]'.
2025-11-11 17:02:17.948 +05:30 [INF] Executed action SkillAssessmentPortal.Controllers.TestLevelController.GetTestLevelsByTest (SkillAssesmentPortal) in 68.6204ms
2025-11-11 17:02:17.956 +05:30 [INF] Executed endpoint 'SkillAssessmentPortal.Controllers.TestLevelController.GetTestLevelsByTest (SkillAssesmentPortal)'
2025-11-11 17:02:17.961 +05:30 [INF] Request finished HTTP/2 GET https://localhost:7186/api/TestLevel/test/6 - 200 null application/json; charset=utf-8 142.3844ms
2025-11-11 17:02:26.030 +05:30 [INF] Request starting HTTP/2 OPTIONS https://localhost:7186/api/Question/testlevel/14 - null null
2025-11-11 17:02:26.030 +05:30 [INF] Request starting HTTP/2 OPTIONS https://localhost:7186/api/Question/testlevel/14 - null null
2025-11-11 17:02:26.047 +05:30 [INF] CORS policy execution successful.
2025-11-11 17:02:26.049 +05:30 [INF] CORS policy execution successful.
2025-11-11 17:02:26.050 +05:30 [INF] Request finished HTTP/2 OPTIONS https://localhost:7186/api/Question/testlevel/14 - 204 null null 20.1572ms
2025-11-11 17:02:26.051 +05:30 [INF] Request finished HTTP/2 OPTIONS https://localhost:7186/api/Question/testlevel/14 - 204 null null 21.5014ms
2025-11-11 17:02:26.053 +05:30 [INF] Request starting HTTP/2 GET https://localhost:7186/api/Question/testlevel/14 - null null
2025-11-11 17:02:26.060 +05:30 [INF] CORS policy execution successful.
2025-11-11 17:02:26.062 +05:30 [INF] Executing endpoint 'SkillAssessmentPortal.Controllers.QuestionController.GetQuestionsByTestLevel (SkillAssesmentPortal)'
2025-11-11 17:02:26.063 +05:30 [INF] Route matched with {action = "GetQuestionsByTestLevel", controller = "Question"}. Executing controller action with signature System.Threading.Tasks.Task`1[Microsoft.AspNetCore.Mvc.IActionResult] GetQuestionsByTestLevel(Int32) on controller SkillAssessmentPortal.Controllers.QuestionController (SkillAssesmentPortal).
2025-11-11 17:02:26.067 +05:30 [INF] GET Questions by TestLevelId: 14
2025-11-11 17:02:26.095 +05:30 [INF] Executed DbCommand (21ms) [Parameters=[@__testLevelId_0='?' (DbType = Int32)], CommandType='"Text"', CommandTimeout='30']
SELECT [q].[QuestionId], [q].[CorrectOption], [q].[OptionA], [q].[OptionB], [q].[OptionC], [q].[OptionD], [q].[QuestionText], [q].[TestLevelId]
FROM [Questions] AS [q]
WHERE [q].[TestLevelId] = @__testLevelId_0
2025-11-11 17:02:26.101 +05:30 [INF] Retrieved 10 questions for TestLevelId: 14
2025-11-11 17:02:26.104 +05:30 [INF] Executing OkObjectResult, writing value of type 'System.Linq.Enumerable+SelectListIterator`2[[Question, SkillAssesmentPortal, Version=1.0.0.0, Culture=neutral, PublicKeyToken=null],[SkillAssessmentPortal.DTOs.Question.QuestionResponseDto, SkillAssesmentPortal, Version=1.0.0.0, Culture=neutral, PublicKeyToken=null]]'.
2025-11-11 17:02:26.110 +05:30 [INF] Executed action SkillAssessmentPortal.Controllers.QuestionController.GetQuestionsByTestLevel (SkillAssesmentPortal) in 45.2078ms
2025-11-11 17:02:26.113 +05:30 [INF] Executed endpoint 'SkillAssessmentPortal.Controllers.QuestionController.GetQuestionsByTestLevel (SkillAssesmentPortal)'
2025-11-11 17:02:26.113 +05:30 [INF] Request starting HTTP/2 GET https://localhost:7186/api/Question/testlevel/14 - null null
2025-11-11 17:02:26.115 +05:30 [INF] Request finished HTTP/2 GET https://localhost:7186/api/Question/testlevel/14 - 200 null application/json; charset=utf-8 61.5854ms
2025-11-11 17:02:26.120 +05:30 [INF] Request starting HTTP/2 OPTIONS https://localhost:7186/api/TestLevel/details/14 - null null
2025-11-11 17:02:26.117 +05:30 [INF] CORS policy execution successful.
2025-11-11 17:02:26.129 +05:30 [INF] CORS policy execution successful.
2025-11-11 17:02:26.133 +05:30 [INF] Executing endpoint 'SkillAssessmentPortal.Controllers.QuestionController.GetQuestionsByTestLevel (SkillAssesmentPortal)'
2025-11-11 17:02:26.133 +05:30 [INF] Request finished HTTP/2 OPTIONS https://localhost:7186/api/TestLevel/details/14 - 204 null null 14.2991ms
2025-11-11 17:02:26.135 +05:30 [INF] Route matched with {action = "GetQuestionsByTestLevel", controller = "Question"}. Executing controller action with signature System.Threading.Tasks.Task`1[Microsoft.AspNetCore.Mvc.IActionResult] GetQuestionsByTestLevel(Int32) on controller SkillAssessmentPortal.Controllers.QuestionController (SkillAssesmentPortal).
2025-11-11 17:02:26.137 +05:30 [INF] Request starting HTTP/2 GET https://localhost:7186/api/TestLevel/details/14 - null null
2025-11-11 17:02:26.146 +05:30 [INF] CORS policy execution successful.
2025-11-11 17:02:26.147 +05:30 [INF] GET Questions by TestLevelId: 14
2025-11-11 17:02:26.153 +05:30 [INF] Request finished HTTP/2 GET https://localhost:7186/api/TestLevel/details/14 - 404 0 null 15.7627ms
2025-11-11 17:02:26.155 +05:30 [INF] Executed DbCommand (5ms) [Parameters=[@__testLevelId_0='?' (DbType = Int32)], CommandType='"Text"', CommandTimeout='30']
SELECT [q].[QuestionId], [q].[CorrectOption], [q].[OptionA], [q].[OptionB], [q].[OptionC], [q].[OptionD], [q].[QuestionText], [q].[TestLevelId]
FROM [Questions] AS [q]
WHERE [q].[TestLevelId] = @__testLevelId_0
2025-11-11 17:02:26.163 +05:30 [INF] Request reached the end of the middleware pipeline without being handled by application code. Request path: GET https://localhost:7186/api/TestLevel/details/14, Response status code: 404
2025-11-11 17:02:26.165 +05:30 [INF] Retrieved 10 questions for TestLevelId: 14
2025-11-11 17:02:26.167 +05:30 [INF] Executing OkObjectResult, writing value of type 'System.Linq.Enumerable+SelectListIterator`2[[Question, SkillAssesmentPortal, Version=1.0.0.0, Culture=neutral, PublicKeyToken=null],[SkillAssessmentPortal.DTOs.Question.QuestionResponseDto, SkillAssesmentPortal, Version=1.0.0.0, Culture=neutral, PublicKeyToken=null]]'.
2025-11-11 17:02:26.169 +05:30 [INF] Executed action SkillAssessmentPortal.Controllers.QuestionController.GetQuestionsByTestLevel (SkillAssesmentPortal) in 27.1187ms
2025-11-11 17:02:26.170 +05:30 [INF] Executed endpoint 'SkillAssessmentPortal.Controllers.QuestionController.GetQuestionsByTestLevel (SkillAssesmentPortal)'
2025-11-11 17:02:26.171 +05:30 [INF] Request finished HTTP/2 GET https://localhost:7186/api/Question/testlevel/14 - 200 null application/json; charset=utf-8 58.3694ms
2025-11-11 17:02:26.176 +05:30 [INF] Request starting HTTP/2 GET https://localhost:7186/api/TestLevel/details/14 - null null
2025-11-11 17:02:26.182 +05:30 [INF] CORS policy execution successful.
2025-11-11 17:02:26.184 +05:30 [INF] Request finished HTTP/2 GET https://localhost:7186/api/TestLevel/details/14 - 404 0 null 9.6562ms
2025-11-11 17:02:26.191 +05:30 [INF] Request reached the end of the middleware pipeline without being handled by application code. Request path: GET https://localhost:7186/api/TestLevel/details/14, Response status code: 404
2025-11-11 17:03:04.762 +05:30 [INF] Request starting HTTP/2 OPTIONS https://localhost:7186/api/Result/submit - null null
2025-11-11 17:03:04.797 +05:30 [INF] CORS policy execution successful.
2025-11-11 17:03:04.800 +05:30 [INF] Request finished HTTP/2 OPTIONS https://localhost:7186/api/Result/submit - 204 null null 38.4387ms
2025-11-11 17:03:04.803 +05:30 [INF] Request starting HTTP/2 POST https://localhost:7186/api/Result/submit - application/json 389
2025-11-11 17:03:04.812 +05:30 [INF] CORS policy execution successful.
2025-11-11 17:03:04.814 +05:30 [INF] Executing endpoint 'SkillAssessmentPortal.Controllers.ResultController.SubmitResult (SkillAssesmentPortal)'
2025-11-11 17:03:04.865 +05:30 [INF] Route matched with {action = "SubmitResult", controller = "Result"}. Executing controller action with signature System.Threading.Tasks.Task`1[Microsoft.AspNetCore.Mvc.IActionResult] SubmitResult(SkillAssessmentPortal.DTOs.Result.ResultCreateDto) on controller SkillAssessmentPortal.Controllers.ResultController (SkillAssesmentPortal).
2025-11-11 17:03:05.049 +05:30 [INF] Validating test submission for UserId: 0, TestId: 0, TestLevelId: 14
2025-11-11 17:03:05.069 +05:30 [INF] Validating test attempt for UserId: 0, TestId: 0
2025-11-11 17:03:05.087 +05:30 [INF] Fetching test by ID: 0
2025-11-11 17:03:05.249 +05:30 [INF] Executed DbCommand (12ms) [Parameters=[@__id_0='?' (DbType = Int32)], CommandType='"Text"', CommandTimeout='30']
SELECT TOP(1) [t].[TestId], [t].[CategoryId], [t].[CreatedAt], [t].[CreatedBy], [t].[DurationMins], [t].[TestName], [t].[TotalMarks], [t].[TotalQuestions], [c].[CategoryId], [c].[CategoryName], [c].[Description], [u].[UserId], [u].[CreatedAt], [u].[Email], [u].[Name], [u].[PasswordHash], [u].[Role]
FROM [Tests] AS [t]
INNER JOIN [Categories] AS [c] ON [t].[CategoryId] = [c].[CategoryId]
INNER JOIN [Users] AS [u] ON [t].[CreatedBy] = [u].[UserId]
WHERE [t].[TestId] = @__id_0
2025-11-11 17:03:05.254 +05:30 [WRN] Test not found for ID: 0
2025-11-11 17:03:05.264 +05:30 [WRN] Test attempt validation failed - Test 0 expired for UserId: 0
2025-11-11 17:03:05.266 +05:30 [WRN] Test submission validation failed for UserId: 0, TestId: 0 - Test duration expired. You can no longer attempt this test.
2025-11-11 17:03:05.268 +05:30 [INF] Executing BadRequestObjectResult, writing value of type '<>f__AnonymousType0`1[[System.String, System.Private.CoreLib, Version=8.0.0.0, Culture=neutral, PublicKeyToken=7cec85d7bea7798e]]'.
2025-11-11 17:03:05.293 +05:30 [INF] Executed action SkillAssessmentPortal.Controllers.ResultController.SubmitResult (SkillAssesmentPortal) in 424.9437ms
2025-11-11 17:03:05.295 +05:30 [INF] Executed endpoint 'SkillAssessmentPortal.Controllers.ResultController.SubmitResult (SkillAssesmentPortal)'
2025-11-11 17:03:05.296 +05:30 [INF] Request finished HTTP/2 POST https://localhost:7186/api/Result/submit - 400 null application/json; charset=utf-8 492.9996ms
2025-11-11 17:03:16.427 +05:30 [INF] Request starting HTTP/2 OPTIONS https://localhost:7186/api/Result/submit - null null
2025-11-11 17:03:16.429 +05:30 [INF] CORS policy execution successful.
2025-11-11 17:03:16.429 +05:30 [INF] Request finished HTTP/2 OPTIONS https://localhost:7186/api/Result/submit - 204 null null 3.0159ms
2025-11-11 17:03:16.431 +05:30 [INF] Request starting HTTP/2 POST https://localhost:7186/api/Result/submit - application/json 429
2025-11-11 17:03:16.433 +05:30 [INF] CORS policy execution successful.
2025-11-11 17:03:16.434 +05:30 [INF] Executing endpoint 'SkillAssessmentPortal.Controllers.ResultController.SubmitResult (SkillAssesmentPortal)'
2025-11-11 17:03:16.435 +05:30 [INF] Route matched with {action = "SubmitResult", controller = "Result"}. Executing controller action with signature System.Threading.Tasks.Task`1[Microsoft.AspNetCore.Mvc.IActionResult] SubmitResult(SkillAssessmentPortal.DTOs.Result.ResultCreateDto) on controller SkillAssessmentPortal.Controllers.ResultController (SkillAssesmentPortal).
2025-11-11 17:03:16.439 +05:30 [INF] Validating test submission for UserId: 0, TestId: 0, TestLevelId: 14
2025-11-11 17:03:16.441 +05:30 [INF] Validating test attempt for UserId: 0, TestId: 0
2025-11-11 17:03:16.442 +05:30 [INF] Fetching test by ID: 0
2025-11-11 17:03:16.446 +05:30 [INF] Executed DbCommand (2ms) [Parameters=[@__id_0='?' (DbType = Int32)], CommandType='"Text"', CommandTimeout='30']
SELECT TOP(1) [t].[TestId], [t].[CategoryId], [t].[CreatedAt], [t].[CreatedBy], [t].[DurationMins], [t].[TestName], [t].[TotalMarks], [t].[TotalQuestions], [c].[CategoryId], [c].[CategoryName], [c].[Description], [u].[UserId], [u].[CreatedAt], [u].[Email], [u].[Name], [u].[PasswordHash], [u].[Role]
FROM [Tests] AS [t]
INNER JOIN [Categories] AS [c] ON [t].[CategoryId] = [c].[CategoryId]
INNER JOIN [Users] AS [u] ON [t].[CreatedBy] = [u].[UserId]
WHERE [t].[TestId] = @__id_0
2025-11-11 17:03:16.448 +05:30 [WRN] Test not found for ID: 0
2025-11-11 17:03:16.448 +05:30 [WRN] Test attempt validation failed - Test 0 expired for UserId: 0
2025-11-11 17:03:16.449 +05:30 [WRN] Test submission validation failed for UserId: 0, TestId: 0 - Test duration expired. You can no longer attempt this test.
2025-11-11 17:03:16.450 +05:30 [INF] Executing BadRequestObjectResult, writing value of type '<>f__AnonymousType0`1[[System.String, System.Private.CoreLib, Version=8.0.0.0, Culture=neutral, PublicKeyToken=7cec85d7bea7798e]]'.
2025-11-11 17:03:16.451 +05:30 [INF] Executed action SkillAssessmentPortal.Controllers.ResultController.SubmitResult (SkillAssesmentPortal) in 14.5405ms
2025-11-11 17:03:16.452 +05:30 [INF] Executed endpoint 'SkillAssessmentPortal.Controllers.ResultController.SubmitResult (SkillAssesmentPortal)'
2025-11-11 17:03:16.453 +05:30 [INF] Request finished HTTP/2 POST https://localhost:7186/api/Result/submit - 400 null application/json; charset=utf-8 21.8427ms
2025-11-11 17:03:24.258 +05:30 [INF] Request starting HTTP/2 OPTIONS https://localhost:7186/api/Result/submit - null null
2025-11-11 17:03:24.278 +05:30 [INF] CORS policy execution successful.
2025-11-11 17:03:24.280 +05:30 [INF] Request finished HTTP/2 OPTIONS https://localhost:7186/api/Result/submit - 204 null null 21.4716ms
2025-11-11 17:03:24.283 +05:30 [INF] Request starting HTTP/2 POST https://localhost:7186/api/Result/submit - application/json 429
2025-11-11 17:03:24.292 +05:30 [INF] CORS policy execution successful.
2025-11-11 17:03:24.294 +05:30 [INF] Executing endpoint 'SkillAssessmentPortal.Controllers.ResultController.SubmitResult (SkillAssesmentPortal)'
2025-11-11 17:03:24.295 +05:30 [INF] Route matched with {action = "SubmitResult", controller = "Result"}. Executing controller action with signature System.Threading.Tasks.Task`1[Microsoft.AspNetCore.Mvc.IActionResult] SubmitResult(SkillAssessmentPortal.DTOs.Result.ResultCreateDto) on controller SkillAssessmentPortal.Controllers.ResultController (SkillAssesmentPortal).
2025-11-11 17:03:24.301 +05:30 [INF] Validating test submission for UserId: 0, TestId: 0, TestLevelId: 14
2025-11-11 17:03:24.302 +05:30 [INF] Validating test attempt for UserId: 0, TestId: 0
2025-11-11 17:03:24.303 +05:30 [INF] Fetching test by ID: 0
2025-11-11 17:03:24.305 +05:30 [INF] Executed DbCommand (1ms) [Parameters=[@__id_0='?' (DbType = Int32)], CommandType='"Text"', CommandTimeout='30']
SELECT TOP(1) [t].[TestId], [t].[CategoryId], [t].[CreatedAt], [t].[CreatedBy], [t].[DurationMins], [t].[TestName], [t].[TotalMarks], [t].[TotalQuestions], [c].[CategoryId], [c].[CategoryName], [c].[Description], [u].[UserId], [u].[CreatedAt], [u].[Email], [u].[Name], [u].[PasswordHash], [u].[Role]
FROM [Tests] AS [t]
INNER JOIN [Categories] AS [c] ON [t].[CategoryId] = [c].[CategoryId]
INNER JOIN [Users] AS [u] ON [t].[CreatedBy] = [u].[UserId]
WHERE [t].[TestId] = @__id_0
2025-11-11 17:03:24.310 +05:30 [WRN] Test not found for ID: 0
2025-11-11 17:03:24.311 +05:30 [WRN] Test attempt validation failed - Test 0 expired for UserId: 0
2025-11-11 17:03:24.312 +05:30 [WRN] Test submission validation failed for UserId: 0, TestId: 0 - Test duration expired. You can no longer attempt this test.
2025-11-11 17:03:24.315 +05:30 [INF] Executing BadRequestObjectResult, writing value of type '<>f__AnonymousType0`1[[System.String, System.Private.CoreLib, Version=8.0.0.0, Culture=neutral, PublicKeyToken=7cec85d7bea7798e]]'.
2025-11-11 17:03:24.316 +05:30 [INF] Executed action SkillAssessmentPortal.Controllers.ResultController.SubmitResult (SkillAssesmentPortal) in 19.597ms
2025-11-11 17:03:24.317 +05:30 [INF] Executed endpoint 'SkillAssessmentPortal.Controllers.ResultController.SubmitResult (SkillAssesmentPortal)'
2025-11-11 17:03:24.318 +05:30 [INF] Request finished HTTP/2 POST https://localhost:7186/api/Result/submit - 400 null application/json; charset=utf-8 36.2064ms
